,time,accel,X,Y,Z,gyro
0,0.0,10.33465559923613,1.0202452511999756,1.7230990754228086,-0.8186242913894355,2.163357697370431
1,100.0,10.152722042530721,0.4530908991638571,0.3076395141810178,-1.408236953777075,1.5109813869052062
2,200.0,9.338248919121659,-0.1028983040624298,-1.094678758398816,0.8174961891951039,1.3701130115494176
3,300.0,9.624544124483464,-1.0990679035618902,-0.1708697029438801,1.869102425265312,2.1750150776849178
4,400.0,10.345658473963596,-0.4451873269314877,1.364330134215206,-0.1197201455283444,1.4401115874936266
5,500.0,10.280170275875605,1.661192246362567,0.9825706613190472,-1.6154427691698074,2.5168750712586188
6,600.0,9.510816105040302,0.7037748862339184,0.3819695546491071,0.1375322313758544,0.8124745816575577
7,700.0,9.365064220005806,-0.2372145557259209,-1.302643898999691,0.908742586573586,1.605915614751228
8,800.0,10.313893992344404,-0.3524089389187284,-0.1619123868922703,0.3750691934902221,0.5395225492640524
9,900.0,10.305019715540643,2.01269461074695,2.1443311861418186,-1.0791845754481852,3.1326881715031063
10,1000.0,9.740727243766539,0.143453367173206,0.2673938907667994,-0.7743729206772522,0.8317041431007517
11,1100.0,9.441158410615888,-0.5619893397945911,-0.5280352299900726,1.1166355832755566,1.3570291993876076
12,1200.0,10.161133140449119,-0.5699005159512163,-0.3035985753879882,0.4200569709160365,0.7703288595620926
13,1300.0,10.487023815018128,0.6122302549419925,0.8126512888245284,-0.6000200601350516,1.1812078880785444
14,1400.0,9.606497657240517,0.2386142647585831,0.3315941701043397,-0.2721298815976828,0.49086264214323116
15,1500.0,9.491338956101256,0.1865641892676707,-0.8398355048021302,1.1993863428667189,1.476027598420353
16,1600.0,10.253706958652062,-0.2043063056718092,-0.6372954039718955,0.621742737505585,0.9134826380954938
17,1700.0,10.416434174840253,1.204589774936065,1.7665434696681797,-0.8341500639762729,2.2951075541985895
18,1800.0,9.674896361031218,0.655425027028285,-1.2858120657105,0.1719376407550648,1.453429457073906
19,1900.0,9.09912404894475,-0.2080893113499507,2.087569305635244,-0.1512778719335328,2.1033620139826743
20,2000.0,10.115950506938114,6.215500407247245,-0.2693979383549653,-0.9937760175459088,6.300207245379312
21,2100.0,10.832917133509072,9.14839877281487,1.319453854331374,-0.0652221733863232,9.243290134581505
22,2200.0,10.32680443371579,-0.9515043885447084,5.393235410284996,0.0949057325657224,5.477349348931986
23,2300.0,10.484871428516218,15.23003638908863,-0.0300269063750398,-2.5834599997110663,15.447626859753488
24,2400.0,10.198795215240553,15.050163292980194,-2.9748720274597407,-2.890038059426844,15.611201065583217
25,2500.0,11.802949997986206,9.91210896397233,4.439652295611799,4.156639891062677,11.629190505085264
26,2600.0,10.889349640351977,26.776709243649243,-11.113777871498463,4.237822267904877,29.299613548138996
27,2700.0,9.32939443681035,-4.962454371526837,-6.67826936776042,9.643503141081332,12.736655289749287
28,2800.0,9.854942430368318,-5.642206566725672,-1.7402497932828962,11.971961565488575,13.348813730446578
29,2900.0,11.095524227154485,12.792592865994571,-6.984766959281266,8.572076596087218,16.90910698055189
30,3000.0,9.948017432564173,-2.7948217732563614,-12.313012669488788,6.548392847366631,14.223317426912109
31,3100.0,9.916617092018585,-13.713852525749802,6.835044890271127,13.718924796795845,20.566878405100166
32,3200.0,10.531744541289816,9.787648358640077,5.6365242741912605,9.795222187364102,14.95041283663321
33,3300.0,9.764161007124986,-14.080620154944064,9.689638524100184,8.907765145897866,19.27436739740156
34,3400.0,10.054231764442697,4.737597206573188,3.0456486073806883,3.1518922379091383,6.454086101901792
35,3500.0,10.462607085852586,9.730451480305195,2.678475222115964,-0.5231865943584592,10.105921023765182
36,3600.0,11.038747194280123,4.142082191415131,2.339178623586148,3.6993636852666736,6.026100993955427
37,3700.0,10.60980495642914,1.7652997344642878,0.7512778550405055,-1.5733194833926856,2.4811359827298816
38,3800.0,10.954937430575683,-3.5666712049372493,1.7850888272780925,-4.876916039983928,6.3001583842355995
39,3900.0,10.554668953892019,3.407630406689644,0.2963497944155708,-10.573505446100237,11.113000747231025
40,4000.0,10.50396610123317,-0.7838787864927202,2.3824291044227777,-17.420620565611124,17.60024020519343
41,4100.0,11.341386844148412,6.642245656536519,6.62433347903341,-22.33178958964348,24.222098333532752
42,4200.0,10.736320438028882,0.5222490438379347,10.843014561831952,-22.44266238253713,24.930238740702755
43,4300.0,9.666228124748297,-2.829868767079711,10.463838182026148,-22.69149992335439,25.147648707386416
44,4400.0,10.461421210069894,9.560254204389452,-9.79317996007204,-25.32596800746918,28.787314735804298
45,4500.0,9.490196617741384,-6.694852646107972,4.589934867221117,-15.653730250275135,17.63314562937679
46,4600.0,11.898977861774608,0.9668498013842852,2.865639974657446,-11.010430242213609,11.418242645934775
47,4700.0,9.260592179209231,-4.295024268883466,-1.12660083283782,-10.69555072492361,11.580641960455507
48,4800.0,9.596599760112548,-16.927426089674235,11.442958956250548,0.696142360550724,20.444159994530754
49,4900.0,9.361462606041218,6.405433521826565,-6.490457027676702,-2.886234709916264,9.564829419878997
50,5000.0,8.796679868639375,-6.682737593735754,2.171865822965652,2.458424804509431,7.4444499742507935
51,5100.0,11.702860031319124,3.030935520873964,-1.5852310173992068,2.636179687444121,4.31844542106451
52,5200.0,10.195950588459393,5.790227064250409,-5.880922190460563,1.2973512475524098,8.354345906494126
53,5300.0,8.71052948745205,-12.672783621150256,5.070782491157949,7.550492520609498,15.598788962124853
54,5400.0,11.33710827620776,1.9361360601827504,6.612044256775081,5.0757062055364255,8.55748476960452
55,5500.0,8.8686808569809,-8.908253504598141,10.239889859443904,7.589603905329108,15.550383026649666
56,5600.0,10.424593325944581,13.32176708379686,-1.9189732827655968,4.031225620226562,14.050007711601895
57,5700.0,10.959836726224697,4.5054940620929,1.9456560666292904,5.385822944837809,7.286435552882298
58,5800.0,9.165362941352834,4.93654617408067,-12.787497543051838,-1.1916514710310846,13.758983057290166
59,5900.0,11.14530023762313,5.839894083219766,-1.759034847929701,2.311475366406888,6.522383373350739
60,6000.0,9.441173314059908,-10.930435038051009,4.528239027048647,5.509329884666204,13.051133076680193
61,6100.0,9.710291719228257,-5.02855098953247,1.949988115659356,2.334847428330034,5.877098877772951
62,6200.0,10.06033585725465,7.140960207957029,-6.962784414464236,-0.8535679785646498,10.010107781036261
63,6300.0,11.090333719548074,8.981564512494206,-4.145513082039356,-0.726911573350802,9.918779170892256
64,6400.0,10.88025774949483,4.880588975523413,-2.95177658829689,-1.2922310584433376,5.848332658427006
65,6500.0,11.411097250665042,3.86138522182256,-0.8105869167705998,0.425481823923625,3.9684230827166984
66,6600.0,11.474626493981486,2.343169163035601,-1.547011826458946,-1.1061101512793452,3.017808308121644
67,6700.0,10.658563521128029,6.74256793782413,-2.0085279804199936,-1.8023548046216369,7.2625677198940215
68,6800.0,11.694334562932593,3.770998734895885,0.982373119371012,1.262993356029689,4.096418023300874
69,6900.0,10.278379467130028,-4.440785680532455,6.47417214332521,2.3097767831303178,8.183553701767838
70,7000.0,9.621639566527422,-11.411606669202447,9.056130568099022,-0.5139321649717167,14.57746184729138
71,7100.0,9.428722713255421,-7.684710908433795,7.981067799845338,-3.291106270567328,11.557837403947897
72,7200.0,9.895953867767888,-0.3850816407437436,-0.0334070508100208,-5.39807972368598,5.411900646201057
73,7300.0,9.88904014662108,6.518951733309031,-0.0298352608033572,-4.356770908606053,7.840859302020157
74,7400.0,10.572229663262961,10.104872339200972,-5.346262901906669,-5.204140274839103,12.560813986683144
75,7500.0,11.330520239370108,4.352034597609937,0.8905572014059872,-0.2647087716892362,4.45009752719861
76,7600.0,10.084883837860664,-3.466939308337122,3.4382986073590813,1.6067820862054825,5.140361286292173
77,7700.0,9.107593436072962,-7.334376720258594,3.0561481059931217,-0.1884185596099589,7.947869190798377
78,7800.0,9.808857313477333,5.959437377478182,-9.980288790419698,-4.44409875035137,12.444720643676005
79,7900.0,10.905544949229931,3.71112399456203,-4.501703732635081,-1.310586558070779,5.979583173234608
80,8000.0,8.373688958283607,-13.962255495625737,4.486044237703085,-1.1550787831563505,14.710655268310045
81,8100.0,9.839439689825607,8.107118986049294,-9.232033615332842,-6.948987000520527,14.11539029789824
82,8200.0,10.489721894817334,-1.5119858568191529,11.804562106812,-0.80361873394344,11.928100889678447
83,8300.0,8.812478729384006,-5.609604781499505,12.34380146572888,-3.2095337190292774,13.933348740469336
84,8400.0,11.1293558097829,8.883009970173239,-0.7236402850946412,-1.1681260499618948,8.988661739158315
85,8500.0,10.208729306610895,-10.366776036572457,5.025573879763484,3.049352705669403,11.917423804538766
86,8600.0,9.959125188489406,-5.355218563771248,-2.53064276830405,-0.7520095393169671,5.970597711599191
87,8700.0,10.352138324314438,-1.3749647425554692,-5.354839061249793,-0.274660654353071,5.535365199352871
88,8800.0,11.015174988159558,-0.4901014663539826,-5.132974373996258,4.801217453232408,7.045517326970965
89,8900.0,11.020183688533393,1.6416172373671083,-6.937632233852148,4.467687243971229,8.413434344912213
90,9000.0,10.238266923661627,-3.442869499652088,-4.495185168515146,5.523497836504877,7.910061215992403
91,9100.0,9.561781531621449,-3.931799374701083,-3.572646341937036,2.760768572312593,5.987043620796897
92,9200.0,10.324422483371963,6.510202684740722,-7.374497265788912,-1.5651977452352643,9.960712469558741
93,9300.0,10.712992384463062,5.071684930224716,-2.323632680589706,-1.129232057434693,5.691785476044505
94,9400.0,11.324135976825897,6.851517604891956,-2.5735899459443985,0.5387422490336001,7.338726177675816
95,9500.0,11.068136720789774,1.6808945743985475,-0.8594635011434555,2.685707968146354,3.282851103873744
96,9600.0,9.39685043220942,-11.196447949451208,6.097174594643712,0.9746363265439868,12.786160514061992
97,9700.0,9.67405501727597,-2.7754327802605925,-1.4533736347161232,-2.946857996562123,4.301080572569541
98,9800.0,11.825614059990587,5.051783886301518,12.516951945742964,1.969053101440519,13.640812899612206
99,9900.0,10.195026185278303,1.223327551850304,8.67327869143188,2.3326931432068347,9.064422257305015
100,10000.0,9.384295156622988,-2.7122108191497625,-3.843759485480189,-2.6545196056969464,5.401578366251981
101,10100.0,10.930657960629821,5.320167301078141,-3.7192660098508,-2.4985319031000137,6.955557593342258
102,10200.0,8.61118238642719,-10.896955146315694,8.52053767772913,1.5776473702747376,13.922362048278755
103,10300.0,9.658780109363038,9.233294639459253,-6.969044285076857,-3.072890613182634,11.969292580057324
104,10400.0,9.159688222261828,-0.680999505581148,11.697582523137331,0.901419980834797,11.752010687284875
105,10500.0,9.143904838687105,-0.8734182762986049,2.219742477958649,-3.3902266515746717,4.1453290463935
106,10600.0,9.553723050054149,-8.680461491686106,5.2750205882951615,1.9073493638589976,10.335097266663558
107,10700.0,8.305374573016998,-12.59324177095592,1.2543051388554276,-4.756185146158933,13.519775028736646
108,10800.0,10.180989987058497,-3.3108322908304637,7.389886541265249,-1.890800663356483,8.315477178089559
109,10900.0,8.447301508640889,-5.938367090128362,15.47180468158722,-3.063483731784672,16.853067269111968
110,11000.0,8.760797549769146,9.84426210936606,-0.5346471756359562,-7.333651866173744,12.287302135723262
111,11100.0,9.720382442894135,17.430534588736297,-8.774820588809252,-6.181812194667756,20.47036429634476
112,11200.0,9.270527119949696,-2.987977030728757,-3.953936879490316,2.7970729617230594,5.690803171465207
113,11300.0,9.172714245691068,0.5190032087177038,-11.126138810768724,-1.3597142053462563,11.220924734057071
114,11400.0,10.961921157571275,2.329249019086361,-16.266845815443993,1.6452605042617767,16.51491919154394
115,11500.0,9.02143412518372,-6.379316576649249,-2.7384494271151723,5.90589892052561,9.114517393117689
116,11600.0,10.588234208810258,5.562387666884065,-5.215708058108389,1.658717369120568,7.803531919249321
117,11700.0,9.72999990585779,-10.389620466193556,8.188194214260578,6.516451456291974,14.746351328522191
118,11800.0,10.105910314106596,1.386831346707791,-1.9634625896058977,-1.4306322982996702,2.7973550539628396
119,11900.0,10.853786947418833,-0.6885893425667658,7.295298632723093,2.662400366156548,7.796403859024908
120,12000.0,8.899094865863148,-11.03871577322781,10.05614745978713,3.422621183174104,15.319715513631568
121,12100.0,9.715549693722263,1.6202483425777403,-5.210825324879587,2.5515664199776946,6.023985097391108
122,12200.0,10.894336954523268,5.205810256688297,-3.5489993648014964,-0.1103269778744783,6.3014307075496285
123,12300.0,9.495099026112067,-9.594272827488185,6.814719093807041,1.964338775123656,11.931013965260064
124,12400.0,10.120542192265763,6.382791863518953,-1.2101186016026884,-1.8601681077495216,6.7575620154044485
125,12500.0,10.392663895730017,-5.006614548508823,10.763054362401366,2.5070536343537277,12.132388320972648
126,12600.0,9.248744776638608,-3.6461325869366528,5.218240778535605,-0.0460350979300914,6.366037927513052
127,12700.0,10.709085822225877,9.843474929782747,-6.731898324751854,-2.829381262153387,12.25633926075331
128,12800.0,10.48629958533877,-6.958074143573642,1.5923733701124787,3.3469172603353856,7.883673248229049
129,12900.0,8.969528835949694,-9.120000543639064,4.757127712601423,1.4300138457935303,10.38506685530423
130,13000.0,10.879292547426077,5.7040770036712285,-2.3605078178867696,-1.72108534283638,6.4086368581346305
131,13100.0,10.797164488578488,-0.6275236942922696,5.079382983058691,1.6423736810881644,5.3750636074204285
132,13200.0,9.511381793099375,3.02577872620672,-6.99013036724478,-2.053702440856397,7.8889133070799
133,13300.0,11.687325347298602,2.284012873481959,0.8359201508212835,1.1460742427330464,2.6886731810758477
134,13400.0,9.545880681407084,0.3028183327180333,-5.855821236285567,-3.975439603346586,7.084240349806013
135,13500.0,11.264193984804082,2.744356262198836,-0.8875639766536653,-1.8102870049618185,3.405348755539859
136,13600.0,9.348561547707964,1.7568665822580456,-3.44144689880535,-2.951760793478787,4.862409765442496
137,13700.0,11.348292456449458,4.144111185210943,1.2070381851855665,2.1753152831733225,4.8334868653068614
138,13800.0,9.058937620162542,-4.265694145439565,6.409282761687041,1.157888233065605,7.785612193139845
139,13900.0,10.995275286410152,8.167857318735123,-1.4792822590492665,1.6841667697895315,8.469863451651161
140,14000.0,9.008328844693636,-9.77304114010334,5.871865783269703,5.926430903398991,12.849658522919919
141,14100.0,9.47254189304125,6.348058631622791,-9.848043474197388,0.6988638717429713,11.737555936881833
142,14200.0,11.64653836156615,5.928727555328607,-0.8728738886827603,2.480807769309729,6.485840457421412
143,14300.0,9.45296572345451,-8.6544905418545,5.623268152932822,3.0034670515313744,10.749054171808423
144,14400.0,10.438986278451585,9.662531201139092,-6.821320474000276,-3.6702909746691583,12.384101019482186
145,14500.0,10.696809053946353,-2.697281087502837,7.593406614509225,1.618705786490813,8.219206634553712
146,14600.0,9.19244631120609,4.615107538408041,-4.036673551811278,-2.459988918388635,6.606473827508764
147,14700.0,10.837057543291731,9.310278582894805,-4.079497999446094,-1.4240555708292872,10.26408912117409
148,14800.0,8.596741383002753,-7.60859952197671,3.652161084808409,2.202588878611475,8.722411652943016
149,14900.0,9.517721059865536,10.304985000604391,-8.885847061014175,-4.22590187599361,14.248131123762935
150,15000.0,9.346720631159378,-9.775045801341534,4.167788471321762,-0.6793897147955373,10.648171277011716
151,15100.0,9.560049523745038,2.044447104334832,-8.579477962473035,-3.531243641375005,9.500362504964478
152,15200.0,10.25674251399651,-7.888491382732988,7.858181553679705,3.298592160574347,11.61292486274871
153,15300.0,9.18723434283088,-4.288677740214765,1.8656237232998012,-1.443764302169904,4.8946668933210145
154,15400.0,10.944942038265133,-0.5254909302536398,6.152658802431822,2.800059249562025,6.780242094348732
155,15500.0,9.230831164680039,-6.581427495986223,0.8531671850552782,-2.9184851671613754,7.249871571381083
156,15600.0,11.454772222522712,4.783918285426497,-0.5337706165920943,1.527777473270148,5.050236552935597
157,15700.0,8.479724135383982,-7.242234874087572,6.863719742207229,2.579040225407481,10.305923692483143
158,15800.0,10.749415879531673,4.386143720747531,-5.802515432734787,-1.0250783588178456,7.3456264353624094
159,15900.0,9.721261782946828,-6.64177693463713,4.000030854472518,4.354157079653442,8.892251208805682
160,16000.0,10.563957052091949,9.963407971850035,-9.075742609539628,-3.561340880714357,13.939933686957959
161,16100.0,10.764944160343289,-2.0212349115841093,0.94776688635014,1.4986052980072797,2.688767464449789
162,16200.0,9.527544010344329,1.431436553362012,-3.472292471013218,-4.115509330947697,5.571646315378746
163,16300.0,11.315517526464628,7.994308126285672,-4.463630537040531,1.151321003830433,9.228136325556694
164,16400.0,9.333080124349706,-6.687928539361059,0.3646761498173699,0.1922817399982363,6.700623038895899
165,16500.0,10.338999841068285,5.168420507141947,-4.622286069792509,-3.727332893031836,7.8721731145294545
166,16600.0,9.039472614141593,-9.539161718916892,9.71716078120172,1.2185203776162117,13.671269577403566
167,16700.0,9.431144600401943,-1.9535263683579864,0.2803777648564428,-3.446861319762468,3.9718673090336867
168,16800.0,11.370904044756626,7.261227929413319,2.13069108004868,-0.8793242576083168,7.618299460608611
169,16900.0,8.982194469352075,-11.034720111134648,10.381190302196146,2.262589123716205,15.318402970422525
170,17000.0,9.756545159969047,3.55763294044286,-5.975982235997916,-4.02716635197401,8.036615248371568
171,17100.0,10.88273535067143,5.592022587628662,4.694289949768781,-0.0584715361640788,7.301403541346741
172,17200.0,8.851718542650055,-8.700516641807557,8.499102828902005,1.2706455185137688,12.228993366763245
173,17300.0,9.932511586714403,8.522147895401716,-10.209988134339453,-5.092347540512681,14.240887118709209
174,17400.0,11.504914281106037,6.731097911672294,-5.299153362809122,0.4347059976959601,8.577742987728367
175,17500.0,10.447088803761886,-3.136028050672263,2.1411444748677315,3.255345094833523,5.001644058038973
176,17600.0,9.386486906888091,-1.329362114482373,-1.6009166591584685,-0.2308719224008731,2.0936665507060175
177,17700.0,10.189489405703164,5.770459209063649,-7.519291351550818,-3.465624496451765,10.092001539010036
178,17800.0,10.351648563603906,-6.208196371091902,0.3977158410393633,4.663736368252337,7.77498019192408
179,17900.0,9.013180968917869,-12.28226997704208,6.791658659376204,2.3815407526262105,14.235607450714861
180,18000.0,10.361485997249616,3.281145289874822,-5.07274403681159,0.2392560893266462,6.046146702864161
181,18100.0,10.94187639480495,-1.6003975645959376,-2.567201155465096,4.469919862854481,5.39740472057886
182,18200.0,8.738336279819414,-8.653792154762149,6.754137855528295,4.1136007192790505,11.722977766205837
183,18300.0,9.733017080466983,10.947843488922716,-7.862721923553943,2.0917478887975216,13.640127650992575
184,18400.0,11.221593500201664,8.542185970044136,-1.6388380964331328,3.8006037735521794,9.492066186909913
185,18500.0,9.869201608575642,-3.227558167807013,8.983731390783191,6.67219988873899,11.646579445640237
186,18600.0,8.918597406389537,-7.0435791779324415,8.877305906403064,5.322928832924366,12.520069454761014
187,18700.0,9.48728920404554,4.670388121108711,-7.811268382591009,0.2665135697814635,9.104914520715555
188,18800.0,9.963348566516057,4.7703257772311565,-7.702632477450371,-0.485842414996773,9.07318014567104
189,18900.0,10.952308793367203,6.828949798031151,-1.596063274409249,-0.8356471566002815,7.062597219881777
190,19000.0,10.216798338148449,-4.082513955929875,6.191402637465298,1.6846711367513985,7.605162960685175
191,19100.0,9.18460480492653,-6.45067841861397,7.780767308172583,0.4031807147009298,10.115045558622363
192,19200.0,9.735165385494877,5.503050804139674,-4.843913834774495,-2.6236413766354323,7.786563007184591
193,19300.0,10.862145220507722,6.621311973018944,-2.0421557884924115,-0.8197812618155033,6.977407385679935
194,19400.0,9.609933615234457,-6.035672134271264,7.598528404444456,3.629810990305245,10.360622560971352
195,19500.0,9.237968582099931,-6.149488312862814,2.649329086958617,-0.5390572382608428,6.7175690414883515
196,19600.0,10.59720074046082,10.931900967925786,-4.413645060387254,-4.216362232746184,12.520560369621878
197,19700.0,10.507011594068102,0.6120539506210014,3.8539343365475536,-0.4750478307623416,3.9310418912042917
198,19800.0,9.115986428109446,-0.4400654035940766,-6.17421317961216,-2.836303021021932,6.808757652743638
199,19900.0,10.191285249921997,6.007184685717523,-6.815021756672859,-4.086408018922806,9.961401502266645
200,20000.0,9.341135841044789,-9.005837305936216,5.108600835227966,-1.7247842117596417,10.49656080113004
201,20100.0,9.55454767888067,2.583001309655607,-4.702528868401051,-6.770626364967227,8.638695208063378
202,20200.0,10.425433704236859,-3.2108796936638653,9.20452501861453,-0.8541881919795647,9.785840111753364
203,20300.0,9.124484298862725,-7.434568801018596,7.186111189609766,-3.523056589510292,10.923595333927638
204,20400.0,10.788280251153669,7.448594599494338,-2.580915966778994,-6.868371102695167,10.455487092408895
205,20500.0,10.333355841290985,-4.285320274150371,5.4477744903087615,0.9348917617175728,6.994014537833796
206,20600.0,9.59046137897305,0.7783964905064553,-6.32268916554004,-6.645524575397372,9.205720844272902
207,20700.0,11.177738350159249,8.219750553283095,-2.768773343438655,-3.072594993951917,9.201697940184333
208,20800.0,9.041055867655656,-5.156319542039931,2.673812122236192,-1.620345779529959,6.030126278104021
209,20900.0,9.527137617363316,9.404134807160498,-11.62860271049738,-5.226911706787348,15.842435370244857
210,21000.0,11.17376414070487,7.00070179631263,-1.222396618077904,0.2633109836479649,7.1114985626724865
211,21100.0,9.330073881263152,-9.927848286768794,6.719912192246317,3.7801149062633512,12.570149568766203
212,21200.0,10.349916173431577,3.272424629290402,-9.2622187933892,-1.4004516025565563,9.922636979256158
213,21300.0,10.976678586540105,-0.2881531109134667,-3.5669166649483146,3.32947956770584,4.887878977817043
214,21400.0,8.99573697009293,-9.030938260111212,3.0625981547534464,6.010078552526236,11.272018342913375
215,21500.0,9.036277355886988,-6.617935723927617,0.8191669180965051,4.22961451202184,7.896692130635891
216,21600.0,9.997141443847267,7.445509060433507,-9.505148218461873,-0.5809592898627743,12.0880503606001
217,21700.0,10.576894528380732,3.1702140134654937,-6.439594298288226,0.6286490217212588,7.205125343131118
218,21800.0,11.00676752493484,2.5406733315736054,-1.1531138224069029,4.2129099977731705,5.053048892948921
219,21900.0,10.289954046752495,-1.7266720126882196,4.174104264128208,2.6594924120776358,5.241893029918924
220,22000.0,8.847465937959306,-9.523487282940746,7.380515518373251,5.847773136131465,13.392731984062973
221,22100.0,9.039229623406525,-9.604834011268617,6.069102080230415,3.521511258658021,11.894867716336098
222,22200.0,8.83207575883654,-6.747901036812365,4.2139738001167775,4.088118555034697,8.944521055411688
223,22300.0,9.387257778176634,-4.164593649195135,2.26961781777218,3.0560712663374843,5.642213828507299
224,22400.0,9.34612286943993,1.1310116425149144,-5.303376555660367,-0.6265251522950828,5.458710836185654
225,22500.0,9.387725636697636,0.7317753101091832,0.9399927409127354,1.261750154434517,1.7352506763201552
226,22600.0,9.906363217098736,4.775564534197748,-7.934852162075042,-2.2684586061894896,9.53487283094376
227,22700.0,10.042652519431666,6.723994939282536,-4.126625040909648,-2.4388844800807536,8.257681253168984
228,22800.0,10.242294729187158,7.18619742077887,-2.358925774754584,-1.974884804416448,7.817041267124371
229,22900.0,10.958242907630998,4.418498765301704,-4.272746745166183,-1.0263334065265954,6.231601427294062
230,23000.0,10.178500382284536,-4.005880486701429,3.470922163821012,2.8012427937023343,5.995109701273903
231,23100.0,9.820792549953113,-8.301291942071915,6.143087142661214,1.677227828720212,10.462411803177657
232,23200.0,9.346935098207124,-3.743244251279533,2.1010429258078336,-1.44061558383666,4.527872807535283
233,23300.0,9.416238158852872,0.1186811559902038,-5.296349569152295,-6.534533107924461,8.412224849230302
234,23400.0,10.643405292192385,4.344302820704877,-3.8890039553806175,-3.80865101993233,6.964419671055301
235,23500.0,10.552829512380464,-0.2541685854119249,6.866731429821253,-1.8636009193651375,7.119663656786317
236,23600.0,8.825271650537317,-9.92362808212638,8.816886885175109,0.4108203907409682,13.280988745262482
237,23700.0,9.5671083527691,-1.0758188918095082,-0.6724596316309646,-4.724319314078986,4.891705349418261
238,23800.0,10.712869953326932,6.350445356704295,-5.176705102680623,-4.538883026902377,9.366316836436253
239,23900.0,10.801612845881674,-2.137728525287658,4.2824801951006055,0.5961870953405276,4.823376299015871
240,24000.0,9.111810572017488,-11.84201033987403,7.203063725191354,0.6694141665849834,13.8767954242064
241,24100.0,10.183039569066052,8.229302576252818,-6.029391773083806,-3.661668711532653,10.838948463659616
242,24200.0,10.92836911778681,8.577064343512058,-0.4218373297289013,0.9904324253082276,8.644358615571237
243,24300.0,10.668533942677236,2.2431467698484657,0.6440748493948951,1.2313569756992162,2.6387079876916624
244,24400.0,9.016289322592575,-8.165583718702196,5.335833626201749,1.921615926589072,9.941855245524371
245,24500.0,10.015217429716683,4.985750020681322,-4.584564629065991,-1.2959175476443023,6.896037876715819
246,24600.0,11.046399356320556,3.758022651493549,-0.888869877273403,-2.412440326036513,4.553316619185382
247,24700.0,9.703535107408587,-4.926764912804961,3.560475367370993,2.188238219147176,6.460525044563955
248,24800.0,9.480256795975096,0.2673284169768914,-4.2501140514850615,-3.3187760171189904,5.399000665397099
249,24900.0,10.628968533264237,4.93445143969059,-6.323269304940104,-3.5397410400711,8.767115394713695
250,25000.0,9.824245392687509,-8.943714151901007,5.549747116644681,2.840359087622166,10.902172060477588
251,25100.0,9.409621873160887,-0.7489429433656857,-3.736415767215192,-1.947671826928854,4.279619593296106
252,25200.0,10.693270862341654,5.194487933430076,-2.9988551780886947,-1.4339920055206865,6.167022810205689
253,25300.0,10.388265409731446,-3.1043871880285443,8.234025653752685,3.034922858671099,9.308445360957835
254,25400.0,8.899470405987598,-6.372313068924845,4.1201781938016415,-0.318318171921093,7.59496995752084
255,25500.0,10.096017811951501,3.610939597767592,-9.65069704039693,-0.2895768056580797,10.308185721582007
256,25600.0,11.025537281722578,2.7256588261038064,-3.376728058513999,3.275222233086079,5.436781133499367
257,25700.0,9.577332677768425,-6.008594693398476,4.879879062482715,6.213130330757797,9.925694855322524
258,25800.0,9.616658147431313,-0.9626007818710058,-5.453379943187535,2.536218125651032,6.090841932844719
259,25900.0,9.861937863746594,4.883033330346644,-7.226936952424049,-0.4003351661617867,8.731145426852896
260,26000.0,11.262545389848686,3.152554979939014,0.1525946981918066,5.098490870980919,5.996373671222491
261,26100.0,10.167515244690088,-0.7887069315494969,1.578739347158745,6.794667358781397,7.020112610680174
262,26200.0,8.763501900668437,-9.540547394040226,6.831907697886229,3.366644988146424,12.207837885824677
263,26300.0,8.82874182275946,-5.954515797534585,4.687734246481955,2.744450817663968,8.059970287743317
264,26400.0,10.286032843930405,0.7341581398470327,-10.62839542721808,-2.7841579231582583,11.01150820154527
265,26500.0,10.812111586707728,6.80466291731894,-2.835587345007062,-1.3473390720840543,7.493951933703874
266,26600.0,11.502579112696393,4.294861624945701,0.7690035362960771,0.9623670612517744,4.468036837006771
267,26700.0,9.770929692704138,-5.117314452177286,6.370583749786019,3.4452788497433064,8.867986855424897
268,26800.0,9.147196475324273,-7.141210363724828,0.5353157873617486,-0.7361121082568541,7.198979753207532
269,26900.0,9.03142960330758,-1.1560007523022593,-0.8421396806146949,-2.5312779761239885,2.9073880328225132
270,27000.0,11.02279578065523,1.7159696360405534,-4.360030617552996,-1.664698055651039,4.972488149236865
271,27100.0,10.999008440812762,-0.0399548266723053,4.929942659452558,-1.139214702641219,5.060013947844264
272,27200.0,8.536668771700715,-8.727565908139944,8.761875668156147,0.2193886760930065,12.368872353466632
273,27300.0,9.735598822623949,4.450138347284496,-3.9329920969113705,-3.1087183832846583,6.703453448105034
274,27400.0,11.475282690328262,6.0215976706802845,0.6084259982965886,1.485038189586997,6.231786190770448
275,27500.0,9.574736181953954,-6.588749034507573,6.506942548906803,3.098992190428824,9.765022671291504
276,27600.0,9.885514673320145,-0.3988609920322895,-5.264926418866217,-4.2899041864961385,6.803074173956765
277,27700.0,10.78563430073667,6.614052759996056,-0.9710804647576065,-1.6798320527158677,6.892788035793419
278,27800.0,9.172871736398305,-8.182881178960205,7.509180960416794,2.93510643844977,11.487479831986498
279,27900.0,9.354349578510556,-6.031206896504759,-7.499003974914551,-3.100996211336553,10.110721771810084
280,28000.0,10.839342397601865,2.5535008583083747,-31.77268875693083,-5.70671900716424,32.3819511349287
281,28100.0,11.42083119183362,2.33755752029568,-28.636297211998706,0.918710504179448,28.746229703477727
282,28200.0,9.474811581082006,-5.5455853955179455,-47.34643746342659,-1.5616281163439154,47.69567422975487
283,28300.0,9.547609526683164,-2.8853333380669355,-52.542034449219706,-2.693768021135777,52.69010266346465
284,28400.0,11.586612425752593,2.25104140413478,-17.446706774926184,1.6828488629736007,17.671636737693422
285,28500.0,10.600506544484531,-3.4105345187857745,1.9082938512928784,2.7963060592710973,4.805482151025823
286,28600.0,9.767540823280264,-8.882250965130329,14.775338580626247,4.903356565488875,17.923390248165216
287,28700.0,9.453961554836747,-10.022239827302098,21.958454731214047,6.355656792904437,24.960236349200088
288,28800.0,9.66486400254967,-3.722266171516478,27.05557913698554,4.237911060395837,27.637284925352716
289,28900.0,9.703653203612856,-1.879860403941572,25.960293025141954,4.283964481115341,26.37845789209444
290,29000.0,9.629370463178635,-3.408759736184031,21.08356524231434,4.26378339933604,21.778801967564892
291,29100.0,9.882768282141026,-0.4544986656881868,17.81280163024664,4.568585395789146,18.394957012024996
292,29200.0,10.035373543740233,4.741894250871241,14.73590446935296,2.2164353845573963,15.63793552327993
293,29300.0,10.715486267338477,6.494758767731487,7.2849628452658655,1.4606551525834948,9.86843901448947
294,29400.0,9.557238887759405,-2.095949737299979,5.394114370568096,1.5144174050331116,5.981883919027878
295,29500.0,8.85192587535716,-8.939039739516378,7.492720198631287,0.5467726867390796,11.676739605326231
296,29600.0,8.750624836968713,-10.26495837020874,1.259422980086133,1.9374314487107096,10.521841911155137
297,29700.0,9.754257766500203,-3.4802436678238213,-3.7387700488865376,-3.6159777178555728,6.258257930279547
298,29800.0,9.70926391567055,-5.509153580345213,0.8572996644241735,-3.1600161105014384,6.408700157214482
299,29900.0,9.866887582948642,-0.051611612540984,5.059185679574311,0.5034015036100522,5.084430801259441
300,30000.0,10.475740826776951,4.894620323529839,3.373538785918057,-1.9337523233100773,6.251197493241751
301,30100.0,10.698262069997169,7.245176125350595,4.980415214145183,-0.3970994696072302,8.80084091331058
302,30200.0,9.990320397861208,-2.803136037439853,11.200896111738682,3.916834851765632,12.19258957754105
303,30300.0,10.328230732785686,-3.4169320604480804,13.754080646798014,3.3824327626146378,14.57020969437127
304,30400.0,9.977100180353276,-4.607225070400536,15.907246472346785,3.2656125803746283,16.879906359527514
305,30500.0,9.2760625213285,-4.94591805074662,6.5317301680415865,4.924027286629379,9.558851869982949
306,30600.0,9.153166638187393,0.2279279230529442,16.817979099279643,4.625486868336797,17.443953132563454
307,30700.0,9.028523859329278,-0.1069756283000344,13.36302229490876,4.969003244622051,14.2573771039537
308,30800.0,9.181053532275056,-8.711035990664364,14.44649900545478,4.053770375190675,17.349828120186938
309,30900.0,8.834677414525597,-3.559118507118523,10.016597235256434,3.701194176618755,11.25603762671825
310,31000.0,9.301795682530399,-3.355704515288025,8.701002439185977,2.7115254521101715,9.711877600036258
311,31100.0,9.316440859760567,-5.258139769725502,11.048246451848746,3.2883951113842427,12.669858953726878
312,31200.0,9.488195236693228,-4.1593207412704825,12.900120572546124,3.1279765354223548,13.910330586335588
313,31300.0,9.468396634356932,-5.399458995504677,9.577275041887164,2.508499073653668,11.27700856941292
314,31400.0,9.525105712703805,-6.033068977493048,11.434297419512273,4.704420404590667,13.757639699751664
315,31500.0,9.31894496760239,-10.740794767937064,6.465739844892919,4.765869504091143,13.412083213237459
316,31600.0,9.713518090303689,-3.875942067696154,11.353343427202104,3.423791280374676,12.475723651143433
317,31700.0,10.241430887165928,0.3146928075989708,7.456894989851117,5.816458842024207,9.462320429671719
318,31800.0,10.585705977128962,0.3773919122057967,-6.044962902411818,4.827271219137311,7.745098357674025
319,31900.0,10.934274582257078,2.544582335610688,-5.5002380458563565,2.9889819226697085,6.75733163000263
320,32000.0,11.490678407052142,5.560171696592867,-8.8431011605829,4.321301723563671,11.304406044457595
321,32100.0,11.07353557119293,4.933826904045046,-12.546797321766617,2.8401812891967597,13.777931655661238
322,32200.0,10.887131978460605,1.790457144441828,-12.235616353234647,2.653932849548757,12.647505837102424
323,32300.0,10.941359218564841,0.2791945675618015,-14.480530435162782,0.0173722805381461,14.483232135347508
324,32400.0,11.267214029877373,1.5018352315876633,-9.854556915673614,5.125777913358808,11.208987478098349
325,32500.0,11.061363857862167,1.704735144777596,-8.750244705614447,4.1883430792048575,9.849625478722364
326,32600.0,10.844887341329756,0.1487686169497668,-3.238145818579942,5.938174564102292,6.765326126472201
327,32700.0,10.61524145671283,-5.035707749681174,0.0227283230338012,3.94669260751158,6.3980662434092945
328,32800.0,10.7224891851955,-2.6143386556595565,-2.0518228575021027,6.310742306636274,7.132335669737707
329,32900.0,10.147494410005908,-2.327420021838695,1.7066467446550726,6.453206443284452,7.069186690754838
330,33000.0,10.703243099467329,-1.6082727755248547,1.2360416333712638,4.538562434783578,4.971206012060872
331,33100.0,9.4775481492991,-3.347801770149171,5.067265369364619,4.650362426188588,7.649236936497815
332,33200.0,9.6748365772793,-6.833529441507161,7.016669076754153,3.152664689891785,10.289317966100262
333,33300.0,9.579586794353878,-8.281130070206522,9.46222131795287,1.2910294783283025,12.64031267902472
334,33400.0,9.296403709227812,-6.943285498072207,5.362099981820584,-0.7139771114286035,8.801766472613554
335,33500.0,9.784147088711315,-1.6016472762174905,3.183663727967441,-1.1424189162813128,3.7424737421213554
336,33600.0,9.945549669350918,9.167852012300491,-3.521276897708326,-5.857373397329449,11.434934395330796
337,33700.0,10.521845494976645,6.488590677818656,-4.508912572994828,-5.791673357324302,9.796712808545841
338,33800.0,11.046120899576838,8.024903969612717,1.8077685852482916,-0.9984768969230354,8.28637840633685
339,33900.0,10.649304180187642,-1.405910953367874,2.400792288015783,0.7414092953782528,2.879249374797032
340,34000.0,8.994533332966746,-10.74690608188212,5.508909400995075,0.352831370261684,12.081745035259084
341,34100.0,9.136013852467626,-5.271602931167186,2.4191981603063644,-0.7504938771095127,5.848551808977931
342,34200.0,9.854616954708861,8.048405805176497,-5.936397433622181,-6.071745791271329,11.699732793894734
343,34300.0,10.790041782759575,4.19010782996267,-1.5309242706120014,-1.6031206766143442,4.740330015183732
344,34400.0,9.941405472364874,-4.589010656918585,6.841860140839219,3.3320167704463004,8.886641927896735
345,34500.0,9.20044487708147,-5.193766494441032,2.156684441446513,-1.8411054698467253,5.917446031004869
346,34600.0,9.812556187162139,7.255272856101394,-6.895178324112296,-4.289607073161006,10.889591231074869
347,34700.0,11.325621331795261,5.006403239455819,-1.5888314888745547,-4.403704143382609,6.8542737819931165
348,34800.0,9.781232477400469,-4.362522783717513,7.658936326611042,2.355341845149547,9.123516093099694
349,34900.0,9.513303243218989,-8.053403797888755,3.2316900068454446,0.2289525851969607,8.68064239088687
350,35000.0,10.325768736754497,12.694366172870994,-11.689393977168203,-4.198623798242211,17.759991719692707
351,35100.0,11.107896423219323,-3.194052022522688,0.2297626032334752,0.3114171170708723,3.217411971947427
352,35200.0,8.97230548936378,-2.137019466020912,-5.627463598130643,0.3036192527258768,6.0272202047928864
353,35300.0,10.34402419475665,6.452911891271174,-9.59017556629479,-3.275040806121379,12.014051421174567
354,35400.0,9.189335144212887,-9.95765780428648,3.805707207347453,3.7403158066257833,11.297270406103346
355,35500.0,8.906307556320249,-8.154688709306717,3.789818474109471,2.47567061144337,9.326876057328107
356,35600.0,10.0419482994007,2.6729188612394035,-12.686531089317798,0.0735866434802301,12.965260557084653
357,35700.0,11.355876285322339,2.4555670096501707,0.6711209674358368,4.44050094691962,5.118423717455242
358,35800.0,9.202834849713984,-7.144768893554807,7.112377990494669,6.59084206134975,12.044618810889716
359,35900.0,8.913090702951635,-6.686287158939242,-1.7445237856842577,1.1285090176194903,7.001666359764827
360,36000.0,10.340331540076477,2.9070388332366943,-9.584894120630622,-1.2688766056079417,10.096094191414062
361,36100.0,10.988416579035755,4.615838795797527,-4.237714692386985,-1.498837524522096,6.442880375094481
362,36200.0,11.353084177751049,0.5712541211904958,-2.071254539195448,4.153203450907767,4.676058761579783
363,36300.0,9.516179077105841,-1.5123463628701863,7.013965174649655,5.041737528213859,8.769379470400676
364,36400.0,8.999541493852186,-5.996822431267798,5.631560432437063,2.4277256545342505,8.577307504691149
365,36500.0,8.926006291426544,-4.466277663177252,3.64331129091382,-0.6973574943272397,5.805829897782964
366,36600.0,9.833624514331015,2.6682079500183464,-6.729231561814249,-4.249565928608179,8.394087303492004
367,36700.0,9.842332505453992,7.990227086797357,-4.703674206157029,-2.5151410081095995,9.606987781137837
368,36800.0,10.81191002062742,5.508498308837414,-3.726383069510758,-3.3620429331041874,7.452034425795205
369,36900.0,11.018978708302768,9.41721291655004,-1.3377133043892682,-2.97231668202281,9.965342064305071
370,37000.0,9.857365966058111,-3.1935544857524336,3.661131260830164,1.0875131403453648,4.978489448911306
371,37100.0,9.305798451249462,-6.923590640558302,7.607960045287013,-1.303421580347791,10.368995670981178
372,37200.0,9.67284143421033,0.1537786692190915,-5.015156130006909,-5.885150932842493,7.73372099249705
373,37300.0,10.651107591655755,4.353551753921807,-3.510552002772689,-6.394742137518525,8.495299597047886
374,37400.0,11.091203727200615,-3.4863086645320056,3.0161020522400737,0.5205523281918839,4.639201916311006
375,37500.0,9.355702508455712,-6.531300292856991,9.271178297236562,-0.272660422067251,11.344028131152793
376,37600.0,9.498469240410516,2.394869871557504,-1.8418619135677812,-3.3095023244574664,4.481145238210295
377,37700.0,10.610964333553273,6.794052214649319,-4.841945885816217,-4.2098154940858485,9.344845207428488
378,37800.0,10.84576741911313,0.5662540474042297,-1.6095702984876932,2.7659232325449588,3.2498756161286217
379,37900.0,9.195860923367546,-6.28020878880769,6.121280048391223,2.6500242723986505,9.161534833539182
380,38000.0,9.448536570548406,2.477905151318013,-0.3493089390615932,-0.4512148376271128,2.542759426987056
381,38100.0,10.436257489169835,10.94591566734016,-8.589327952551841,-2.635297525508702,14.161017531270959
382,38200.0,10.745092954751666,0.5526838440533728,3.867764620788396,4.4423805302739146,5.916063502791088
383,38300.0,9.47231885578897,-6.136247986422479,9.849973857101798,4.402618142916262,12.412033308398676
384,38400.0,9.323844344968984,4.815122442694008,-0.9640111097171904,-0.739172460986115,4.965994108421188
385,38500.0,10.16151638077971,6.655344683387876,-5.948367771309615,-2.769373333083093,9.345914650554324
386,38600.0,10.829725169583256,1.5683538273688409,4.096533777987957,3.662722268588841,5.714617847138631
387,38700.0,9.508207319923807,-3.225328750576079,5.733623558811844,3.3631993699215355,7.388389179333711
388,38800.0,8.751192894967295,-6.829722463457286,2.0664388272218406,1.0765481214858592,7.21624793174249
389,38900.0,9.574805710351702,3.17772444947362,-1.6811125001996756,-3.1664456686869262,4.790662802562524
390,39000.0,10.637138814754199,6.7818684334740045,-7.912811987516284,-2.606401119232178,10.74242336686966
391,39100.0,11.171157363379693,0.0606410358058987,-1.3648214811243118,0.912516907769814,1.6428944328616357
392,39200.0,10.032681911099832,-3.132476777920872,3.267291526850313,3.835565816867352,5.93288882595677
393,39300.0,9.30279935563826,-8.734005925056339,6.44211207767129,0.2690265200056135,10.856152301283538
394,39400.0,9.728588086280823,-1.0970140435997398,-4.79051070099324,-1.744210450644046,5.214854042475369
395,39500.0,10.065431021502533,4.784270467181504,-5.503151549465954,-2.8057722779586918,7.813211820710876
396,39600.0,10.666940054189931,8.188913091927766,-3.406954644607008,-1.5080004400134086,8.996649537724355
397,39700.0,11.071007773536001,8.225942121979594,-1.617496522410214,-1.3674134321194142,8.494247364452479
398,39800.0,10.820926339069612,4.330275741568208,3.1766203063108027,2.288528270468116,5.837770654386143
399,39900.0,10.116641377835291,-0.1367671431935392,4.164943696515262,1.285056902650371,4.360829335074798
400,40000.0,8.861329706821387,-6.782028516089916,8.240439203676582,2.058291262402385,10.869098949932727
401,40100.0,8.957280185532358,-8.000277713754773,4.49406587086469,2.112864493384212,9.416223654750125
402,40200.0,9.595929512370926,-4.962659277275205,-0.3764492657219991,-3.0250316739991305,5.8241323629091974
403,40300.0,9.756776011578685,0.6373894791891799,-0.8277119680512697,-3.434378717704117,3.5897534214560385
404,40400.0,9.947605012205758,2.66077520743981,-7.898373816221953,-5.043825859299302,9.741879333282837
405,40500.0,10.636232614572783,8.912154397782682,-11.45254939904809,-4.865684643651545,15.305628729294998
406,40600.0,10.773535110278333,7.403610957536101,-6.557874007098377,-2.8929884887598454,10.304782826417163
407,40700.0,11.033038395399023,1.673145508570969,0.4515094963621348,0.8677998033670709,1.9381313724513936
408,40800.0,9.944949668860476,-2.433299304333329,0.6600716383986175,-0.0481262804871308,2.5216970894936654
409,40900.0,9.207772909299301,-8.974058985686302,8.650626360949873,2.272030369515717,12.670011567293049
410,41000.0,9.481088960407815,-2.9975480501689016,2.297430571460724,-1.567069644623995,4.0889104679432275
411,41100.0,10.488392094568052,4.514787391555309,-9.358183839315176,-5.067660666704178,11.560280904641857
412,41200.0,10.9036711034436,0.1819780357652809,-3.0301957257449628,-1.2253609212376178,3.273638881905018
413,41300.0,10.75480147125613,-1.837313432841003,2.605407326352596,-0.3027973352149128,3.2024294235662754
414,41400.0,9.542919797423732,-8.20823911909461,6.4873381914317605,2.812274193486571,10.833726615786217
415,41500.0,8.935274023675102,-8.079263757106661,4.710013050860167,2.466407164069265,9.671705645600602
416,41600.0,9.706459317000995,3.439199552321434,-9.16513359603882,-3.7086249982059,10.468126230192542
417,41700.0,10.24379284531646,5.041351622387767,-7.107717238493263,-2.74810987937674,9.137120904970784
418,41800.0,10.777439937031714,-3.074782362815738,0.5989899818625302,2.905595955258608,4.272652973536418
419,41900.0,9.496123001354515,-4.980806242614984,3.9155516295164814,2.712575594070554,6.891882307717449
420,42000.0,9.076047668251283,-10.005980556169153,7.985864301905036,2.6065667513787747,13.064756628742446
421,42100.0,9.298678053092962,1.4231992355559022,-1.1845073040481655,-0.869919564006105,2.0458039166232256
422,42200.0,10.179679562712424,10.648704148203134,-7.602765684565901,-5.496052419058978,14.191671440792852
423,42300.0,11.053201875417756,9.325223895916343,-2.842789568618685,-2.015830095583945,9.955140592411459
424,42400.0,10.1850746299008,0.2029494053986854,3.3041419047027825,3.407263070446998,4.750577209013292
425,42500.0,9.288630773298692,-8.879583775305749,3.039412428995222,1.8283840245254337,9.56180025295151
426,42600.0,9.970400139661221,0.3582371200771071,-8.29781878963709,-3.6954213840454817,9.090559372531269
427,42700.0,11.073083494032307,7.23719590022564,-1.7053525300662964,-0.5211055203516036,7.453642244794637
428,42800.0,10.77512545983758,-1.5403588996633888,4.782334961633384,3.704613541294634,6.242402960028834
429,42900.0,9.141098078620704,-6.62470444381535,7.954843279150128,4.733508910006285,11.382984984829582
430,43000.0,9.498152668822263,-4.121957031829656,-0.1533598397349938,-0.738728872057423,4.190437848137678
431,43100.0,9.15936418543629,-3.3156761773444714,0.4869953833574429,0.5131456257188692,3.3903084593611124
432,43200.0,10.28924548131913,4.074054336731136,-7.965308840247989,-2.5680626133821907,9.308007802178826
433,43300.0,10.039602502837965,6.117831655400991,-5.93073136279285,-0.6639264811506495,8.54647512333677
434,43400.0,10.136782778302782,8.443353951188922,-4.377304599027336,-1.734089920944348,9.667372411966149
435,43500.0,10.924802285600427,7.06862634434849,-5.150992419469357,-0.408047973276861,8.755838306521177
436,43600.0,11.051188874182595,6.890849263291061,-1.748163424039632,1.5365730525188148,7.273302941049267
437,43700.0,10.49805931426301,5.016733050495386,2.1839650805197657,0.0744045789361232,5.472006031998604
438,43800.0,10.15098376896686,-3.423696511466056,5.003272023488581,2.572804047022015,6.585874991830715
439,43900.0,8.971626808433832,-10.92068408575058,8.363180308270454,0.4507061484346166,13.762531082676814
440,44000.0,9.169019386746015,-4.881970808663964,-1.6156096819773316,-1.913200703635812,5.486726761333987
441,44100.0,10.019436760297875,4.812281936757267,-6.326870096580684,-4.425194487516582,9.097784835342848
442,44200.0,10.721157793097063,4.13431925176084,-1.8551075760953128,-1.0328521840900182,4.6476664497945706
443,44300.0,10.51824902930543,0.5266493947841226,2.503328191716224,2.785863763513416,3.782201545307288
444,44400.0,9.024409996010558,-10.792115973937513,6.882006299588085,2.3316952949009835,13.010325931764765
445,44500.0,9.789608944359422,-0.8537360119504854,-4.36509861972928,-2.3823185406960548,5.045631057400825
446,44600.0,10.74691106686212,3.49759534272775,-6.278021419943869,-1.181341190070659,7.283014014685297
447,44700.0,10.863299309846457,1.5880023676458743,3.1975232539661227,1.80133433130607,3.9988388130112087
448,44800.0,9.212199728413555,-8.410750885301828,8.969344445925952,2.421564181369543,12.532112484683504
449,44900.0,9.177444861593692,-4.647061736091971,-4.437632693329453,-0.6023534243445844,6.453727322081108
450,45000.0,10.61071995419525,9.877367194336651,-9.44383358835876,-1.3176436401106415,13.728967925474041
451,45100.0,11.09357613161472,5.429817062786221,-7.070499524398148,-0.2799890842650085,8.919264024971252
452,45200.0,11.358249710954679,7.691872364339233,-10.04872133395672,0.0245516056655847,12.654734438072705
453,45300.0,11.205203630378428,12.224899782595038,-7.803813228446245,-0.148211929652933,14.504125012390656
454,45400.0,11.18769834001563,7.777138768878579,-2.3446003016218544,1.471222312781587,8.255030775132575
455,45500.0,10.57184529328741,1.1061371518805625,-8.278875253200532,-2.3494085430733858,8.676579703955518
456,45600.0,10.348484194235116,-8.833375821501017,5.50563176279515,-1.0695051267161966,10.463476990343594
457,45700.0,9.872220391945541,-8.554245527109504,8.010616062533856,0.5884975802460686,11.734198551300972
458,45800.0,11.805165328302046,5.823173774152994,-1.2633754198729992,0.1321721317864023,5.960112392224115
459,45900.0,11.244821797239014,6.399168101683259,-7.314390725827217,-6.096221782913804,11.472296374751679
460,46000.0,11.300604334943923,6.58431282505542,-9.786660542178154,-7.947740733647347,14.22316711268251
461,46100.0,11.001121728435686,8.37572395516634,-6.2545930089399215,-7.597698536163568,12.922759323265657
462,46200.0,11.295557008507455,6.811234842310846,-7.140488497848809,-6.170153057585656,11.63831108103981
463,46300.0,11.162465570153689,3.7987655982345343,-6.442984634649753,-6.118515528336167,9.663276015055857
464,46400.0,11.304079999953972,8.120065614250302,-6.330852952064574,-1.766675484465435,10.446832388231662
465,46500.0,11.29365775108596,3.956618583472073,-4.798538310572505,-0.839799379491806,6.275831700332906
466,46600.0,9.78076939945873,-8.69242969493866,5.946839515936374,1.320143170075491,10.614424723895814
467,46700.0,9.307202610877289,-12.03150290709436,7.263232590651512,-0.4875903037190437,14.062338147463356
468,46800.0,10.255484959014279,6.891912638747692,-6.117324513673783,-4.958293931061029,10.464454010244442
469,46900.0,11.106363445651022,1.62527504343912,0.3688002515293658,-1.2037675906207412,2.055866971519077
470,47000.0,9.079519920190357,-9.020807378402353,3.5644249256707727,1.0762686172384768,9.75901864663829
471,47100.0,10.282632730761271,10.375914832949638,-9.984220419466496,-5.92987246619761,15.572657238585988
472,47200.0,10.141242081658959,-9.729302300566436,11.493767897880078,2.048148000971228,15.197398921526947
473,47300.0,9.141382724810065,-1.3452398553807288,-1.5159187665268778,-0.933187842353806,2.23125962728009
474,47400.0,11.264650841588253,-1.899222929944843,4.022818081238865,4.046860355713964,6.013916510147109
475,47500.0,8.484179112892857,-12.286987931898237,10.798744674897192,4.4191736736103895,16.94438122062191
476,47600.0,9.914140222123299,7.003317332813143,0.5530866652758792,-0.2475256370994262,7.029482730927537
477,47700.0,10.865404126583917,0.1141194417671766,-3.049832526630164,2.219498938938975,3.7736821842110415
478,47800.0,9.93015182103536,-4.096044992400706,1.7891401981215924,8.957155115219951,10.0104562826285
479,47900.0,9.696372527473347,-3.7901190025404095,-0.6215447153097019,7.067377699944377,8.043578024748587
480,48000.0,9.014939662966936,-12.521209716439246,-1.950371673607081,4.244101348431409,13.364020303936192
481,48100.0,9.310856294520608,-13.795525395727156,1.711332362822816,6.372867168219387,15.29243654045902
482,48200.0,8.858472203184547,-6.085398063643277,4.679607599124313,1.9720660697154704,7.925896886668308
483,48300.0,10.176316234767432,1.1593640880625695,0.2870006228006445,1.915111022852361,2.2570211952987345
484,48400.0,10.762811094855575,7.809417400664091,-3.698972229909897,-2.9173317185528576,9.120319076189947
485,48500.0,10.756637560228011,5.269180347579717,-6.617971582433581,-2.633726367994398,8.859927989701028
486,48600.0,10.667587444161656,8.698241334226728,-4.710313579291105,-3.669200278446078,10.550331132578414
487,48700.0,10.531866726230852,13.116219297418,-2.6268300089009107,-2.658613024907559,13.63831616328903
488,48800.0,10.129371430725001,5.479110555651784,-2.7335940146528186,-1.475208796804771,6.298367225890428
489,48900.0,9.42171122022378,-5.780830001252889,0.0034538174563727,-2.948958707369864,6.4895581428948645
490,49000.0,9.242034996248483,-9.106344429284334,-0.7711635310325772,-0.2982189190389588,9.143803179204221
491,49100.0,9.891370906542956,1.3516105031635612,4.319598871417344,2.9971903188832103,5.428529742924808
492,49200.0,10.636448297958557,10.742894198083878,-8.972192635828257,-1.1170813599999994,14.041292220109034
493,49300.0,10.332031016633968,19.587437382870917,-4.97159103346914,-1.656526051552221,20.276303883879603
494,49400.0,10.957527950394645,7.140352320903539,3.8766511269629,-0.6717640726648271,8.152565375152689
495,49500.0,9.711249002332208,-4.850083205348254,12.388432499045134,0.2517795924933627,13.306387933823174
496,49600.0,8.583478123366856,-18.85904867386222,9.254783276045323,-3.6474892337456346,21.32179420405241
497,49700.0,8.854749283772021,-10.22600834876597,-0.9779204747702926,-7.093528369192779,12.483818323275496
498,49800.0,9.778199757884053,7.198165624031424,-9.986799670574069,-6.1126855329081415,13.744623692025566
499,49900.0,7.461135568629815,-10.343674620991946,0.2271870073456317,-3.2332411006718877,10.839606386596033
500,50000.0,9.503888233236058,-0.0184175816669245,3.806378273673356,-2.7211568760573863,4.679054339684613
501,50100.0,7.99629286635326,-2.012837831327319,3.0542648940995334,-5.269070637626946,6.414293068051516
502,50200.0,9.447431624068352,2.0403206013835966,5.753498989516497,1.7155256735857576,6.341032022906802
503,50300.0,8.967639158726616,-0.9428262032143772,-1.3328399626739322,2.4127587837204336,2.913209323750766
504,50400.0,9.835688483293827,-3.273749259576201,-1.5089389510296285,8.2511608969599,9.004220517070326
505,50500.0,8.833576370801293,-6.031058766724169,-7.611018263581395,3.900285724376142,10.464869688057389
506,50600.0,10.086707875791797,0.1458088494641706,4.988844097481668,5.981439559096098,7.790214685660433
507,50700.0,8.670190132522187,-9.404255189287662,14.004523282644152,6.941517332218587,18.241473375603658
508,50800.0,10.356253951691553,8.296861709037422,-3.1227514388389883,1.1120863554965703,8.934552413509252
509,50900.0,10.828047546020908,3.610105460616946,-0.05675653107916,1.0100506566099825,3.74917125102531
510,51000.0,9.43882018553429,-3.1371501230880616,9.06847443189025,2.34522270283252,9.878208792211254
511,51100.0,8.780291087602361,-6.68618555983901,0.6459038466425613,0.0663240420419722,6.717638573059743
512,51200.0,9.876043699512827,1.4597505790818484,-10.13026955293715,-1.1211055167987942,10.296121140900196
513,51300.0,10.368758639867254,0.5832034880552441,-10.354649031364918,0.3973147540451959,10.378667635347432
514,51400.0,10.334432534924174,-2.652928384494781,-0.0013405324509694,5.052051117548347,5.706246691530856
515,51500.0,9.073339907088197,-1.8622775697402656,4.967391746288538,7.708367277082801,9.357456095876385
516,51600.0,9.258502472450882,3.7044184539467095,-5.743567890912295,4.193382479953766,8.018462746851347
517,51700.0,10.478575938132327,5.891227242055535,0.3495990888029336,2.842915713720024,6.550644830529689
518,51800.0,10.567628929605666,1.4399081253960728,1.731482708739862,4.054875158683956,4.638251861721073
519,51900.0,9.964920973871163,-7.654135555681586,7.215691895708441,2.7306134897880256,10.86776198990178
520,52000.0,9.280928908398609,-8.685493635356426,3.7262131684944033,-2.4925232554726304,9.774207714487654
521,52100.0,9.847287204162464,3.974994360230863,-0.9474715872846544,-6.329642727488279,7.534099788974403
522,52200.0,11.82091271164872,6.595317544403672,-1.6012474965646863,-0.7769752770423889,6.8312442232662605
523,52300.0,10.107111737734664,-5.974617478336394,3.206329291945696,2.490572595436871,7.223541610177993
524,52400.0,10.109531673850812,6.198079576653242,-3.9360182986825705,-2.084930503794551,7.632520271295915
525,52500.0,11.321091050275392,9.981615555140376,-1.9994448927931487,2.055517137390375,10.385354094687502
526,52600.0,9.818169730554548,-8.932071236523987,6.123660797055066,9.884167503860592,14.662124176806781
527,52700.0,8.844896508152468,-6.566052307780087,4.00293795477748,10.18477789709866,12.761906440321985
528,52800.0,10.037611359476376,7.764268126559258,-8.786232985219359,4.320180291478336,12.495827598144052
529,52900.0,10.926443614061714,9.99116843188405,-3.2219305168055,5.69051053558141,11.940946069929383
530,53000.0,9.639565335278338,-4.029739199776947,8.009076708099245,6.52414225204736,11.088216261391477
531,53100.0,8.733988496151202,-9.143373459336162,8.377907055160403,5.245410000108183,13.464951946109363
532,53200.0,9.14654208150921,0.2832218726520427,-7.066502581644058,-3.645619468791783,7.9565202618207636
533,53300.0,10.563048084656439,-1.7256246454931796,-2.421261305060238,-2.2533066798716783,3.730640389808403
534,53400.0,11.15935762278991,0.8672464511247352,7.995948226046562,-0.6855467056469992,8.072005867578953
535,53500.0,9.145257910372896,-8.421119116169214,8.990726360768079,-0.3956533099355176,12.32497258433395
536,53600.0,9.936274414744906,-2.747823224772513,4.905726641978323,-4.514521440969408,7.210935459521714
537,53700.0,9.769572447050752,5.946822440457344,-6.521759368948638,-5.630411252698302,10.468981482422636
538,53800.0,10.900710308218764,5.198560862065852,-7.522119904652238,-2.731481564453244,9.54297199165523
539,53900.0,10.773548352389756,-2.509364373553544,6.392664478607475,-0.3781310403238982,6.877939500967276
540,54000.0,9.938272657649959,-10.408996012249588,2.4825490412838755,-3.5520827694274484,11.275084909936187
541,54100.0,9.603974710731503,5.260847940699756,-11.65325457957387,-4.423004984217882,13.529147661325176
542,54200.0,11.46580807505052,8.038680466094613,-1.644176424786821,0.057798375423951,8.205305625264517
543,54300.0,9.672769323972807,-7.456121470651031,5.75995010549426,3.436787214021385,10.029071689710245
544,54400.0,9.413983670405107,0.3864735324086621,-0.6143918505046516,-2.7233113746240734,2.818379672857406
545,54500.0,10.368677787333107,7.400717517614365,-3.97664385150522,-1.814590879451484,8.595176330769888
546,54600.0,11.050614252128875,1.343101044910401,4.339730434307456,1.1525308015197515,4.686737448134422
547,54700.0,8.769605869308634,-8.65615283973813,5.197553408803046,1.053156316040084,10.151486671827028
548,54800.0,9.6308525724625,7.987264491185546,-7.014520554605126,-2.849170675132424,11.005347163954704
549,54900.0,10.979906055489481,3.1276535954251887,-1.2383690211631355,0.9554280134607106,3.4969440279275465
550,55000.0,9.376936353460513,-7.3916606835365295,11.53688006733656,3.680651948457956,14.18743980125853
551,55100.0,9.142793474535548,-0.162376479736017,4.721269206637144,0.9050161834403871,4.8099691615436155
552,55200.0,9.837895546952716,6.370390796872973,-9.8627779050529,-1.936009701637924,11.899764723477507
553,55300.0,10.984009808197492,9.802337539476156,-1.8189673247270288,-1.0380198643751442,10.0235696538252
554,55400.0,10.560053767019589,2.2507912483669816,6.115319852435589,3.239554972486943,7.277218875441573
555,55500.0,9.221513438374204,-3.8872887235119937,2.777039796280861,3.042910767761618,5.664121254937146
556,55600.0,10.502389093779723,9.59998884409368,-6.550089296208322,-2.6821686482302844,11.92717419393946
557,55700.0,10.999827082195532,2.26011189859584,-1.9217802780747413,-0.9905343445736916,3.1276993971850233
558,55800.0,8.842073340108232,-12.3857644554466,6.193064081574977,-0.5287644063055515,13.857878469003621
559,55900.0,9.629042038996964,4.960719075970352,-4.915219327658415,-4.211307464066148,8.154950971439511
560,56000.0,11.066766842542432,1.948242361371964,5.732864553768933,-0.460378766974993,6.072341632318285
561,56100.0,8.350801919267688,-8.430216931396723,10.087006265491247,0.2410894354853779,13.148170101819124
562,56200.0,10.76928534636496,5.817981120979786,-4.304753876835108,-2.311754977376014,7.597632614152047
563,56300.0,9.73189069319434,-8.930811066171527,4.3350457766354085,3.5357799558229743,10.538204215196052
564,56400.0,9.193986122983508,-4.210917289370299,-3.511605132941902,-2.9126824924997985,6.208616136445903
565,56500.0,10.694389069959636,7.17011402707994,-6.511008220463991,-2.575269532750547,10.021765132679542
566,56600.0,9.074619832545741,-6.460423821383714,5.140796224053204,0.9662274001736194,8.31254817477698
567,56700.0,9.353971048089209,4.913159598000347,-3.3884300977371637,-0.6212197475994006,6.00054245360213
568,56800.0,10.939956664008422,1.1474775269441306,0.5761678037250414,2.6229713775269685,2.9203857382573415
569,56900.0,9.150986706076939,-8.366231696373225,3.6034882856056094,2.823864388322085,9.536937176343908
570,57000.0,10.973273142687583,6.0046498308554295,-3.571109121937305,0.4023373994803056,6.997893635587536
571,57100.0,10.18696783505471,-2.240221099960059,3.627019576370716,1.7088094607960431,4.592808656735954
572,57200.0,9.93679762722655,3.127507600079477,-6.339298910880089,-2.4779907421566545,7.4905575619078215
573,57300.0,10.914900259258436,2.2981678052678705,1.0280023211583496,1.6175126373935491,2.992442341233082
574,57400.0,9.35065020409843,-13.943802025437355,5.273969165673852,4.658110424798727,15.618654180648472
575,57500.0,9.13385174400191,-2.831872147656977,-5.652208528567851,-1.6168175586752591,6.5254164716998035
576,57600.0,10.640821560398452,9.277022379934788,-3.2843623101241888,1.84753737591058,10.01317004636203
577,57700.0,9.546822096250468,-7.156163787598908,15.191703646212815,5.157618132220208,17.567002152533153
578,57800.0,10.692022239879519,2.523488142590225,29.120036995196344,1.320472726820782,29.258984863280453
579,57900.0,9.248907085478747,-7.90828015538156,41.01321400798559,5.511083963249623,42.13070928350025
580,58000.0,9.869377972433988,5.214298477314412,25.23812662069201,0.4387239646336063,25.77487968254653
581,58100.0,11.348386977746003,5.458942280481756,31.293130758547782,2.9699845984742046,31.904245673708925
582,58200.0,10.02883391189649,-4.51221881262213,15.032999021458624,6.527794270125032,16.99891985466236
583,58300.0,9.223652998875629,-14.120558846622703,9.225875343820451,3.0176715022064746,17.135148067521268
584,58400.0,9.967682548806323,2.951629312290251,-1.0665910894978792,0.0234851152680523,3.1385161621387976
585,58500.0,11.338220605119714,7.4392278454720975,-9.472003859889508,-1.5420576963834465,12.142442505426352
586,58600.0,10.64951436932631,-3.299143058216572,-7.035455518783629,2.5678352960675954,8.183871784375178
587,58700.0,9.061812186397479,-7.534871872392297,-7.490258768329024,0.879782200611569,10.660782676258407
588,58800.0,10.903541109849995,4.997556860657037,-17.06572722453475,-3.018684718443453,18.036825599508656
589,58900.0,10.54472614736942,-5.599904628749192,-21.965537639915944,0.7333619956372306,22.679982263623923
590,59000.0,10.021294282398019,4.8764140209004285,-20.93254799821973,-3.4194504801616072,21.763355003015608
591,59100.0,10.560449711433007,-4.019981417284906,-4.699530841170251,2.241920963897556,6.578149460964662
592,59200.0,10.27232223912275,7.282657655596733,-17.40988008930087,-4.686101403799653,19.444808397594194
593,59300.0,10.31025266169177,-6.129352054215968,3.433326868195832,1.2061577307980509,7.128219024410011
594,59400.0,10.445397807228673,8.787348867774009,-12.864841779094936,-6.63405924500227,16.933174427475663
595,59500.0,10.21536143962781,-2.0245834130220115,-15.855953440886736,-0.0946934496768051,15.984966824027616
596,59600.0,11.339270855539716,16.330580040925742,-20.47956627539992,-5.246512222279608,26.713786137500414
597,59700.0,8.88321672952687,-0.3213644373801537,-12.504199978002903,-4.941337553496659,13.448981709002984
598,59800.0,9.077505610952924,9.602492109319568,-14.24515861710906,-8.244596229046584,19.055334311319502
599,59900.0,9.151539139000954,-0.951356258764118,1.2392238623321057,-3.3904277153402567,3.7330623628611286
600,60000.0,8.857598965936633,-3.002511251592636,-3.3866755922667684,-6.047215584982932,7.553374193991472
601,60100.0,8.767635934045488,-7.417463439899683,2.174037610454857,-1.6519722347382455,7.904063238503774
602,60200.0,9.597562257137906,8.406496529701352,-11.421858786812424,-5.689276832221449,15.280573056119877
603,60300.0,8.41026151336925,-15.033417370694876,2.451375406435132,1.2861641407437625,15.286173406766016
604,60400.0,8.970805340685994,-3.4482604418255387,-8.539304482957721,0.0534601665482274,9.209401669855
605,60500.0,9.31441182355269,-17.789872677004336,-3.0886290822051468,5.571163609331847,18.89595362593305
606,60600.0,9.35201748229916,-18.94560086197257,-1.477070771071315,3.733756261356175,19.366426255330264
607,60700.0,11.742412214695614,-1.6704550534062088,-0.7205454612420872,1.801690568487346,2.5604090985120265
608,60800.0,10.97621675176352,-14.547707077217105,-2.923669282595068,5.547154205153882,15.841544844309187
609,60900.0,11.283884747672731,-0.1358250436586793,-16.53593316684365,-2.65217556931302,16.747822825408253
610,61000.0,10.401496803301688,4.957006013055146,-13.638578691539168,-0.6899945477692411,14.527863910937574
611,61100.0,9.103472468091944,-17.638264621335267,1.3600156942728907,4.231874024784565,18.189743794307883
612,61200.0,10.059573873850137,-4.452838407406211,9.302005513304472,1.8806973158575595,10.48294323393447
613,61300.0,10.118454060104895,6.764237147600949,-0.8898335746211931,-3.561355608315021,7.696100424785568
614,61400.0,9.326695692079479,1.4082459184035658,11.024433842566609,0.3347312024066224,11.119053156348018
615,61500.0,11.380054504039487,12.74780132317543,10.470863887873293,0.4756848528519273,16.5036876246721
616,61600.0,10.42001065886721,15.371021789252758,5.139812676461041,-1.2245005305379628,16.253780690783312
617,61700.0,10.174414098324972,2.936892960443348,17.473204503285885,6.02406080853045,18.714366793980084
618,61800.0,10.923790390620722,12.950234542179109,4.759822650079429,2.119764694460481,13.959150716198291
619,61900.0,9.721817937857182,-2.7858883095145224,17.059644938904047,6.244837360882759,18.379081935135968
620,62000.0,11.302497973781861,10.555278226009012,2.5161153776317837,2.428201206625253,11.119392794657063
621,62100.0,9.341519515447974,-7.455861069595814,12.08900202140808,7.206065594404936,15.926745289405165
622,62200.0,11.32571277316701,13.1742930016011,-1.5391575329918414,-0.0522114287625881,13.264001207655806
623,62300.0,9.60924564060974,-5.210949122102559,6.782822098977864,4.527970515140891,9.677974135401952
624,62400.0,11.472956222905173,5.721549914476276,-3.5818203564897177,1.4098255069356411,6.8958812671053105
625,62500.0,8.913761059228086,-10.858999771526456,1.542347766083479,1.3053372356515378,11.045388991263852
626,62600.0,11.6485493343774,4.160664154583216,-0.6309774767305701,1.1615462275609374,4.3655982891393
627,62700.0,9.239815503534183,-10.40340635418892,2.9537675891518598,1.6428753800064326,10.938676622669384
628,62800.0,10.813550423766388,-4.8200149943232535,1.0013970172807574,3.4827418104059995,6.030325948874559
629,62900.0,9.484724257167313,2.1045886490285395,-7.48057782549262,-3.639319043916464,8.580966209482748
630,63000.0,8.990552679947559,-11.614045864623783,3.105349604715407,3.3139699101023377,12.470431190546487
631,63100.0,10.915671518878224,8.017265254068375,-6.266728978773951,-2.8253132427178325,10.560815743443971
632,63200.0,9.85332230773224,2.67706628165245,-10.638362384328246,-5.092187884783745,12.094288550823856
633,63300.0,10.082459208506839,-10.058742932599785,6.150881245064736,2.606788305719197,12.075056718121434
634,63400.0,11.391445725351845,0.9915359281405808,3.0157936264000837,0.0113244535242818,3.17463114976789
635,63500.0,9.298227593742084,2.7580571996860206,-1.7815899549029768,-2.519821610355377,4.1388939624210055
636,63600.0,9.00642866085027,-10.166004261678458,8.566837839120627,2.1783297455526887,13.471580222476247
637,63700.0,11.83367435191513,10.269927334606647,4.016707194180786,1.1514432002272457,11.087432777033376
638,63800.0,10.368248831711263,11.527928247454762,-12.527875129678844,-1.4001318642117082,17.082188214057123
639,63900.0,9.551769914607236,-7.284589746049046,4.935721855330467,5.233059733012318,10.237749370379444
640,64000.0,11.375883709791198,0.5628160597840324,-2.1587559104964136,2.6556578998178244,3.4683580955718574
641,64100.0,9.162380009738738,-9.366858182662725,0.9641213532786816,2.3571172680817543,9.706882301411342
642,64200.0,10.639857238784337,-1.3550498248055578,4.631960609324277,6.1089195360079405,7.7852499646097915
643,64300.0,9.455329578592545,-4.708312760035693,4.331562378913164,3.328829418841749,7.211917012034809
644,64400.0,10.836154887548599,0.9737987742975354,4.093825180126727,9.07004196086526,9.998667402715201
645,64500.0,9.020630938519274,-6.657809101898968,7.737740516111255,3.7356076701700687,10.869858094631772
646,64600.0,11.181699184605565,8.162732967478037,-3.3062291685707867,5.366464474260807,10.313113097749119
647,64700.0,9.842787706829105,-5.470451580235362,7.994899791634083,7.360554283386467,12.166430147280225
648,64800.0,9.196807310514973,0.7033880199121312,-2.661541896448284,2.1640527240917087,3.501668768709311
649,64900.0,9.828260863277928,8.154633213999867,-4.5438464417696,3.0725806932382285,9.82778385281811
650,65000.0,10.764418861235313,3.514079369853437,0.5302302828194574,6.188008459120989,7.135919468477853
651,65100.0,9.626754738514682,-5.415472379739582,3.927002872641385,6.9630806740254165,9.655733277718593
652,65200.0,8.83220344925255,-7.106866025863588,3.31870344633311,2.338245662100613,8.184664321193003
653,65300.0,10.122457171796807,1.2453612163826824,-4.073465659591555,-0.3719460883755237,4.275791263824705
654,65400.0,10.917600592783348,7.960542220276594,-6.077045166188478,-0.9379308768197894,10.058848081286092
655,65500.0,10.60823741318946,2.388393782691657,4.270314770065248,1.0039550307612866,4.994791166848567
656,65600.0,8.584829492719328,-10.759288365501163,6.476129846996069,-0.0317862076538032,12.558007576449342
657,65700.0,9.557112101464824,3.2326426051318644,-0.8590229004235939,-6.775788709165156,7.556402000106658
658,65800.0,10.362590474002824,8.913142214244605,-4.045189093203843,-6.717232195812464,11.871346482332326
659,65900.0,10.254389275736497,-3.2829860265143216,4.4790761615976695,-3.966343495666981,6.824368193268925
660,66000.0,8.76930233096543,-5.903238560892642,4.889207823564112,-7.994531815060973,11.075428551114058
661,66100.0,10.267208599930266,11.007087717193365,-14.757979648643731,-10.397955007508395,21.144063272274337
662,66200.0,8.71881056348445,-9.996164717048408,5.653274892233312,-2.9223196794211863,11.85001174540563
663,66300.0,10.301276478946136,6.96523559947908,-11.026483753824234,-11.087517492297293,17.11814519951268
664,66400.0,8.978502064295704,-13.417663827806711,10.878909780076146,-2.9535492364637554,17.524492394682497
665,66500.0,10.507143809150367,6.063402285329998,-9.780660218846798,-8.345613909217715,14.21532388347186
666,66600.0,9.483492352885104,1.5326729063864797,-7.168563573583961,-11.944044864821434,14.014192723070183
667,66700.0,10.928869120462693,-5.224285071225465,6.319294133421779,-1.9994786168642344,8.439463702713905
668,66800.0,11.447062033819654,3.2333663919992746,3.4439973350420594,-3.678439393262565,5.987210722748372
669,66900.0,9.114966833664562,-9.08323020709455,3.8854099939316513,-2.0176556777358057,10.083274083843918
670,67000.0,9.2135927581258,-0.9793894995756448,6.366557351830601,1.2773210703190416,6.566871814091416
671,67100.0,11.198221749405993,2.4963182806871838,-6.727940655599535,-1.597985866626352,7.351894262956975
672,67200.0,10.684724913162066,10.164639930903911,-14.105721962893009,-2.1303312143281103,17.516552403429994
673,67300.0,8.846518873235448,-13.323451579803228,7.144471353332698,4.809875574874878,15.86482700705339
674,67400.0,9.939534711839316,-6.736616279608011,5.422218047730625,6.394511618551612,10.75510233775611
675,67500.0,10.518829567088721,9.670349209213256,-9.668546892401576,-0.2227783454436343,13.676479189831651
676,67600.0,9.171533474976178,-8.67085226586163,6.640673858691752,3.5327462835296988,11.47878585119971
677,67700.0,10.636195982560826,8.11132211521268,-7.220439732652903,2.9929188878037034,11.264362381359327
678,67800.0,8.878024576295218,-5.773176344664395,3.8800158501058815,2.1939533819787203,7.293662971783196
679,67900.0,11.000172350422284,8.916838201680779,-3.935280637988448,2.5975265658929945,10.086802341436076
680,68000.0,9.089744555604552,1.7340813832048327,-2.80429055326581,-0.1114187880057608,3.299014685786367
681,68100.0,11.091798991719614,3.953585124622285,-0.6069461945950985,2.5354606147125365,4.735797667714126
682,68200.0,9.915347605224321,1.3035897738162427,-12.32426541016996,-2.6454928671509026,12.672233296023883
683,68300.0,11.198460878733089,3.21903238112703,0.2673870872556232,0.5895320874709636,3.2834758119001384
684,68400.0,10.14274840849743,7.988108019849658,-7.174916505557299,-3.2717219733282925,11.224680898326874
685,68500.0,11.01925789057398,2.0514115519009533,2.476432177808136,0.6610585477257147,3.2829870682166047
686,68600.0,10.44800120108063,3.888936934125424,-8.383782727494836,-7.33295774795115,11.797623177262546
687,68700.0,9.896003813616222,-2.115783119637519,1.2844783640764654,0.0848505232434254,2.476615127228756
688,68800.0,10.96175126050033,11.488422419169543,-6.248637508741021,-4.738414268244803,13.909776783774372
689,68900.0,8.8388503706275,-8.010208812358975,6.195868729005754,-3.531980234851688,10.72506964565022
690,69000.0,9.519147570591258,-1.447242790691927,4.936349806071818,-0.9245349500767888,5.2265501027952
691,69100.0,10.504346714379704,10.872748947241902,-6.746114941705764,-3.544200301419944,13.277352607091554
692,69200.0,9.154927436178674,1.8425069397881624,-7.9888841003716,-3.606882037062943,8.95693580537591
693,69300.0,11.008070786078292,-3.0603732198357583,8.282898236060143,3.948708794698119,9.672879022242675
694,69400.0,11.135262798457097,3.736081514713168,-0.785050057632476,1.2414956480953845,4.014463864803116
695,69500.0,9.335026569723354,1.227688095586002,-6.049985227681696,-0.1517864544042851,6.175158171492528
696,69600.0,9.268732636914073,-8.248721664780378,7.461135685068369,1.6622691754806789,11.246025681358327
697,69700.0,12.049402568579696,0.7344605892693624,0.5028678415294736,3.358919401102513,3.4748594167731848
698,69800.0,11.464909695581303,3.0195626115091145,-4.570519193789363,1.948342679811269,5.814072863629667
699,69900.0,9.387725899138792,-10.70595310674906,4.73617268473506,3.860418749709428,12.32686483038767
700,70000.0,9.655353623768441,-9.55373649404347,12.716423422908782,6.364926643583178,17.131654819267055
701,70100.0,10.695994835865712,17.331800753885506,-7.191862210947275,-2.6007649304911493,18.944080280058735
702,70200.0,9.286689035971387,1.2126928367882968,-0.0845078730741748,-1.3280587218236175,1.8004181363285996
703,70300.0,11.182650174389849,3.9778327317327262,-1.6750362977083773,2.06054479874745,4.782754928692249
704,70400.0,11.376630242387785,7.457916957271099,-5.698980826954544,0.7488942248895765,9.415930669223316
705,70500.0,8.883917307584984,-11.319013176611064,3.601700056064129,3.1719823927626014,12.29446114663604
706,70600.0,9.75550978185807,-8.070910432764888,6.117677122315764,4.980446376894414,11.285850198356325
707,70700.0,9.954671302201966,7.213188630482555,-8.029949773666262,-2.6763348108194767,11.120834123667603
708,70800.0,9.310960899675031,-4.582014406272769,2.1095874955147504,-0.2430194982245564,5.050175630316307
709,70900.0,11.116016114303022,1.8297865616843103,4.867601366172731,1.6613133755419405,5.459086375305091
710,71000.0,10.910631215152234,-2.0674460670411587,2.252991210396588,0.7847947258600965,3.1569297420097997
711,71100.0,10.45331658478064,8.770783091792465,-5.869784282375872,-3.27203061261177,11.049307122836616
712,71200.0,10.515249816280065,-3.9455472697556018,7.804249506935477,-0.6383174781136215,8.768186974924967
713,71300.0,10.649093148181164,7.822276943922043,-3.304187581609189,-3.559327895180136,9.207306187332005
714,71400.0,7.554972848958164,-14.339348666989803,6.8353300507709385,-1.3110104568377137,15.939178319926418
715,71500.0,8.258855068292496,-10.539002733170989,4.192244399276376,-3.091773531668633,11.756043351577794
716,71600.0,11.535377334976308,10.188222021219136,1.9561585534505543,-1.4429586597248911,10.474185120264362
717,71700.0,11.131795736969488,5.070896896867454,3.5910492260187863,0.374003843681328,6.224910341317255
718,71800.0,9.264869800559422,-5.3746662537261845,-8.43167773862779,-1.8450908866524696,10.167821163210066
719,71900.0,10.047571932201945,-1.5772394797693938,-8.713987487214803,-6.635546946112812,11.06579168328893
720,72000.0,11.495382837254223,1.5609712440099568,5.426992351667583,-2.795497748782486,6.301086007438113
721,72100.0,10.65309738726934,12.52414499128461,-5.618101966752112,-5.01713987378329,14.614683369291637
722,72200.0,11.935450890084846,3.386557131130993,1.653877217867598,0.1287275941191706,3.771027691184905
723,72300.0,10.547789253760198,14.505115709871054,-7.994806730273366,-1.6856414508473128,16.648024012236018
724,72400.0,11.852054271610342,18.4382491063714,0.5873157970145345,4.841463076646626,19.072329031257855
725,72500.0,10.379409414641717,16.00697239252925,-15.29658806861043,0.6794200771316886,22.151080862051813
726,72600.0,11.976728644269679,9.68341109689772,-2.9670663991078734,5.43009240488559,11.491642050370043
727,72700.0,10.933099888589826,12.344849046367408,-0.9476134204823524,-0.3408090057240799,12.385855640635377
728,72800.0,10.808771940414072,8.834986892947555,-1.0123214818775654,-3.761495803928375,9.65560142426129
729,72900.0,9.178262467141614,-5.603439679795503,7.622115617403388,-0.7924803456109017,9.493324382341044
730,73000.0,8.898759793765832,-5.624385743035376,3.9294071000888944,-1.8634322990097103,7.109594578995432
731,73100.0,11.203636651551292,13.722692501243948,-2.6961184608243407,-1.6436030088566245,14.081291669772956
732,73200.0,8.740020071631404,-13.887636506035925,-3.38355654257834,2.092599955201149,14.446240935728374
733,73300.0,11.820770587654948,9.211212629976869,0.885880921390839,2.817038679023087,9.673000053791057
734,73400.0,10.488815543150139,-3.149542651994526,8.635844972527027,5.336480786857009,10.628991696993042
735,73500.0,10.353144258204305,11.192629872339964,-3.059932245589793,-3.5450553560324014,12.132830102005514
736,73600.0,9.897005516679352,5.452004940238595,-4.031979502625763,-0.9521842060536146,6.847471894081661
737,73700.0,9.437386437931094,-3.681974444308877,1.511533143181354,4.364308878824115,5.906679290537313
738,73800.0,11.165276621895615,1.8004009429335597,1.0433110217180104,3.046385627744347,3.689228487947263
739,73900.0,10.456748816865556,8.971250069385768,-13.989548087534308,-4.261992181585729,17.156787603067972
740,74000.0,10.54504341508358,2.548714601536095,-8.463682308974862,-5.332024513716996,10.322807261700488
741,74100.0,9.395454332477229,-11.77657368913293,5.182250791382789,-0.4801179140126332,12.875322300110447
742,74200.0,10.327694793075686,-9.221575738200546,11.73534836010933,1.02829260430187,14.960389229847985
743,74300.0,10.024028807052957,-2.930430318517238,-5.36275354578048,-5.39166745442301,8.149639586113636
744,74400.0,10.343836757001164,3.521100379943848,-2.139068096617609,-4.400250627748668,6.027932132548486
745,74500.0,10.269239898866081,5.015133504997194,5.798430124376714,2.64953847502023,8.111313710542658
746,74600.0,8.985646682935776,-6.237754879067838,4.987950196154416,5.933166326102614,9.949457057741869
747,74700.0,11.922156740034277,9.06896108304262,6.643177123917639,3.4827469330497087,11.768915991931939
748,74800.0,11.297960530495342,4.826019159637392,4.8488990208774805,3.918819022428989,7.88412488323245
749,74900.0,9.778596619763533,5.369378831644356,-2.712289793240279,-0.7929357806531713,6.067577120438269
750,75000.0,9.745770298891207,-0.2847854796029627,-1.05985822811611,3.526294313777983,3.693122502772017
751,75100.0,10.444536610576804,-0.4231114005885087,1.6424466787610204,7.511846442693471,7.700940937865166
752,75200.0,11.758651441871418,5.485119843609631,-1.7322912326719613,4.542254580236971,7.329355311706211
753,75300.0,9.853961013161673,-9.817930866926908,-3.644768683049082,4.764591831372679,11.505539560588836
754,75400.0,9.313343634776684,-17.64983667347431,8.709079140767455,10.276161592000722,22.20279917364881
755,75500.0,10.573549296247569,0.0243420608564105,-7.548977071845531,8.643336838951706,11.475840669805239
756,75600.0,8.71848557188764,-12.495367686474324,10.570728119435906,13.588236764261126,21.272392553655955
757,75700.0,9.682247930824932,-1.9779859248518945,4.529729289481044,12.439609417247771,13.385617587865497
758,75800.0,10.173816050853283,8.869997601377964,-5.947174195325375,11.581930303663016,15.753947058337555
759,75900.0,10.470737984551203,8.150681948152185,-6.6944996105790135,11.116894146421552,15.324336093897127
760,76000.0,10.827048048884253,4.659679234434664,-6.1093711824283,7.815125733304024,10.959617559014445
761,76100.0,10.018678524643404,5.288983634385467,-3.3400813057489693,6.479674289555848,9.006423813731072
762,76200.0,9.389391495323625,4.148257538406551,2.142284049649537,3.4549926628768444,5.808131873060599
763,76300.0,8.821916571816496,-2.5278453779518606,4.99183572140783,5.23517751929909,7.662604634387082
764,76400.0,10.238216621284435,-0.9366529906578362,0.1224646018955391,3.992914221699536,4.103130559155547
765,76500.0,10.662970717752033,0.0993039090563775,-7.192362522482872,2.631153093304485,7.659171399151204
766,76600.0,10.370213607111394,-0.2641865555156953,-12.366703098204733,-4.150569558267296,13.047312662509354
767,76700.0,9.751373448236954,-3.622887737332285,-7.248691112709046,-3.229836463596672,8.723570483830484
768,76800.0,9.193762202122405,-2.150550289048254,-3.4672167848713698,2.4927979572415357,4.781265568303737
769,76900.0,9.955483905486425,-3.5378420333594085,-0.3822635196927935,1.9142828621193768,4.040659664918157
770,77000.0,10.710149742537372,-3.2005061267092825,-3.625403809167445,-0.4124096642713062,4.853542415371875
771,77100.0,9.967202950589657,0.1816370197727345,-6.493896882927418,-2.1849452130161224,6.854026139206679
772,77200.0,9.207908498912953,-4.474824794206024,1.702565918610245,-0.0013409174413231,4.78777499932001
773,77300.0,8.85766444681538,-8.040041381773353,6.001039220814407,3.797611722739041,10.727375818300846
774,77400.0,11.033000396224619,-1.0207092773426325,-1.2051287197429688,8.013623908165098,8.167762900667348
775,77500.0,10.160744601036809,6.459869722089171,-9.91675007917285,3.248003279180825,12.272789994972966
776,77600.0,9.720225790290247,-2.8142007344082,4.628834942887724,6.017444487293065,8.09663367454004
777,77700.0,9.669301647065998,-4.127170602464676,6.763975465884805,9.622310764056444,12.46490135239813
778,77800.0,9.60072034282115,-5.450326847536862,-1.6213305010613055,1.9533784520208837,6.012525485640149
779,77900.0,9.410219363538303,-7.179671172693372,4.327867672137916,5.293478327353299,9.914586705339753
780,78000.0,9.983685381683117,-2.322313599834591,-10.579998397001624,-1.3213789011485877,10.912174335893571
781,78100.0,9.167210561311038,-3.2536823700629176,2.3696034986794,3.4078587912216785,5.273990068924929
782,78200.0,9.716170647349326,3.2648983984641733,-5.041342657761276,-3.208916013575345,6.809687168103814
783,78300.0,9.573430288003916,-9.844523364195227,8.917623673716188,2.359557994365692,13.490966095242555
784,78400.0,8.822375524550864,-9.634212372940778,9.305383896830678,-0.3253844587113708,13.398286926330984
785,78500.0,9.528254030358553,0.8813515438562259,-4.362837399418652,-4.998523759657145,6.693009076154077
786,78600.0,10.129128532306467,2.948661167147756,-5.345265693931282,-7.181364206439256,9.425415634490118
787,78700.0,9.273672004852092,-1.4076719688646495,-5.2413989700838926,-10.422254267942906,11.75062498598172
788,78800.0,10.20021108752104,4.488516340179741,-8.365637469702959,-10.914359328317644,14.46561124730625
789,78900.0,10.372870489540379,-4.79136959758848,-2.9072926175437868,-18.241027323567867,19.082574532904864
