,Frequencies,Sample 1,Sample 2,Sample 3,Sample 4,Sample 5,Sample 6,Sample 7,Sample 8,Sample 9,Sample 10,Sample 11,Sample 12,Sample 13
0,10.0,1.0,0.4428547728179902,0.9802691222372627,0.3373427688570801,0.20273291617125358,0.33092762689824934,0.22925720202928807,0.2865189293116976,0.2865189293116976,0.2865189293116976,0.2865189293116976,0.2865189293116976,0.2865189293116976
1,12.0,0.4678597967437285,1.0,0.6473814992719119,1.0,1.0,0.8960294030477051,1.0,1.0,1.0,1.0,1.0,1.0,1.0
2,14.0,0.6457191964662367,0.5179683375466108,1.0,0.2659110823578938,0.03866656998031246,0.26517407566324136,0.2808052654938808,0.28298075099642084,0.28298075099642084,0.28298075099642084,0.28298075099642084,0.28298075099642084,0.28298075099642084
3,16.0,0.7995841281029988,0.5398211473392573,0.3612306690465438,0.5923424629723448,0.8034493621202007,1.0,0.6221875121200768,0.9420751886919863,0.9420751886919863,0.9420751886919863,0.9420751886919863,0.9420751886919863,0.9420751886919863
4,18.0,0.4837944276060628,0.5422450176320904,0.6528316639168126,0.14137352932928005,0.08021757570258324,0.09185760583196398,0.13778628634800805,0.18154607417057997,0.18154607417057997,0.18154607417057997,0.18154607417057997,0.18154607417057997,0.18154607417057997
5,20.0,0.058870981022145066,0.03640023541061244,0.05095510524553106,0.3053952368444307,0.2898987071905749,0.3274635296418895,0.15508009795780728,0.5611922632160816,0.5611922632160816,0.5611922632160816,0.5611922632160816,0.5611922632160816,0.5611922632160816
6,22.0,0.3792069133487072,0.3740268594566909,0.4110272292145705,0.08704429629796125,0.11794784436679479,0.20896497232857522,0.22366622985510543,0.08473198750123218,0.08473198750123218,0.08473198750123218,0.08473198750123218,0.08473198750123218,0.08473198750123218
7,24.0,0.4057405326984796,0.22661509742157684,0.17486785682687592,0.5370439393607851,0.6079653121637849,0.6858428525363423,0.4079248492309774,0.7929292659370744,0.7929292659370744,0.7929292659370744,0.7929292659370744,0.7929292659370744,0.7929292659370744
8,26.0,0.22688866318536413,0.25191029496966993,0.44124340364146014,0.2365910130528513,0.21871023868992734,0.0887700922024477,0.1755756698795938,0.05455835033538511,0.05455835033538511,0.05455835033538511,0.05455835033538511,0.05455835033538511,0.05455835033538511
9,28.0,0.134287751792489,0.3710482484896582,0.23694142972579776,0.5634786684801223,0.526224634987397,0.5657261115830632,0.5356536767790889,0.7349673549452919,0.7349673549452919,0.7349673549452919,0.7349673549452919,0.7349673549452919,0.7349673549452919
10,30.0,0.1364632232321239,0.29191997354480037,0.1584794661082904,0.5616879836358888,0.42460230570897617,0.681322055572684,0.335690492385361,0.5371557351784237,0.5371557351784237,0.5371557351784237,0.5371557351784237,0.5371557351784237,0.5371557351784237
11,32.0,0.24593344515739077,0.2665238779144432,0.3880895917196921,0.27178592350782294,0.2090841391415277,0.22621643129203017,0.21698234949595102,0.2980226405604639,0.2980226405604639,0.2980226405604639,0.2980226405604639,0.2980226405604639,0.2980226405604639
12,34.0,0.39188925051799817,0.15230479999877647,0.34427803626866443,0.5151188040370417,0.4527365986012426,0.4498560888622354,0.4264496708694114,0.6766938200842139,0.6766938200842139,0.6766938200842139,0.6766938200842139,0.6766938200842139,0.6766938200842139
13,36.0,0.33709775267701436,0.2705378820678078,0.17807261267157848,0.32203218496323155,0.36567752879675375,0.4140315598096949,0.2106314725572483,0.24127131906875396,0.24127131906875396,0.24127131906875396,0.24127131906875396,0.24127131906875396,0.24127131906875396
14,38.0,0.09187716461194932,0.20074347501017162,0.335472135454697,0.4630667282052466,0.479921030240679,0.5735472882405325,0.38010068030160044,0.5901194056723772,0.5901194056723772,0.5901194056723772,0.5901194056723772,0.5901194056723772,0.5901194056723772
15,40.0,0.2620837122220931,0.17329728970048544,0.13364044448155762,0.24856695115769464,0.2604703391286102,0.2970387633883089,0.22115983345657314,0.23583241535343058,0.23583241535343058,0.23583241535343058,0.23583241535343058,0.23583241535343058,0.23583241535343058
16,42.0,0.3425279472396386,0.26943988274394154,0.30760073460282283,0.41212949613080413,0.4190143481519825,0.5189708527175546,0.3906008641701113,0.6259069014026911,0.6259069014026911,0.6259069014026911,0.6259069014026911,0.6259069014026911,0.6259069014026911
17,44.0,0.13013997615900652,0.08363358522797194,0.1245334738698957,0.24490625388367943,0.3163845856064839,0.4261400190851416,0.27174472801815036,0.300800066708254,0.300800066708254,0.300800066708254,0.300800066708254,0.300800066708254,0.300800066708254
18,46.0,0.21592618959011242,0.19085813093103415,0.16048166764295088,0.3675513370127461,0.4499160995114206,0.47285771632690315,0.2792064455370107,0.44101273345297914,0.44101273345297914,0.44101273345297914,0.44101273345297914,0.44101273345297914,0.44101273345297914
19,48.0,0.4399677769296897,0.28162767191443183,0.3862003264764954,0.0366368076434614,0.06529819258295941,0.06939634588045783,0.01591428409215966,0.14084900161691896,0.14084900161691896,0.14084900161691896,0.14084900161691896,0.14084900161691896,0.14084900161691896
20,50.0,0.394885798398257,0.4010976145113715,0.4479054800364958,0.5300363166363602,0.5018970064009882,0.6067231206677741,0.41599825195843493,0.4431834666674953,0.4431834666674953,0.4431834666674953,0.4431834666674953,0.4431834666674953,0.4431834666674953
21,52.0,0.232563275206612,0.33501238930064675,0.3448561868017539,0.1478926679121256,0.12192061656842315,0.12335524083106943,0.1273742156713405,0.2139735107069207,0.2139735107069207,0.2139735107069207,0.2139735107069207,0.2139735107069207,0.2139735107069207
22,54.0,0.3177545812518646,0.15910441526926583,0.2105731803443932,0.36667550781230857,0.29545442229672597,0.33410070177760803,0.29850740637349216,0.26642782260754316,0.26642782260754316,0.26642782260754316,0.26642782260754316,0.26642782260754316,0.26642782260754316
23,56.0,0.3758360488578217,0.4008535769516764,0.4380622328501684,0.09910236976617959,0.08677342391334252,0.19003008214609304,0.15514647169601656,0.14468214692256223,0.14468214692256223,0.14468214692256223,0.14468214692256223,0.14468214692256223,0.14468214692256223
24,58.0,0.3182939608987066,0.3584448539098642,0.42351219107220905,0.4189851867407219,0.45515333930518737,0.5280752009495165,0.3573753366379935,0.5136970799881235,0.5136970799881235,0.5136970799881235,0.5136970799881235,0.5136970799881235,0.5136970799881235
25,60.0,0.34478829909299397,0.26575117251050373,0.31972560627215685,0.11187722599198217,0.08226398712782977,0.06869007168201627,0.04182924592808367,0.1427747303361752,0.1427747303361752,0.1427747303361752,0.1427747303361752,0.1427747303361752,0.1427747303361752
26,62.0,0.37911767544029223,0.3592859100114532,0.404160612724454,0.30251995145973853,0.3002669277577965,0.33709940912120706,0.2066304820650129,0.4575430269544355,0.4575430269544355,0.4575430269544355,0.4575430269544355,0.4575430269544355,0.4575430269544355
27,64.0,0.2546922322487743,0.2197965230225542,0.21992692718785792,0.15844610567907902,0.19490245437159764,0.24230012456929267,0.15172308435835846,0.32644609344113606,0.32644609344113606,0.32644609344113606,0.32644609344113606,0.32644609344113606,0.32644609344113606
28,66.0,0.11658855834632952,0.13934602697146464,0.18573916710396063,0.08694608480742641,0.10141173024983384,0.15008483562931038,0.07559028260236818,0.2431652978938547,0.2431652978938547,0.2431652978938547,0.2431652978938547,0.2431652978938547,0.2431652978938547
29,68.0,0.3269612674083002,0.2796814513157227,0.27560955310130364,0.22780642326191952,0.19777200566554304,0.23935528430461134,0.20382990798592238,0.32644955976477513,0.32644955976477513,0.32644955976477513,0.32644955976477513,0.32644955976477513,0.32644955976477513
30,70.0,0.44517835496240643,0.351949552356595,0.4859220151789193,0.2590819576933911,0.3156530363939616,0.30694352501045447,0.2628358690740483,0.397286073824674,0.397286073824674,0.397286073824674,0.397286073824674,0.397286073824674,0.397286073824674
31,72.0,0.39140836504963533,0.41138685860298524,0.43059864236898193,0.4180397550487082,0.36038665992696156,0.4678344518611105,0.3067194463541,0.3247304693031268,0.3247304693031268,0.3247304693031268,0.3247304693031268,0.3247304693031268,0.3247304693031268
32,74.0,0.2809890632560127,0.30466990011954653,0.3323118692303953,0.09120216772978773,0.0937984948258163,0.167811785629155,0.08637550085933177,0.036161239455623606,0.036161239455623606,0.036161239455623606,0.036161239455623606,0.036161239455623606,0.036161239455623606
33,76.0,0.2787400919416454,0.19064767842123725,0.25166743706827455,0.31305913723951806,0.3222459616590836,0.33664284373448544,0.23263573535400472,0.29761751970081857,0.29761751970081857,0.29761751970081857,0.29761751970081857,0.29761751970081857,0.29761751970081857
34,78.0,0.2821576680520365,0.28426941512405596,0.3113431549643799,0.08047756279529575,0.05053163545242614,0.021272273879156246,0.01581306653064521,0.03682620149460032,0.03682620149460032,0.03682620149460032,0.03682620149460032,0.03682620149460032,0.03682620149460032
35,80.0,0.1948474998476466,0.20040926063509637,0.1799313658656472,0.2471221205218661,0.26464627888555864,0.33442561584851044,0.20971940904992542,0.33666795996106985,0.33666795996106985,0.33666795996106985,0.33666795996106985,0.33666795996106985,0.33666795996106985
36,82.0,0.1278810267146701,0.08881116241522133,0.17677099893907897,0.014244240834825544,0.033702025429496275,0.054930843118418934,0.011469756837936445,0.06866780435067832,0.06866780435067832,0.06866780435067832,0.06866780435067832,0.06866780435067832,0.06866780435067832
37,84.0,0.20091033504505423,0.22459582900628194,0.17382101421446006,0.21051538828759614,0.18286384971120706,0.21480336556842128,0.19423145172632486,0.3212360928522867,0.3212360928522867,0.3212360928522867,0.3212360928522867,0.3212360928522867,0.3212360928522867
38,86.0,0.22805105417780897,0.19538515030741563,0.2200045297674704,0.11159600958983901,0.14511344957837768,0.15804878502221847,0.11656356960261133,0.2090318155451592,0.2090318155451592,0.2090318155451592,0.2090318155451592,0.2090318155451592,0.2090318155451592
39,88.0,0.14302070508915044,0.06055577719480449,0.18516213365646175,0.12042412050330825,0.13470322303177193,0.15390773677911404,0.11528001236802952,0.22529081333811518,0.22529081333811518,0.22529081333811518,0.22529081333811518,0.22529081333811518,0.22529081333811518
40,90.0,0.015759618814052027,0.05668165233849967,0.06993569010818075,0.10238882941383672,0.13886125727405121,0.14786032129665616,0.15634362650640501,0.18487944010092003,0.18487944010092003,0.18487944010092003,0.18487944010092003,0.18487944010092003,0.18487944010092003
41,92.0,0.15836962795058307,0.06393425521204062,0.15692151026799425,0.24628189844326648,0.2659781120184614,0.3182292337482134,0.15169579740811687,0.24195487724400686,0.24195487724400686,0.24195487724400686,0.24195487724400686,0.24195487724400686,0.24195487724400686
42,94.0,0.18503718646316963,0.17220595941662245,0.1126902702758287,0.10752496698032109,0.08760636849607517,0.09852371652626192,0.11536039363286643,0.13529069566690602,0.13529069566690602,0.13529069566690602,0.13529069566690602,0.13529069566690602,0.13529069566690602
43,96.0,0.07341722958076842,0.12123619454064906,0.19673512287771894,0.2792373710780247,0.2658121434517064,0.3045903118506155,0.2523659923978437,0.2849817618559435,0.2849817618559435,0.2849817618559435,0.2849817618559435,0.2849817618559435,0.2849817618559435
44,98.0,0.14182632565428469,0.10083382885687484,0.09559836407787631,0.16894356065482022,0.15870622862596317,0.21464541281286567,0.10841241390020316,0.23889558717995632,0.23889558717995632,0.23889558717995632,0.23889558717995632,0.23889558717995632,0.23889558717995632
45,100.0,0.29542567774786244,0.31344161190272707,0.3918763787555117,0.4281618912297531,0.4235329632228745,0.5055943872606674,0.38230632726817393,0.4498858940075678,0.4498858940075678,0.4498858940075678,0.4498858940075678,0.4498858940075678,0.4498858940075678
46,102.0,0.33303795346877435,0.2989716277203391,0.3064227599149478,0.10393295664107194,0.0951812181456705,0.12454041145701697,0.08218316280424623,0.12165918128529245,0.12165918128529245,0.12165918128529245,0.12165918128529245,0.12165918128529245,0.12165918128529245
47,104.0,0.2702509607853532,0.21367413436623925,0.3011941459430804,0.30585702627326644,0.28495290390590666,0.2832659842614714,0.18391302896258616,0.26647597989540484,0.26647597989540484,0.26647597989540484,0.26647597989540484,0.26647597989540484,0.26647597989540484
48,106.0,0.1954315820608227,0.24105137781744226,0.2204379503120948,0.13658639679843804,0.1501145040092159,0.2225222175838082,0.1475793221571825,0.256278817772824,0.256278817772824,0.256278817772824,0.256278817772824,0.256278817772824,0.256278817772824
49,108.0,0.15526037269771034,0.12772333550449072,0.16544937154085906,0.13748537854952816,0.1180151488794464,0.20345379834436939,0.11708218294495826,0.23387118967167567,0.23387118967167567,0.23387118967167567,0.23387118967167567,0.23387118967167567,0.23387118967167567
50,110.0,0.11829033869145374,0.08166922304790697,0.044731245660736156,0.09490255262779017,0.12003561298294978,0.08587148703719015,0.11787857034768101,0.1770729515799634,0.1770729515799634,0.1770729515799634,0.1770729515799634,0.1770729515799634,0.1770729515799634
51,112.0,0.10323028106895309,0.17839559897366966,0.2120941050044715,0.16173089934412627,0.1815541969046307,0.18640739827533065,0.16760153667205954,0.2901523748888569,0.2901523748888569,0.2901523748888569,0.2901523748888569,0.2901523748888569,0.2901523748888569
52,114.0,0.10174242978592798,0.09209591440617002,0.18262432052501404,0.2595734493647747,0.25775488272993813,0.34329755148543784,0.19634936643455597,0.22588655896176144,0.22588655896176144,0.22588655896176144,0.22588655896176144,0.22588655896176144,0.22588655896176144
53,116.0,0.048783113377720504,0.03248009242857422,0.09144914490733612,0.2366785273421062,0.23752070577378584,0.2576743886545577,0.2205461407082488,0.35056106728055253,0.35056106728055253,0.35056106728055253,0.35056106728055253,0.35056106728055253,0.35056106728055253
54,118.0,0.05433875556108285,0.08405776542776829,0.1105213560483885,0.22006849885589594,0.2314751249272956,0.26871370464518335,0.1787264686328572,0.2218658626581491,0.2218658626581491,0.2218658626581491,0.2218658626581491,0.2218658626581491,0.2218658626581491
55,120.0,0.13689434287561347,0.07376124719428771,0.09039288758103751,0.2679758270952936,0.2900854174119393,0.37145288633757195,0.23565088054351996,0.32796305599330045,0.32796305599330045,0.32796305599330045,0.32796305599330045,0.32796305599330045,0.32796305599330045
56,122.0,0.1285679808483351,0.08629307109099665,0.10272114691380772,0.2421672316538425,0.2335924641020748,0.2704436515509449,0.18474083736104013,0.2693872988626356,0.2693872988626356,0.2693872988626356,0.2693872988626356,0.2693872988626356,0.2693872988626356
57,124.0,0.024713752286728147,0.03893001815151389,0.08247039935727772,0.29101558194903815,0.2646602365641246,0.25684048722991293,0.18940140200264446,0.24351219969982804,0.24351219969982804,0.24351219969982804,0.24351219969982804,0.24351219969982804,0.24351219969982804
58,126.0,0.14066310242053173,0.11744794294516227,0.10977358215481717,0.1679727617304559,0.10732979331652964,0.1459530293511504,0.10035007179627697,0.16230291404069866,0.16230291404069866,0.16230291404069866,0.16230291404069866,0.16230291404069866,0.16230291404069866
59,128.0,0.2288207535075137,0.15892012752066104,0.184811019716205,0.3283337470943726,0.271752373510154,0.37883060588867196,0.2347832326635715,0.3033776840344589,0.3033776840344589,0.3033776840344589,0.3033776840344589,0.3033776840344589,0.3033776840344589
60,130.0,0.1888486843978077,0.14964305700335945,0.2588558264105115,0.16930162156005094,0.21110859662128503,0.20918771751506837,0.17496795404269855,0.26919166889010426,0.26919166889010426,0.26919166889010426,0.26919166889010426,0.26919166889010426,0.26919166889010426
61,132.0,0.05477036222150457,0.11234472244181841,0.025199482226129676,0.15700552223396874,0.17833577903490105,0.1641433377297245,0.1454256476345389,0.19855358785777447,0.19855358785777447,0.19855358785777447,0.19855358785777447,0.19855358785777447,0.19855358785777447
62,134.0,0.11266744881703239,0.019827656451356333,0.11775494080061585,0.08322104052549248,0.13092205416000532,0.15599567617253154,0.07456997038584132,0.12417625075324393,0.12417625075324393,0.12417625075324393,0.12417625075324393,0.12417625075324393,0.12417625075324393
63,136.0,0.17703713578109367,0.1647080857720952,0.09864535253342467,0.19785477521203712,0.23521867988162778,0.2876935850906738,0.19565299325983687,0.28701863708488373,0.28701863708488373,0.28701863708488373,0.28701863708488373,0.28701863708488373,0.28701863708488373
64,138.0,0.13200752252710501,0.18476895368260024,0.22939648101089474,0.18463148367700272,0.16613868252789277,0.19586039850893922,0.13904989923129568,0.19324839316531817,0.19324839316531817,0.19324839316531817,0.19324839316531817,0.19324839316531817,0.19324839316531817
65,140.0,0.05372379009921811,0.038721518541730844,0.0972887569669079,0.09724489092866732,0.09818689716523975,0.131908371276935,0.0922648165293088,0.14771244961353497,0.14771244961353497,0.14771244961353497,0.14771244961353497,0.14771244961353497,0.14771244961353497
66,142.0,0.12654308975568895,0.11801430803109716,0.12668948789169304,0.12550408855001896,0.11101550440460965,0.1427532343000396,0.08764138471907877,0.11803780538780449,0.11803780538780449,0.11803780538780449,0.11803780538780449,0.11803780538780449,0.11803780538780449
67,144.0,0.1779275796269585,0.19095064712096638,0.23524470771367906,0.2213417896288371,0.22434403243045628,0.26374919495361604,0.1532429548547261,0.2034876871009433,0.2034876871009433,0.2034876871009433,0.2034876871009433,0.2034876871009433,0.2034876871009433
68,146.0,0.15614929459267565,0.13092072150041784,0.18113339230321096,0.34265341651309567,0.3149618478235676,0.32466042152748653,0.2689412898596014,0.3903615170819507,0.3903615170819507,0.3903615170819507,0.3903615170819507,0.3903615170819507,0.3903615170819507
69,148.0,0.08590504390806053,0.058338156109809705,0.05111079218389572,0.19060607780823338,0.15694348262582236,0.23941356307986056,0.1453350091067835,0.19353663014339592,0.19353663014339592,0.19353663014339592,0.19353663014339592,0.19353663014339592,0.19353663014339592
70,150.0,0.029909070741210304,0.05894576299272995,0.06195279586445112,0.27235806848296346,0.25056504359688575,0.3598151684172492,0.2056241458945462,0.28644247361322556,0.28644247361322556,0.28644247361322556,0.28644247361322556,0.28644247361322556,0.28644247361322556
71,152.0,0.05649687010880343,0.02042888996683037,0.0787661880881295,0.19301444800154405,0.20006562266958683,0.20203201440393298,0.19769230740145727,0.3064398708049988,0.3064398708049988,0.3064398708049988,0.3064398708049988,0.3064398708049988,0.3064398708049988
72,154.0,0.07792026953446132,0.022625478170023965,0.011595995111706166,0.18983497639389818,0.2066821888132793,0.18693107845178555,0.13655668238202834,0.15260240069876663,0.15260240069876663,0.15260240069876663,0.15260240069876663,0.15260240069876663,0.15260240069876663
73,156.0,0.08282475986780588,0.08861884194873819,0.11797526163702449,0.14857084549777547,0.16204903991753358,0.2089971756419337,0.11908241945128338,0.22557586366272306,0.22557586366272306,0.22557586366272306,0.22557586366272306,0.22557586366272306,0.22557586366272306
74,158.0,0.0696276637707597,0.12103641145082834,0.18248689445851818,0.03338588530354785,0.03530456889191052,0.060296405113585645,0.07066555813640496,0.11442588698537971,0.11442588698537971,0.11442588698537971,0.11442588698537971,0.11442588698537971,0.11442588698537971
75,160.0,0.059728791469410424,0.12525950794720098,0.1700138306487778,0.13520345568716538,0.12348529608177215,0.13597540409080167,0.12526115516807335,0.10274794241792747,0.10274794241792747,0.10274794241792747,0.10274794241792747,0.10274794241792747,0.10274794241792747
76,162.0,0.07550779016166752,0.1367906238398857,0.14327226877850843,0.20570493517369137,0.2079819168589377,0.2582746697205543,0.15899207971813956,0.30259849647977716,0.30259849647977716,0.30259849647977716,0.30259849647977716,0.30259849647977716,0.30259849647977716
77,164.0,0.08940433870457293,0.08467932809996075,0.08858720249080766,0.1425908702068408,0.17493216157662603,0.22735379221303728,0.1664228802585159,0.1437502372264292,0.1437502372264292,0.1437502372264292,0.1437502372264292,0.1437502372264292,0.1437502372264292
78,166.0,0.10926752614851606,0.04779284052738953,0.0439880662358936,0.11340350811606587,0.15401454562247688,0.16229228211716973,0.1013895642668082,0.18978074952500035,0.18978074952500035,0.18978074952500035,0.18978074952500035,0.18978074952500035,0.18978074952500035
79,168.0,0.1340439180144226,0.1480235457366981,0.15829774951843026,0.17811862459332908,0.1478251928955392,0.16473378202242128,0.11983417835783813,0.08129290404372214,0.08129290404372214,0.08129290404372214,0.08129290404372214,0.08129290404372214,0.08129290404372214
80,170.0,0.12222696964260558,0.13003480552239974,0.2007428322562483,0.01165230742502729,0.0671796880462864,0.004479784866671721,0.017514147965755015,0.10041620393615926,0.10041620393615926,0.10041620393615926,0.10041620393615926,0.10041620393615926,0.10041620393615926
81,172.0,0.0580558592887348,0.028883176934410556,0.05239772516142128,0.1159366133985174,0.05907429908562271,0.17176624839262306,0.10225830256513564,0.24852542906377612,0.24852542906377612,0.24852542906377612,0.24852542906377612,0.24852542906377612,0.24852542906377612
82,174.0,0.03810092937223153,0.012553683004906424,0.05433001281823202,0.1110555140759376,0.06255706669588415,0.08356682301509556,0.10272240226714187,0.10517424470810015,0.10517424470810015,0.10517424470810015,0.10517424470810015,0.10517424470810015,0.10517424470810015
83,176.0,0.10198117431870397,0.06869016936412943,0.058119744928389894,0.07176708456084045,0.09858344927555368,0.12411116199312834,0.08658238344785128,0.1468416880348751,0.1468416880348751,0.1468416880348751,0.1468416880348751,0.1468416880348751,0.1468416880348751
84,178.0,0.11907473961106875,0.14388044710047468,0.20984623039840675,0.15334457888455677,0.142010658906419,0.15190521657957734,0.12248281618237548,0.12531266731470841,0.12531266731470841,0.12531266731470841,0.12531266731470841,0.12531266731470841,0.12531266731470841
85,180.0,0.11843573478418673,0.11604374153653349,0.10852538538530218,0.16247337517628568,0.19894667505208313,0.3041392426478736,0.2497943271255761,0.34100867813695623,0.34100867813695623,0.34100867813695623,0.34100867813695623,0.34100867813695623,0.34100867813695623
86,182.0,0.14057869670443116,0.0694141410065144,0.11345469077974207,0.08105808761243552,0.10720804917553485,0.16586931111699144,0.10021780583900024,0.23106408662864422,0.23106408662864422,0.23106408662864422,0.23106408662864422,0.23106408662864422,0.23106408662864422
87,184.0,0.14584814952756245,0.17563198220704643,0.16728845957210595,0.18504822840252175,0.18633487554258948,0.18250827843898476,0.1847506468829906,0.21721145381121762,0.21721145381121762,0.21721145381121762,0.21721145381121762,0.21721145381121762,0.21721145381121762
88,186.0,0.10694475965966352,0.14792893643017288,0.17316551410212905,0.04927580351076005,0.03804988842207619,0.04766987468912067,0.013648746254800993,0.0683039138569994,0.0683039138569994,0.0683039138569994,0.0683039138569994,0.0683039138569994,0.0683039138569994
89,188.0,0.06251520770010069,0.0,0.055933962310489076,0.07336590568836206,0.06844813828574126,0.12320764325324755,0.026775690250346373,0.08103089952298308,0.08103089952298308,0.08103089952298308,0.08103089952298308,0.08103089952298308,0.08103089952298308
90,190.0,0.05316304016522191,0.09086043163556781,0.14416009085308992,0.06667409716624914,0.06454301963238411,0.09617404026018739,0.06531336146450456,0.06267092605625367,0.06267092605625367,0.06267092605625367,0.06267092605625367,0.06267092605625367,0.06267092605625367
91,192.0,0.031633207409024394,0.06435085748316775,0.13904493930409953,0.17249044102774502,0.1496220252103278,0.14352202343397297,0.08571201547165169,0.18700874135352388,0.18700874135352388,0.18700874135352388,0.18700874135352388,0.18700874135352388,0.18700874135352388
92,194.0,0.04204453518001915,0.033590356818095586,0.10139486950580816,0.1637198808300446,0.1487242418541183,0.22315292417360832,0.14308925213700513,0.1606778424551921,0.1606778424551921,0.1606778424551921,0.1606778424551921,0.1606778424551921,0.1606778424551921
93,196.0,0.08073324370921124,0.10579024877670766,0.1691922178984617,0.22949694104404225,0.23537577119159517,0.3050518362787834,0.2464560901978067,0.3994180994944009,0.3994180994944009,0.3994180994944009,0.3994180994944009,0.3994180994944009,0.3994180994944009
94,198.0,0.1025639671995105,0.11704265776186963,0.12654081701715544,0.12313429743186598,0.13188697105131586,0.08309628098640164,0.02778715812541002,0.0,0.0,0.0,0.0,0.0,0.0
95,200.0,0.12194524192511484,0.10271413828445912,0.09042253942098563,0.0836538854840722,0.08660381844291312,0.025576036326031188,0.00826930076974761,0.029371199057787706,0.029371199057787706,0.029371199057787706,0.029371199057787706,0.029371199057787706,0.029371199057787706
96,202.0,0.11604674781147589,0.072884739514036,0.07436783895969899,0.15946846291446937,0.151225779944295,0.21988346241502535,0.14778322804114505,0.23321803588794382,0.23321803588794382,0.23321803588794382,0.23321803588794382,0.23321803588794382,0.23321803588794382
97,204.0,0.05409561106521938,0.041126214277665524,0.05043075561357231,0.05200131437780155,0.044992163330488784,0.1338332833353981,0.08470527108996558,0.0954951101429627,0.0954951101429627,0.0954951101429627,0.0954951101429627,0.0954951101429627,0.0954951101429627
98,206.0,0.05131940157890358,0.008576576345135695,0.019122834356223153,0.0855548666247582,0.09008943185559065,0.1413542567457413,0.12657726367605748,0.16650537094195755,0.16650537094195755,0.16650537094195755,0.16650537094195755,0.16650537094195755,0.16650537094195755
99,208.0,0.1310670073127818,0.11439341786586131,0.17500845048078587,0.14542477626436245,0.1570755792790471,0.15397298631289075,0.12232986649527025,0.1893444981022798,0.1893444981022798,0.1893444981022798,0.1893444981022798,0.1893444981022798,0.1893444981022798
100,210.0,0.1432447756046586,0.16429802911812802,0.28505959236537465,0.26342088269658415,0.295620816469554,0.3203129523620266,0.23732221979542617,0.3023065444875389,0.3023065444875389,0.3023065444875389,0.3023065444875389,0.3023065444875389,0.3023065444875389
101,212.0,0.0849348775853872,0.10920854533284377,0.15719246963499384,0.1524945917791531,0.13089793517425544,0.23414054171308138,0.20358870646565957,0.305558975286051,0.305558975286051,0.305558975286051,0.305558975286051,0.305558975286051,0.305558975286051
102,214.0,0.020707377137618145,0.05111687057225964,0.10763863370872642,0.11987259033270174,0.0695957327852254,0.0996896323237322,0.03700427646836296,0.09333161614116994,0.09333161614116994,0.09333161614116994,0.09333161614116994,0.09333161614116994,0.09333161614116994
103,216.0,0.06426833759946833,0.08732010239126438,0.03532033079149858,0.06357000292463615,0.0330737978596634,0.053819978105722165,0.08040936232874595,0.1504651984935382,0.1504651984935382,0.1504651984935382,0.1504651984935382,0.1504651984935382,0.1504651984935382
104,218.0,0.05910837749122529,0.04660078980012465,0.12865408788413563,0.13484975668283036,0.14897901444578543,0.2251407927314459,0.1499519026530014,0.24954869602873977,0.24954869602873977,0.24954869602873977,0.24954869602873977,0.24954869602873977,0.24954869602873977
105,220.0,0.058068771699191495,0.041001493327630735,0.08954587071503244,0.041482907021056135,0.09932175635842233,0.1687175367929024,0.060365107222793354,0.045548641080936446,0.045548641080936446,0.045548641080936446,0.045548641080936446,0.045548641080936446,0.045548641080936446
106,222.0,0.14596825393040685,0.14324756948017278,0.18203411963783112,0.14304173567274495,0.19608813258311403,0.1975734713590254,0.17514287678647344,0.28074196434032617,0.28074196434032617,0.28074196434032617,0.28074196434032617,0.28074196434032617,0.28074196434032617
107,224.0,0.19920109731329907,0.19358704787761694,0.3494214246998096,0.15991166029250972,0.10415355203059454,0.2003271155468248,0.11029296217724463,0.1528446943568618,0.1528446943568618,0.1528446943568618,0.1528446943568618,0.1528446943568618,0.1528446943568618
108,226.0,0.16448136112045386,0.16457231105604517,0.1709090712846187,0.14292696619620518,0.20338073605894522,0.1619140624731942,0.10375845861677785,0.12890499346388395,0.12890499346388395,0.12890499346388395,0.12890499346388395,0.12890499346388395,0.12890499346388395
109,228.0,0.06529975355532522,0.03985097903154681,0.04094664090261105,0.021477833418624907,0.05309110410935393,0.07996619590400565,0.04764221927882631,0.11206190844780764,0.11206190844780764,0.11206190844780764,0.11206190844780764,0.11206190844780764,0.11206190844780764
110,230.0,0.06444795964205048,0.08658811247332036,0.06942969338905593,0.11124367769125573,0.046184057280149404,0.12084989555082523,0.09535619389596435,0.16729828892409093,0.16729828892409093,0.16729828892409093,0.16729828892409093,0.16729828892409093,0.16729828892409093
111,232.0,0.09106748360800243,0.13517446764902163,0.11139730818541821,0.039741076629613424,0.09564158829225937,0.16495364171521548,0.11929593354650435,0.20476337155550337,0.20476337155550337,0.20476337155550337,0.20476337155550337,0.20476337155550337,0.20476337155550337
112,234.0,0.03629012338063137,0.04472438003219461,0.052030466482258855,0.06136826797853627,0.05748954538326152,0.12092868774855178,0.07479207688545884,0.10578304110292736,0.10578304110292736,0.10578304110292736,0.10578304110292736,0.10578304110292736,0.10578304110292736
113,236.0,0.08306028016907745,0.14397699405583775,0.14596725425440496,0.07034416302697465,0.0597494884438547,0.13853859835434087,0.07680385801981834,0.06619687848259974,0.06619687848259974,0.06619687848259974,0.06619687848259974,0.06619687848259974,0.06619687848259974
114,238.0,0.1703475819126588,0.23341162289711834,0.2770262096455608,0.2711121775218681,0.32086590728513664,0.41557009783763704,0.3039915035500385,0.45123790032790656,0.45123790032790656,0.45123790032790656,0.45123790032790656,0.45123790032790656,0.45123790032790656
115,240.0,0.2018629023025788,0.19400786380820964,0.2450580778357515,0.21478203884444733,0.2360821843948989,0.21845724432045274,0.13717948763235915,0.1665800195833096,0.1665800195833096,0.1665800195833096,0.1665800195833096,0.1665800195833096,0.1665800195833096
116,242.0,0.17603476138567833,0.083357878840108,0.10198051871146409,0.047094028655238145,0.09249278114238291,0.06169567876340644,0.020578822465101305,0.018632480404273902,0.018632480404273902,0.018632480404273902,0.018632480404273902,0.018632480404273902,0.018632480404273902
117,244.0,0.10912213591078597,0.03405697076059978,0.030075195499237418,0.13691155926939333,0.1399071185923177,0.1841405207497999,0.14189097602942005,0.2339867936181023,0.2339867936181023,0.2339867936181023,0.2339867936181023,0.2339867936181023,0.2339867936181023
118,246.0,0.03620595948287469,0.04613916766579548,0.07424142967735826,0.06866733186221907,0.07059923158869494,0.11019622873504999,0.07017318848509542,0.10047698198291653,0.10047698198291653,0.10047698198291653,0.10047698198291653,0.10047698198291653,0.10047698198291653
119,248.0,0.050188503516482956,0.014075505846819247,0.03585128089062394,0.10476003944929788,0.08067555764619451,0.11408620460298913,0.06899997641642294,0.09237194971968517,0.09237194971968517,0.09237194971968517,0.09237194971968517,0.09237194971968517,0.09237194971968517
120,250.0,0.05031919202927784,0.04701666699070486,0.06481746079764963,0.1393365771142312,0.09467692423646791,0.10016111151868722,0.09716803463080449,0.1645880998875451,0.1645880998875451,0.1645880998875451,0.1645880998875451,0.1645880998875451,0.1645880998875451
121,252.0,0.0,0.02462760944949087,0.0,0.1112106343860572,0.06998288774606773,0.07404688430238981,0.03292401389605713,0.060135229282625415,0.060135229282625415,0.060135229282625415,0.060135229282625415,0.060135229282625415,0.060135229282625415
122,254.0,0.05885201169895931,0.021522659663113244,0.03942925096102313,0.11881795923657114,0.09149535043262724,0.1294580457172963,0.137472406799159,0.21308116911723074,0.21308116911723074,0.21308116911723074,0.21308116911723074,0.21308116911723074,0.21308116911723074
123,256.0,0.08437828311663789,0.06033437437091582,0.03499756163067233,0.05247997515400738,0.08035708362923742,0.11296218442818019,0.0877411987139339,0.12022038654965242,0.12022038654965242,0.12022038654965242,0.12022038654965242,0.12022038654965242,0.12022038654965242
124,258.0,0.07026528550042956,0.06154511264916446,0.10510280880847449,0.11706232625230026,0.1295041952431859,0.15600323713712436,0.04310559743951903,0.05571244399111618,0.05571244399111618,0.05571244399111618,0.05571244399111618,0.05571244399111618,0.05571244399111618
125,260.0,0.0745506814753127,0.08759785957968098,0.08854597949988646,0.09837175110861514,0.12730378386337207,0.1203532446272833,0.1563368382899637,0.21550572984136007,0.21550572984136007,0.21550572984136007,0.21550572984136007,0.21550572984136007,0.21550572984136007
126,262.0,0.09912055858436902,0.08203216804847828,0.07129067091929525,0.03952538904996052,0.06670247996387944,0.07204719986786212,0.08689898630173687,0.12133580869757797,0.12133580869757797,0.12133580869757797,0.12133580869757797,0.12133580869757797,0.12133580869757797
127,264.0,0.0866744847964361,0.03101111443706083,0.07301003068793621,0.10607112251332795,0.10622634950751898,0.1954357635086066,0.08038849660858031,0.10888827295870035,0.10888827295870035,0.10888827295870035,0.10888827295870035,0.10888827295870035,0.10888827295870035
128,266.0,0.03210644820292371,0.05046599814348844,0.021701951591777444,0.04107101440797311,0.03758202243640788,0.09410632353865657,0.08039783672157655,0.1093802204528209,0.1093802204528209,0.1093802204528209,0.1093802204528209,0.1093802204528209,0.1093802204528209
129,268.0,0.10260099261637028,0.08954624820076691,0.12969012655498358,0.15197807505562813,0.13491951504602406,0.12116725563696054,0.026067630997311873,0.031279448878421295,0.031279448878421295,0.031279448878421295,0.031279448878421295,0.031279448878421295,0.031279448878421295
130,270.0,0.20917825078102445,0.1565289551326708,0.17623625984540517,0.04951330323180517,0.05924024531970262,0.0866104109781894,0.10053396812021537,0.16920706087155912,0.16920706087155912,0.16920706087155912,0.16920706087155912,0.16920706087155912,0.16920706087155912
131,272.0,0.2604994774824784,0.23192087078218715,0.24923277748296055,0.22544910881922223,0.21289086315274122,0.3353634996229063,0.26646561274198444,0.40560073830152865,0.40560073830152865,0.40560073830152865,0.40560073830152865,0.40560073830152865,0.40560073830152865
132,274.0,0.23095820919474935,0.21942441312687694,0.25779620278215987,0.15972983669564428,0.16014636813296615,0.11637583803367044,0.09083445681592696,0.1463658352662725,0.1463658352662725,0.1463658352662725,0.1463658352662725,0.1463658352662725,0.1463658352662725
133,276.0,0.16614656540877082,0.14861517639345936,0.180775884695669,0.13091715403087004,0.11105261329984328,0.10979687264831295,0.058409832101564106,0.06341903647883486,0.06341903647883486,0.06341903647883486,0.06341903647883486,0.06341903647883486,0.06341903647883486
134,278.0,0.16421750177981648,0.1631850354380089,0.17493916084258496,0.14347274238864804,0.15866321953559576,0.24096442540797547,0.12575768640099702,0.12920610980284056,0.12920610980284056,0.12920610980284056,0.12920610980284056,0.12920610980284056,0.12920610980284056
135,280.0,0.18937025005901817,0.1688413659444719,0.18038581322693198,0.08277014137507432,0.045922945500101946,0.04320461824877607,0.01168083872865942,0.07184424968297602,0.07184424968297602,0.07184424968297602,0.07184424968297602,0.07184424968297602,0.07184424968297602
136,282.0,0.17137553293871025,0.11226035649566286,0.15325890803377587,0.14856216278017195,0.18357825603426253,0.208486505858467,0.20225202486668964,0.3378280209579108,0.3378280209579108,0.3378280209579108,0.3378280209579108,0.3378280209579108,0.3378280209579108
137,284.0,0.13954743380653778,0.07338551308149513,0.10619358423117299,0.10521713159292465,0.13211402774022757,0.1501160102196181,0.037836553502704096,0.046616874486057835,0.046616874486057835,0.046616874486057835,0.046616874486057835,0.046616874486057835,0.046616874486057835
138,286.0,0.1321960064443827,0.09731759225503991,0.08126549099045643,0.0,0.047932622438581894,0.06273894064110032,0.025653460986149484,0.10363791073018913,0.10363791073018913,0.10363791073018913,0.10363791073018913,0.10363791073018913,0.10363791073018913
139,288.0,0.10673119044331093,0.12942706837055934,0.11843879546365234,0.13535591300588726,0.14590101997199123,0.16378778865042076,0.17442282272546172,0.25894701080870536,0.25894701080870536,0.25894701080870536,0.25894701080870536,0.25894701080870536,0.25894701080870536
140,290.0,0.04131083840120729,0.09630355932869297,0.1323232521539436,0.14059282465766293,0.07851712395774187,0.10640240974895016,0.04119281499085504,0.12489198335587574,0.12489198335587574,0.12489198335587574,0.12489198335587574,0.12489198335587574,0.12489198335587574
141,292.0,0.032399086139482614,0.06649145750364456,0.10854539822607517,0.08620945948703683,0.09051222419091738,0.11869077053891089,0.12683214479893448,0.13382026727950241,0.13382026727950241,0.13382026727950241,0.13382026727950241,0.13382026727950241,0.13382026727950241
142,294.0,0.053576785831964506,0.10234822057193914,0.1595848266085422,0.033532952367032416,0.08363830730109467,0.06391307453328207,0.005626190834978624,0.07331177922486909,0.07331177922486909,0.07331177922486909,0.07331177922486909,0.07331177922486909,0.07331177922486909
143,296.0,0.04865754161613766,0.0407606264462256,0.051487623773272505,0.07945568348341686,0.07829125047737222,0.05994647522559804,0.02187065405434461,0.08521138955001123,0.08521138955001123,0.08521138955001123,0.08521138955001123,0.08521138955001123,0.08521138955001123
144,298.0,0.11507577566127587,0.07549012232923275,0.11765553346142116,0.05141807100258399,0.045154935261670165,0.023470329945142983,0.01250764740358065,0.02324396989310338,0.02324396989310338,0.02324396989310338,0.02324396989310338,0.02324396989310338,0.02324396989310338
145,300.0,0.16452116185044588,0.16704326965496924,0.20098243660122703,0.1858848353699168,0.23353351051060986,0.29011858029483495,0.19563818795122795,0.2700807964791092,0.2700807964791092,0.2700807964791092,0.2700807964791092,0.2700807964791092,0.2700807964791092
146,302.0,0.14734787365258903,0.1584428689950773,0.1609666589208092,0.11996332109506726,0.095711205180303,0.10626578781080652,0.08850742201149576,0.12481032485677752,0.12481032485677752,0.12481032485677752,0.12481032485677752,0.12481032485677752,0.12481032485677752
147,304.0,0.12105863817941374,0.12847763010002217,0.13462053707099017,0.04890823268785728,0.0730710558753518,0.10366271069921182,0.07593598287987599,0.11900529645624734,0.11900529645624734,0.11900529645624734,0.11900529645624734,0.11900529645624734,0.11900529645624734
148,306.0,0.15140678664935345,0.15594077849982654,0.1800335462039831,0.11791439216898342,0.11198289380347379,0.11213390193604035,0.0695215576667639,0.10148555174772188,0.10148555174772188,0.10148555174772188,0.10148555174772188,0.10148555174772188,0.10148555174772188
149,308.0,0.14223273043161794,0.14272152203228922,0.16743700922304303,0.15908925804557605,0.14949155636823525,0.1857433057127453,0.16486423143865364,0.22331829290172772,0.22331829290172772,0.22331829290172772,0.22331829290172772,0.22331829290172772,0.22331829290172772
150,310.0,0.0530978467943713,0.04258696886444145,0.05146666468551987,0.059962195168566226,0.09104943420321789,0.08289134199788999,0.03032419260374547,0.05127653998378128,0.05127653998378128,0.05127653998378128,0.05127653998378128,0.05127653998378128,0.05127653998378128
151,312.0,0.06174209085557065,0.07571820164394508,0.09010839825039568,0.07892299076852188,0.10371572199848089,0.12446473267023879,0.08115231200598762,0.1299132127971344,0.1299132127971344,0.1299132127971344,0.1299132127971344,0.1299132127971344,0.1299132127971344
152,314.0,0.1276809294851414,0.12097228923354557,0.14508858473427627,0.0694838639895354,0.09052906658806421,0.09617510573385527,0.05800108740758603,0.11598056586495031,0.11598056586495031,0.11598056586495031,0.11598056586495031,0.11598056586495031,0.11598056586495031
153,316.0,0.10405275375782623,0.06384937434577477,0.05886173994033946,0.11864825322091654,0.125590270648865,0.16198224961101157,0.13424552650827964,0.15031257932512543,0.15031257932512543,0.15031257932512543,0.15031257932512543,0.15031257932512543,0.15031257932512543
154,318.0,0.08040441764920532,0.08349309161567575,0.1080561369446969,0.09799814274107269,0.11883930693198372,0.148874035209027,0.11088330497517307,0.1333032473746419,0.1333032473746419,0.1333032473746419,0.1333032473746419,0.1333032473746419,0.1333032473746419
155,320.0,0.16065906897213733,0.14437849122586457,0.14582052364733428,0.15245711365734183,0.11730605048425367,0.13209175484900654,0.08715240689393774,0.08669394007659235,0.08669394007659235,0.08669394007659235,0.08669394007659235,0.08669394007659235,0.08669394007659235
156,322.0,0.1948862269898726,0.16241704014487707,0.20095469640287023,0.09590544992753997,0.10955716114828806,0.1514394644106669,0.07363922424479862,0.08854095507013234,0.08854095507013234,0.08854095507013234,0.08854095507013234,0.08854095507013234,0.08854095507013234
157,324.0,0.14815314663970522,0.13668274254974377,0.1741671349250189,0.19251765366884654,0.15815034502012335,0.1464542152799832,0.12564245780622785,0.2659231927476844,0.2659231927476844,0.2659231927476844,0.2659231927476844,0.2659231927476844,0.2659231927476844
158,326.0,0.11925947555551605,0.1225650184709908,0.1289294823545327,0.13371633114220471,0.13728275220016567,0.2048116309281948,0.11284565764447547,0.10994554393103595,0.10994554393103595,0.10994554393103595,0.10994554393103595,0.10994554393103595,0.10994554393103595
159,328.0,0.18792584106212684,0.1940798331951012,0.18354509104247566,0.06219798987572287,0.0722588199105457,0.056406296038563467,0.0842577544878854,0.22292809670622377,0.22292809670622377,0.22292809670622377,0.22292809670622377,0.22292809670622377,0.22292809670622377
160,330.0,0.2202916924712864,0.18784021520343003,0.23778637685376422,0.1921916050347093,0.19529393055429298,0.28989591428099487,0.25402680689609425,0.44783873874933033,0.44783873874933033,0.44783873874933033,0.44783873874933033,0.44783873874933033,0.44783873874933033
161,332.0,0.1839994019711344,0.1272689508266368,0.15628723656104138,0.11766289388488019,0.13045549582987875,0.10080571760277077,0.061848488710137574,0.2104585498150346,0.2104585498150346,0.2104585498150346,0.2104585498150346,0.2104585498150346,0.2104585498150346
162,334.0,0.13810588574187782,0.1672656916918698,0.16663010606135104,0.1242451536844259,0.14699063149383307,0.09231538776862087,0.06073257186251288,0.20418334077337813,0.20418334077337813,0.20418334077337813,0.20418334077337813,0.20418334077337813,0.20418334077337813
163,336.0,0.11025828957720474,0.11629561093309608,0.18664219492983852,0.17045715090329763,0.15863887508123067,0.27398265993085213,0.209273167888542,0.16803565047957095,0.16803565047957095,0.16803565047957095,0.16803565047957095,0.16803565047957095,0.16803565047957095
164,338.0,0.04014303451106025,0.020203222969758437,0.06303123804651707,0.10440176171200359,0.08862053279094113,0.12386618352696327,0.04653342854936462,0.16291597079867864,0.16291597079867864,0.16291597079867864,0.16291597079867864,0.16291597079867864,0.16291597079867864
165,340.0,0.10543654782166559,0.13583468814711755,0.20006415038918265,0.12009634985704158,0.11672865619358364,0.14292360176393795,0.11934667895868845,0.11888450736950373,0.11888450736950373,0.11888450736950373,0.11888450736950373,0.11888450736950373,0.11888450736950373
166,342.0,0.21904557874462674,0.14780206313789632,0.11273664627035664,0.12899044719095612,0.12214312152523456,0.10028938006407115,0.09120118634046286,0.11845109244981289,0.11845109244981289,0.11845109244981289,0.11845109244981289,0.11845109244981289,0.11845109244981289
167,344.0,0.23546171660607454,0.17538399850691738,0.2466916958628028,0.16101683206537445,0.15838919414726269,0.2160238127752532,0.13857740764722667,0.17376071377888258,0.17376071377888258,0.17376071377888258,0.17376071377888258,0.17376071377888258,0.17376071377888258
168,346.0,0.13995273499605393,0.15208129856620067,0.1989224706810052,0.08612338841174964,0.08924370696554201,0.141874718762471,0.07670112680877085,0.14919970409365568,0.14919970409365568,0.14919970409365568,0.14919970409365568,0.14919970409365568,0.14919970409365568
169,348.0,0.08338601277754003,0.08963430820462148,0.09705386557716901,0.11767059697426177,0.1120831729104069,0.10539581498255575,0.08708506614730444,0.17235574880321783,0.17235574880321783,0.17235574880321783,0.17235574880321783,0.17235574880321783,0.17235574880321783
170,350.0,0.17534061379771435,0.1906791062202717,0.16901444783777347,0.19878687912399923,0.18142438545159006,0.23565705981511906,0.14939772169700946,0.17623046156949382,0.17623046156949382,0.17623046156949382,0.17623046156949382,0.17623046156949382,0.17623046156949382
171,352.0,0.18249612794368827,0.2008260156380626,0.2196519680629409,0.08147535842306418,0.10050937508291334,0.07207325898627628,0.05460554067147979,0.1785399439924264,0.1785399439924264,0.1785399439924264,0.1785399439924264,0.1785399439924264,0.1785399439924264
172,354.0,0.10136562512931946,0.10091652410672211,0.16361312954237858,0.11602234632810149,0.08564547991479672,0.13515431389944257,0.09599768426820844,0.20068678465386897,0.20068678465386897,0.20068678465386897,0.20068678465386897,0.20068678465386897,0.20068678465386897
173,356.0,0.04761817219520652,0.04850479376314379,0.10563701679614958,0.11614869923693745,0.10651847939490754,0.0715916544678405,0.038328041133834395,0.0016674124292650795,0.0016674124292650795,0.0016674124292650795,0.0016674124292650795,0.0016674124292650795,0.0016674124292650795
174,358.0,0.06466876116819832,0.05829382596461256,0.09078502603505802,0.11301917262033563,0.1500294516786547,0.24427202015473484,0.16845643245218198,0.3051632610712474,0.3051632610712474,0.3051632610712474,0.3051632610712474,0.3051632610712474,0.3051632610712474
175,360.0,0.02318119097621167,0.02047857076596861,0.01831455380399457,0.05889034850785564,0.10296871951199357,0.17594806176576777,0.13490141728214683,0.18770717783483484,0.18770717783483484,0.18770717783483484,0.18770717783483484,0.18770717783483484,0.18770717783483484
176,362.0,0.08278301928068534,0.07392477787500462,0.05003318934321198,0.0433714312456705,0.03452300706246976,0.041246040758345905,0.04227023467736907,0.029102551230618244,0.029102551230618244,0.029102551230618244,0.029102551230618244,0.029102551230618244,0.029102551230618244
177,364.0,0.13582589842092596,0.14479704418475278,0.14074911251122652,0.08918618715169137,0.13529608259880693,0.08111447518853011,0.0355081930820992,0.08313026348602891,0.08313026348602891,0.08313026348602891,0.08313026348602891,0.08313026348602891,0.08313026348602891
178,366.0,0.10181203268129556,0.12252360185041178,0.1677340817237455,0.1575452712666812,0.09339336388847065,0.1889461095396067,0.15007297800563066,0.19770761786592111,0.19770761786592111,0.19770761786592111,0.19770761786592111,0.19770761786592111,0.19770761786592111
179,368.0,0.05284511830881751,0.08771697354107419,0.12935436999493627,0.13379796410820918,0.13219868772955476,0.08903942497374646,0.03525522261664161,0.057157124253572264,0.057157124253572264,0.057157124253572264,0.057157124253572264,0.057157124253572264,0.057157124253572264
180,370.0,0.17169247557131273,0.20687202433576599,0.27128905199896497,0.17523527565574895,0.2366136881387004,0.308354800683354,0.236779972282538,0.33944432569381416,0.33944432569381416,0.33944432569381416,0.33944432569381416,0.33944432569381416,0.33944432569381416
181,372.0,0.2508522937620723,0.23942245105682647,0.2838949736096073,0.14283011213997754,0.08894601627041036,0.024001546246998587,0.026102842152417954,0.05215813485315499,0.05215813485315499,0.05215813485315499,0.05215813485315499,0.05215813485315499,0.05215813485315499
182,374.0,0.2337930084611856,0.14772011893623335,0.13260495681979453,0.14409826279737223,0.19348335893488378,0.30046553948185867,0.19238074192044516,0.2588444885340112,0.2588444885340112,0.2588444885340112,0.2588444885340112,0.2588444885340112,0.2588444885340112
183,376.0,0.13909317284919748,0.0970529850968235,0.14312006111938605,0.04213878024268676,0.07026191996682805,0.16529141999348576,0.09815689082406599,0.1446850455243879,0.1446850455243879,0.1446850455243879,0.1446850455243879,0.1446850455243879,0.1446850455243879
184,378.0,0.030872204384306975,0.08392127971264604,0.13272384814839408,0.11856590813904354,0.11010786571493489,0.05207933426412114,0.04156661483198418,0.052130070460988734,0.052130070460988734,0.052130070460988734,0.052130070460988734,0.052130070460988734,0.052130070460988734
185,380.0,0.04772049750341168,0.07440031454970279,0.12148748864419925,0.13598360495130876,0.09143842022832548,0.17320126021748206,0.11198227029687277,0.19650997635033518,0.19650997635033518,0.19650997635033518,0.19650997635033518,0.19650997635033518,0.19650997635033518
186,382.0,0.09032431513333075,0.15564529827824294,0.13988826051669906,0.14629447872265197,0.18011816932999933,0.21107648323253808,0.14520888135474952,0.16327412548849823,0.16327412548849823,0.16327412548849823,0.16327412548849823,0.16327412548849823,0.16327412548849823
187,384.0,0.13702790834292589,0.11527864022568193,0.10621263386363923,0.07176505415488804,0.09089578973505999,0.10306808834960426,0.06529162163349231,0.07255746290296662,0.07255746290296662,0.07255746290296662,0.07255746290296662,0.07255746290296662,0.07255746290296662
188,386.0,0.16704423073576113,0.08842927540046318,0.15998566041295917,0.18258474713343822,0.21013638400273238,0.21679732329559906,0.1517924327188917,0.21071311912281676,0.21071311912281676,0.21071311912281676,0.21071311912281676,0.21071311912281676,0.21071311912281676
189,388.0,0.14905909372256673,0.172912254858629,0.11303887418676753,0.026847783197481226,0.0731658969700874,0.059932626165545025,0.031092870369491335,0.013216944054108842,0.013216944054108842,0.013216944054108842,0.013216944054108842,0.013216944054108842,0.013216944054108842
190,390.0,0.09788665073486735,0.14797567278829452,0.16475470273927584,0.19450059638203207,0.16744063570062737,0.2344086132377557,0.1611694826958522,0.273058063690711,0.273058063690711,0.273058063690711,0.273058063690711,0.273058063690711,0.273058063690711
191,392.0,0.0892401033383511,0.12175956226116201,0.19435694675447482,0.19757244529520757,0.15901450910272283,0.16736419139503206,0.11831693926540608,0.12235733792963192,0.12235733792963192,0.12235733792963192,0.12235733792963192,0.12235733792963192,0.12235733792963192
192,394.0,0.1356887664915389,0.09487180228877576,0.16098634026898367,0.07165974391399144,0.11245951377036988,0.1297474235031808,0.09445034018731087,0.16762243322372428,0.16762243322372428,0.16762243322372428,0.16762243322372428,0.16762243322372428,0.16762243322372428
193,396.0,0.16156540739477918,0.10253358528311599,0.0812792848661981,0.130276678946184,0.1443971376190694,0.15862436026315024,0.12702891914174835,0.18242968953887434,0.18242968953887434,0.18242968953887434,0.18242968953887434,0.18242968953887434,0.18242968953887434
194,398.0,0.135662290314904,0.1765930484483924,0.24101916265384835,0.12132420604768207,0.13132394579788512,0.16601439045853975,0.08800971512248008,0.14973335583576416,0.14973335583576416,0.14973335583576416,0.14973335583576416,0.14973335583576416,0.14973335583576416
195,400.0,0.072581011742919,0.08623241395003772,0.08222800272956862,0.05681563029436638,0.0764496922099866,0.07394704070531176,0.0298728005992292,0.06375276167553331,0.06375276167553331,0.06375276167553331,0.06375276167553331,0.06375276167553331,0.06375276167553331
196,402.0,0.10603993030068698,0.10334325664599942,0.12236077257579042,0.045265868514719934,0.041515498668939305,0.03336805433575754,0.00040708016063718984,0.022329446409606143,0.022329446409606143,0.022329446409606143,0.022329446409606143,0.022329446409606143,0.022329446409606143
197,404.0,0.18461605266692377,0.2431258816874242,0.23647273088386775,0.17837318635304766,0.18073439668697827,0.2327758121810038,0.18132255005424433,0.2385938904405811,0.2385938904405811,0.2385938904405811,0.2385938904405811,0.2385938904405811,0.2385938904405811
198,406.0,0.20173794476645873,0.17776929728925445,0.2658345653884184,0.18837697238053022,0.18106651556710399,0.22074285883619651,0.15789429114670522,0.20218233925914805,0.20218233925914805,0.20218233925914805,0.20218233925914805,0.20218233925914805,0.20218233925914805
199,408.0,0.1570396796607863,0.08320502677549685,0.018208899797414187,0.021451146761995662,0.013692996344747842,0.0424850319046256,0.036275175161303616,0.048863304789371335,0.048863304789371335,0.048863304789371335,0.048863304789371335,0.048863304789371335,0.048863304789371335
200,410.0,0.1396783707612417,0.19124643630079818,0.30054935627415463,0.20747166179208962,0.206778734508142,0.2279434252977534,0.15464932038539864,0.2292812348231203,0.2292812348231203,0.2292812348231203,0.2292812348231203,0.2292812348231203,0.2292812348231203
201,412.0,0.1849284828532705,0.16756585654735565,0.22938184756473523,0.1020342230871989,0.10411499482428244,0.15350856203732718,0.11437220594146943,0.1801232881577309,0.1801232881577309,0.1801232881577309,0.1801232881577309,0.1801232881577309,0.1801232881577309
202,414.0,0.1900967272531731,0.12088008815137487,0.1327104750811454,0.10623064086037848,0.11520039170748107,0.13882520353967476,0.10627233046768017,0.1726790285770295,0.1726790285770295,0.1726790285770295,0.1726790285770295,0.1726790285770295,0.1726790285770295
203,416.0,0.12852463131168168,0.1325050433522857,0.26114390413102295,0.12053917663932501,0.10786395264225107,0.10339770511362424,0.03849416490306135,0.044323129879929354,0.044323129879929354,0.044323129879929354,0.044323129879929354,0.044323129879929354,0.044323129879929354
204,418.0,0.05998319581213935,0.06247434673095459,0.02159266168406949,0.048218460050216745,0.05552791051484141,0.09266394828889483,0.07930402866447617,0.1007313491631528,0.1007313491631528,0.1007313491631528,0.1007313491631528,0.1007313491631528,0.1007313491631528
205,420.0,0.06483602598567352,0.04048664338621212,0.14946817924317518,0.09096567871271644,0.09617811030487011,0.14072120611393926,0.07473043452921434,0.07778892608961155,0.07778892608961155,0.07778892608961155,0.07778892608961155,0.07778892608961155,0.07778892608961155
206,422.0,0.0640245364316031,0.04799932002247687,0.009686463570156843,0.055369666907144476,0.04927266054928688,0.040059942492184204,0.05983144079907062,0.09342613227323407,0.09342613227323407,0.09342613227323407,0.09342613227323407,0.09342613227323407,0.09342613227323407
207,424.0,0.07462795167962924,0.06941737144648867,0.15671442922694703,0.12756291479442264,0.12047293632001338,0.10435244030056623,0.1205966815285879,0.13684293891934837,0.13684293891934837,0.13684293891934837,0.13684293891934837,0.13684293891934837,0.13684293891934837
208,426.0,0.09900963178521352,0.10791704865403924,0.12747208525122158,0.12586656197230994,0.13297333131476496,0.19626550448640967,0.11589836581412485,0.18107473368130278,0.18107473368130278,0.18107473368130278,0.18107473368130278,0.18107473368130278,0.18107473368130278
209,428.0,0.08322951324039272,0.07078261822173378,0.031078138333224533,0.01459035090659792,0.018808039981748167,0.06905314845392242,0.09478258817071249,0.09815018986540124,0.09815018986540124,0.09815018986540124,0.09815018986540124,0.09815018986540124,0.09815018986540124
210,430.0,0.08724169660441851,0.06218889921857141,0.031339510679659496,0.04226881529535939,0.04946358662285409,0.10125652731734414,0.12652415360318064,0.14983895461564326,0.14983895461564326,0.14983895461564326,0.14983895461564326,0.14983895461564326,0.14983895461564326
211,432.0,0.15843274841270036,0.08413225292479548,0.1136769635380087,0.11025177585603677,0.09499275757916345,0.0791213165315437,0.07210287452098461,0.06716059339015555,0.06716059339015555,0.06716059339015555,0.06716059339015555,0.06716059339015555,0.06716059339015555
212,434.0,0.19584127495914339,0.15576153193720732,0.21004935438863997,0.1036108311893339,0.11330771685703812,0.14259955004598163,0.1008089373296431,0.18000436892611762,0.18000436892611762,0.18000436892611762,0.18000436892611762,0.18000436892611762,0.18000436892611762
213,436.0,0.1655414586814398,0.20736894840448342,0.19702592624348123,0.15596229447159846,0.15040864191972195,0.2628523658301046,0.21853378367228785,0.340355117799244,0.340355117799244,0.340355117799244,0.340355117799244,0.340355117799244,0.340355117799244
214,438.0,0.10133704776194893,0.11853573240331632,0.1235837861585566,0.07466116301205815,0.07152237248274511,0.0,0.040271559358922925,0.09281859528479494,0.09281859528479494,0.09281859528479494,0.09281859528479494,0.09281859528479494,0.09281859528479494
215,440.0,0.09833641656365937,0.051322498672564054,0.035217251720513945,0.04440087109072941,0.056165964561417266,0.047827019903826,0.0,0.03198181423742201,0.03198181423742201,0.03198181423742201,0.03198181423742201,0.03198181423742201,0.03198181423742201
216,442.0,0.15359591402113756,0.1938493497773398,0.20374251833120918,0.12582151495116067,0.1361723127493094,0.2030321419180451,0.09677589659871202,0.12007717014225117,0.12007717014225117,0.12007717014225117,0.12007717014225117,0.12007717014225117,0.12007717014225117
217,444.0,0.2002706950671365,0.1971062250921518,0.2744543548798258,0.1708913027618994,0.15340143462674768,0.19977147638446427,0.1276558233177798,0.15604394744816621,0.15604394744816621,0.15604394744816621,0.15604394744816621,0.15604394744816621,0.15604394744816621
218,446.0,0.22378126124476636,0.15824877305084703,0.16377988090866785,0.130104755559601,0.1612105457707652,0.12934838973967747,0.13377233609678335,0.19647589395810594,0.19647589395810594,0.19647589395810594,0.19647589395810594,0.19647589395810594,0.19647589395810594
219,448.0,0.21181987720075382,0.19933838498543927,0.2080848854369478,0.1091588213979577,0.068038004813073,0.10646189611464958,0.0958214248701249,0.15477468062178792,0.15477468062178792,0.15477468062178792,0.15477468062178792,0.15477468062178792,0.15477468062178792
220,450.0,0.15643581220258299,0.16857996343306492,0.22166232186118703,0.16895867371420525,0.21126242184767627,0.24498080911600548,0.12416534324811716,0.19358657636619797,0.19358657636619797,0.19358657636619797,0.19358657636619797,0.19358657636619797,0.19358657636619797
221,452.0,0.08258534411971076,0.06977251260391946,0.12300753709476665,0.12207553262332323,0.0944652333617803,0.1072516287631155,0.11918421871542231,0.1552191828472503,0.1552191828472503,0.1552191828472503,0.1552191828472503,0.1552191828472503,0.1552191828472503
222,454.0,0.08804914299481098,0.05070226105960238,0.1049463181259996,0.08293761939422019,0.049644256581797164,0.08783722000767663,0.019305523783221222,0.05428017119490342,0.05428017119490342,0.05428017119490342,0.05428017119490342,0.05428017119490342,0.05428017119490342
223,456.0,0.13032214419104787,0.06680561472286775,0.009702756195913426,0.05479977195609508,0.011035939459808285,0.07183622532016926,0.03338946508609111,0.06261990272650644,0.06261990272650644,0.06261990272650644,0.06261990272650644,0.06261990272650644,0.06261990272650644
224,458.0,0.12857175511017832,0.1636556134597003,0.2369223332295865,0.15173067008960103,0.17769204097392047,0.12325772013575566,0.08693274879785459,0.10856686766934073,0.10856686766934073,0.10856686766934073,0.10856686766934073,0.10856686766934073,0.10856686766934073
225,460.0,0.10706456517047024,0.15205225980375572,0.24261209453670254,0.11805654483556671,0.10258939173965242,0.2227758673494984,0.2003583974237544,0.2632881276988789,0.2632881276988789,0.2632881276988789,0.2632881276988789,0.2632881276988789,0.2632881276988789
226,462.0,0.11773920271722733,0.007471268033252821,0.060706824825502985,0.00874533257457091,0.0,0.11013751227544984,0.12614325839185478,0.1556415658407354,0.1556415658407354,0.1556415658407354,0.1556415658407354,0.1556415658407354,0.1556415658407354
227,464.0,0.1256943284721767,0.15262383478259656,0.25964911622453213,0.16826290697638133,0.15780415132192976,0.1461557924329905,0.1468419730638266,0.18514937756822492,0.18514937756822492,0.18514937756822492,0.18514937756822492,0.18514937756822492,0.18514937756822492
228,466.0,0.09004146714249428,0.1746342855948461,0.1677709220342963,0.1532407027074153,0.15015944918685595,0.2920521415488655,0.18459627079807397,0.27337801698639125,0.27337801698639125,0.27337801698639125,0.27337801698639125,0.27337801698639125,0.27337801698639125
229,468.0,0.05385161561082116,0.13602390876888087,0.05466729565903791,0.05679235159531292,0.08581854889892297,0.030465772965473786,0.011688150924606686,0.005210575311929705,0.005210575311929705,0.005210575311929705,0.005210575311929705,0.005210575311929705,0.005210575311929705
230,470.0,0.10555560013447428,0.16645822369759558,0.1474947775263212,0.07389878555761334,0.030285296338667736,0.12788537484437545,0.04612699930561954,0.06958755623353077,0.06958755623353077,0.06958755623353077,0.06958755623353077,0.06958755623353077,0.06958755623353077
231,472.0,0.14899039596697392,0.13102794423396782,0.23757199199775275,0.17944322956090064,0.23328724546490853,0.21630024215930316,0.14107232237509584,0.2177261249079399,0.2177261249079399,0.2177261249079399,0.2177261249079399,0.2177261249079399,0.2177261249079399
232,474.0,0.15117819134841462,0.07198264432986724,0.09208064377318899,0.0780811771678845,0.09675818932309738,0.1848782278593667,0.11815337700664609,0.150378174241577,0.150378174241577,0.150378174241577,0.150378174241577,0.150378174241577,0.150378174241577
233,476.0,0.12787020610239938,0.09256336833901993,0.10281630005133113,0.08931452111856426,0.14832382634530253,0.22528587416759202,0.16063286340771316,0.218676551901501,0.218676551901501,0.218676551901501,0.218676551901501,0.218676551901501,0.218676551901501
234,478.0,0.10531292097183881,0.10523823874623188,0.1897360645310373,0.13083533752950144,0.04086435021637864,0.039660593660069896,0.03190639074280486,0.059816392660011965,0.059816392660011965,0.059816392660011965,0.059816392660011965,0.059816392660011965,0.059816392660011965
235,480.0,0.0942567657417588,0.10589467501523486,0.12393540623933416,0.0756727139074613,0.16369855863665905,0.21484218223622686,0.1577969208163268,0.23422032753912522,0.23422032753912522,0.23422032753912522,0.23422032753912522,0.23422032753912522,0.23422032753912522
236,482.0,0.08518521048041022,0.10438884540671553,0.07745536250216359,0.06117401335353914,0.027769121208602116,0.09030224397385146,0.07783341401991954,0.10549004255782439,0.10549004255782439,0.10549004255782439,0.10549004255782439,0.10549004255782439,0.10549004255782439
237,484.0,0.06656888987309494,0.0833079088635382,0.09556822715951824,0.05664404550833929,0.14809088493029346,0.2414317826127368,0.17960243817127197,0.2414159549141192,0.2414159549141192,0.2414159549141192,0.2414159549141192,0.2414159549141192,0.2414159549141192
238,486.0,0.0640072822388879,0.07629225455926325,0.09448218495757287,0.08068117112332154,0.10704742128131382,0.1923574298481911,0.09612642928312834,0.1412688135070752,0.1412688135070752,0.1412688135070752,0.1412688135070752,0.1412688135070752,0.1412688135070752
239,488.0,0.10481642877269505,0.07716643996690759,0.10596783493415698,0.08480227551475339,0.06285300133912587,0.1635745792721067,0.0716632364271246,0.1091775821286241,0.1091775821286241,0.1091775821286241,0.1091775821286241,0.1091775821286241,0.1091775821286241
240,490.0,0.13695988305869625,0.06465617370907903,0.07826755323420774,0.04322918845140949,0.08163124592542377,0.1296769018733491,0.10149992145322657,0.1455302706998963,0.1455302706998963,0.1455302706998963,0.1455302706998963,0.1455302706998963,0.1455302706998963
241,492.0,0.129690189247218,0.11609644683871956,0.09968091760577127,0.08698877702779104,0.1304839702531516,0.22594776667030209,0.1867430243455229,0.25608593146600706,0.25608593146600706,0.25608593146600706,0.25608593146600706,0.25608593146600706,0.25608593146600706
242,494.0,0.09075699969225642,0.11806226558434461,0.18079885106490315,0.08843655281301893,0.05546466348906469,0.02606835207827506,0.04076897369240951,0.05068089006183968,0.05068089006183968,0.05068089006183968,0.05068089006183968,0.05068089006183968,0.05068089006183968
243,496.0,0.052466611827549914,0.04735157549081319,0.09850097558772782,0.11175985551234449,0.13327688823620706,0.1782631754701161,0.12344951227360508,0.1716767188946097,0.1716767188946097,0.1716767188946097,0.1716767188946097,0.1716767188946097,0.1716767188946097
244,498.0,0.03849817995761387,0.011533812798962817,0.050851353193687956,0.07934063076554711,0.13106172554987958,0.11633539331757392,0.051563151571946866,0.08691050911937317,0.08691050911937317,0.08691050911937317,0.08691050911937317,0.08691050911937317,0.08691050911937317
245,500.0,0.036521898479521885,0.02953311823506388,0.10459584875661725,0.12685690439596276,0.19858464100606393,0.1623849381609343,0.14217012514748156,0.18556002002529298,0.18556002002529298,0.18556002002529298,0.18556002002529298,0.18556002002529298,0.18556002002529298
