timestamp(ms),IMU[0].AccX,IMU[0].AccY,IMU[0].AccZ,sqrt(IMU[0].AccX**2+IMU[0].AccY**2+IMU[0].AccZ**2)
27711.91,-0.010456494987010956,0.6498413681983948,-9.866803169250488,9.888185269443573
27811.91,-0.01664804294705391,0.6445809006690979,-9.859391212463379,9.880453267701915
27911.91,-0.012040470726788044,0.6516268253326416,-9.863992691040039,9.88550020491223
28011.91,-0.025747869163751602,0.6479926109313965,-9.868800163269043,9.890084632556349
28111.91,-0.021895572543144226,0.6477717757225037,-9.867777824401855,9.889040746264357
28211.91,-0.01284241396933794,0.6565084457397461,-9.86343002319336,9.88526277290373
28311.91,-0.013162489980459213,0.6495834589004517,-9.864160537719727,9.885534635775988
28411.91,-0.013558831997215748,0.6558919548988342,-9.866498947143555,9.888284966181498
28511.91,-0.011546933092176914,0.6518130898475647,-9.864328384399414,9.885846858566463
28611.91,-0.013331226073205471,0.652908205986023,-9.865735054016113,9.887324967000671
28711.91,-0.020735178142786026,0.6485523581504822,-9.868302345275879,9.889612797610054
28811.91,-0.021618859842419624,0.6512032747268677,-9.865560531616211,9.887053033290528
28911.91,-0.013537959195673466,0.6441344022750854,-9.863837242126465,9.884855969800192
29011.91,-0.013526743277907372,0.6471681594848633,-9.867524147033691,9.888733103473252
29111.91,-0.017707815393805504,0.6526172161102295,-9.866875648498535,9.888450731050991
29211.91,-0.0170156080275774,0.6512395739555359,-9.85946273803711,9.88096189631073
29311.91,-0.026249805465340614,0.6557667851448059,-9.868843078613281,9.890641174316222
29411.91,-0.010609175078570843,0.6578055620193481,-9.868561744689941,9.890466703891036
29511.91,-0.015042448416352272,0.6498896479606628,-9.8646240234375,9.886019924800934
29611.91,-0.0196209866553545,0.6523733735084534,-9.862421035766602,9.88399335735874
29711.91,-0.021047230809926987,0.6541920900344849,-9.865097045898438,9.88678663679876
29811.91,-0.016964565962553024,0.6539828777313232,-9.8737211227417,9.895370140148353
29911.91,-0.01572754979133606,0.6468714475631714,-9.866640090942383,9.887834783696904
30011.91,-0.015478520654141903,0.6431792974472046,-9.864855766296387,9.885812990497918
30111.91,-0.014593001455068588,0.6581578254699707,-9.870079040527344,9.89200914603176
30211.91,-0.02114761993288994,0.647953450679779,-9.872106552124023,9.893370440480167
30311.91,-0.01491948589682579,0.6461688280105591,-9.871622085571289,9.892758934983243
30411.91,-0.006131104659289122,0.6554137468338013,-9.857614517211914,9.879380989714393
30511.91,-0.020249061286449432,0.6529024243354797,-9.865812301635742,9.887413411569948
30611.91,-0.007607887964695692,0.649986207485199,-9.864694595336914,9.886088175266778
30711.91,-0.014972545206546783,0.6523700952529907,-9.858779907226562,9.880351824577126
30811.91,-0.009747414849698544,0.6592963337898254,-9.862679481506348,9.884695909473962
30911.91,-0.014697845093905926,0.6500018835067749,-9.875612258911133,9.896991258133383
31011.91,-0.016922635957598686,0.6490335464477539,-9.86440658569336,9.885749754464394
31111.91,-0.018151668831706047,0.6475973725318909,-9.864052772521973,9.885304696320189
31211.91,-0.016237569972872734,0.6580333709716797,-9.86365795135498,9.885596580749151
31311.91,-0.012648073956370354,0.6572229862213135,-9.869684219360352,9.891550364694263
31411.91,-0.017421923577785492,0.6559361219406128,-9.861037254333496,9.882844299635643
31511.91,-0.005431300960481167,0.6481591463088989,-9.865296363830566,9.886567256848183
31611.91,-0.01631629467010498,0.6468575596809387,-9.87160587310791,9.89278997239741
31711.91,-0.017953386530280113,0.6649414300918579,-9.862597465515137,9.88500370239314
31811.91,-0.01962430402636528,0.6524981260299683,-9.867769241333008,9.889338133463683
31911.91,-0.010096089914441109,0.6593029499053955,-9.862475395202637,9.884493069033077
32011.91,-0.023074936121702194,0.6528106927871704,-9.868620872497559,9.890215982393345
32111.91,-0.012064948678016663,0.6484666466712952,-9.86946964263916,9.890757583815693
32211.91,-0.015871712937951088,0.6493298411369324,-9.865486145019531,9.886844695424058
32311.91,-0.01209015492349863,0.6482714414596558,-9.862918853759766,9.88420812961302
32411.91,-0.007301498204469681,0.649662971496582,-9.8592529296875,9.880636802350411
32511.91,-0.026712743565440178,0.6478877067565918,-9.86699390411377,9.888277946895172
32611.91,-0.007647898513823748,0.6520301103591919,-9.862810134887695,9.884342442065133
32711.91,-0.014832769520580769,0.6520830988883972,-9.864517211914062,9.886057465089728
32811.91,-0.01723061129450798,0.6505638360977173,-9.861851692199707,9.883301523162489
32911.91,-0.017719784751534462,0.655030369758606,-9.8671875,9.888921474874497
33011.91,-0.013410490937530994,0.6487640142440796,-9.862922668457031,9.884245957654475
33111.91,-0.01810801587998867,0.6468715667724609,-9.86231803894043,9.883526082595603
33211.91,-0.011008604429662228,0.6485058665275574,-9.865294456481934,9.886592727597579
33311.91,-0.01365188229829073,0.6517754793167114,-9.865056991577148,9.886574082886042
33411.91,-0.01997639797627926,0.6503168940544128,-9.861717224121094,9.883156263446175
33511.91,-0.019568081945180893,0.651785135269165,-9.868328094482422,9.889848641548562
33611.91,-0.01878093183040619,0.654802143573761,-9.866864204406738,9.88858573299702
33711.91,-0.01077517494559288,0.6522632837295532,-9.860974311828613,9.882528920991861
33811.91,-0.01810200698673725,0.6537930369377136,-9.871947288513184,9.893589656185867
33911.91,-0.014287246391177177,0.6517418622970581,-9.868507385253906,9.890015651822335
34011.91,-0.008542181923985481,0.6515059471130371,-9.862175941467285,9.883675797417265
34111.91,-0.013778810389339924,0.6585697531700134,-9.863730430603027,9.885700884763322
34211.91,-0.014775027520954609,0.6523526310920715,-9.863862991333008,9.885422366723637
34311.91,-0.018491771072149277,0.6525103449821472,-9.864287376403809,9.885862488431934
34411.91,-0.010461612604558468,0.6535058617591858,-9.867754936218262,9.889376463556829
34511.91,-0.010499131865799427,0.6583279967308044,-9.85685920715332,9.878824799169823
34611.91,-0.017438799142837524,0.6547197699546814,-9.86628532409668,9.888000211638882
34711.91,-0.016932491213083267,0.6499690413475037,-9.87229061126709,9.893678202634307
34811.91,-0.009770494885742664,0.6557379364967346,-9.860928535461426,9.882712142190964
34911.91,-0.01399607677012682,0.6470907926559448,-9.865283966064453,9.886493317410043
35011.91,-0.018904361873865128,0.6478455066680908,-9.870704650878906,9.891959941300327
35111.91,-0.012265167199075222,0.6579703688621521,-9.862977027893066,9.884907247585755
35211.91,-0.009240945801138878,0.6513510942459106,-9.860323905944824,9.881818211908254
35311.91,-0.01854027435183525,0.6543050408363342,-9.862116813659668,9.883815400669198
35411.91,-0.019523287191987038,0.6545019149780273,-9.862515449523926,9.884228088604129
35511.91,-0.008915327489376068,0.6599677801132202,-9.863868713378906,9.885926509368105
35611.91,-0.008509081788361073,0.6584224700927734,-9.864706039428711,9.886658575976883
35711.91,-0.021634357050061226,0.6545146107673645,-9.863424301147461,9.885140179359077
35811.91,-0.010064511559903622,0.64459627866745,-9.859357833862305,9.880412063927642
35911.91,-0.009780416265130043,0.6541501879692078,-9.866294860839844,9.8879614889014
36011.91,-0.014180207625031471,0.6566599607467651,-9.862259864807129,9.884107092869934
36111.91,-0.01943042129278183,0.6509459614753723,-9.86275863647461,9.884235737141603
36211.91,-0.0029703322798013687,0.6547208428382874,-9.863067626953125,9.884774717653988
36311.91,-0.01029982790350914,0.655123770236969,-9.86156177520752,9.883303794127672
36411.91,-0.012432551942765713,0.6483311653137207,-9.868121147155762,9.889403563572861
36511.91,-0.010424774140119553,0.6464559435844421,-9.860465049743652,9.881638779075443
36611.91,-0.003922442439943552,0.6490111351013184,-9.868997573852539,9.89031566491927
36711.91,-0.012339316308498383,0.6493837237358093,-9.868087768554688,9.889439199837298
36811.91,-0.011078194715082645,0.6578013300895691,-9.86296558380127,9.884883177029158
36911.91,-0.01366792619228363,0.6520761251449585,-9.867476463317871,9.889008132230584
37011.91,-0.01562662422657013,0.6483528017997742,-9.859506607055664,9.880813533386846
37111.91,-0.014165309257805347,0.6606473326683044,-9.863972663879395,9.886081744953765
37211.91,-0.03209879249334335,0.6693521738052368,-9.907194137573242,9.929831737981411
37311.91,-0.04404266178607941,0.69537353515625,-9.860072135925293,9.884660167911857
37411.91,0.005883773788809776,0.6887454390525818,-9.89750862121582,9.92144555020342
37511.91,-0.027387769892811775,0.6926106214523315,-9.895934104919434,9.920180007025875
37611.91,-0.06943400204181671,0.6496388912200928,-9.821646690368652,9.843352857642294
37711.91,0.05740412324666977,0.6064576506614685,-9.944286346435547,9.962927132892018
37811.91,0.050805166363716125,0.721896767616272,-9.864557266235352,9.891066988291037
37911.91,0.1144411712884903,0.5122034549713135,-9.864110946655273,9.878063268115609
38011.91,-0.09244542568922043,0.7493066191673279,-9.871788024902344,9.900616413883741
38111.91,-0.1073736622929573,0.7048541903495789,-9.803823471069336,9.829715315557086
38211.91,-0.05307109281420708,0.672478437423706,-9.843005180358887,9.8660931867819
38311.91,0.005710430908948183,0.5740059614181519,-9.868525505065918,9.885206679523765
38411.91,-0.042877838015556335,0.6660305857658386,-9.885849952697754,9.908353270721763
38511.91,0.013039438985288143,0.6947628855705261,-9.873542785644531,9.897965075412648
38611.91,0.020626064389944077,0.6450867652893066,-9.850075721740723,9.871198209605035
38711.91,-0.043542053550481796,0.6992337107658386,-9.84127426147461,9.866179746095312
38811.91,-0.0192873515188694,0.5840287208557129,-9.772791862487793,9.790246285779567
38911.91,-0.011784684844315052,0.6451666355133057,-9.884946823120117,9.905985693624281
39011.91,0.01581851951777935,0.6291759610176086,-9.90008544921875,9.920070791950781
39111.91,-0.0431797057390213,0.6844726800918579,-9.98709487915039,10.010615938189408
39211.91,-0.025058720260858536,0.5916703939437866,-9.850028991699219,9.867815002919635
39311.91,-0.019076544791460037,0.629114031791687,-9.91808795928955,9.938038898483077
39411.91,-0.03546178713440895,0.6060618758201599,-9.8792724609375,9.89790851104957
39511.91,0.008774558082222939,0.6357422471046448,-9.854120254516602,9.874610432219468
39611.91,-0.07271004468202591,0.7150657773017883,-9.885977745056152,9.912071518719555
39711.91,0.05603531375527382,0.6947367191314697,-9.792275428771973,9.817049309147253
39811.91,0.1906205266714096,0.7062352299690247,-9.895552635192871,9.922553418405489
39911.91,-0.00008925526344683021,0.6558814644813538,-9.967105865478516,9.988662564982008
40011.91,-0.14195141196250916,0.878713846206665,-10.349519729614258,10.387725779040773
40111.91,-0.03735227882862091,0.908690869808197,-11.778266906738281,11.813326610907389
40211.91,-0.1272020787000656,0.42465347051620483,-11.6155424118042,11.623998299176973
40311.91,0.44783347845077515,0.443859338760376,-10.8058500289917,10.824230262983416
40411.91,0.2689201831817627,0.000017857100829132833,-10.13751220703125,10.141078434414606
40511.91,0.10164870321750641,0.18706859648227692,-10.063226699829102,10.06547856442052
40611.91,0.04769735783338547,0.23383648693561554,-9.746807098388672,9.74972836307589
40711.91,0.04679431766271591,0.28991860151290894,-9.511246681213379,9.515779313044268
40811.91,0.15973179042339325,0.05285833775997162,-9.983646392822266,9.985064023112503
40911.91,-0.011936789378523827,0.2144242823123932,-9.830249786376953,9.832595340109853
41011.91,-0.2570030093193054,0.19717900454998016,-10.006820678710938,10.012062235249605
41111.91,0.19364872574806213,0.32903704047203064,-10.135838508605957,10.143026544159582
41211.91,0.10173888504505157,0.28616589307785034,-10.25926399230957,10.263758540758397
41311.91,0.16723696887493134,0.11707402765750885,-10.121655464172363,10.123713936452408
41411.91,-0.2677963674068451,-0.07414310425519943,-10.168436050415039,10.172231997240582
41511.91,-0.08007007092237473,0.5744520425796509,-10.036933898925781,10.05367835455695
41611.91,0.059733420610427856,0.2879948616027832,-9.93416690826416,9.9385200750966
41711.91,0.01738074980676174,0.0035984995774924755,-10.168107032775879,10.168122524323227
41811.91,-0.1791103333234787,0.2079850435256958,-10.046530723571777,10.050279492108928
41911.91,0.0015873716911301017,-0.00023102396517060697,-9.998933792114258,9.998933920784024
42011.91,0.18346476554870605,0.14736492931842804,-9.887866973876953,9.89066676395871
42111.91,0.04611837863922119,0.054917145520448685,-9.944805145263672,9.945063708945419
42211.91,-0.14799848198890686,-0.05188832804560661,-9.922443389892578,9.92368272240106
42311.91,0.008410405367612839,0.0038546836003661156,-9.885054588317871,9.885058917757057
42411.91,0.07346116006374359,0.11811541765928268,-9.98046875,9.98143798576404
42511.91,0.07274409383535385,0.17367756366729736,-9.741064071655273,9.742883805496325
42611.91,-0.04309871420264244,0.3163076341152191,-9.765191078186035,9.77040760726233
42711.91,0.06116682291030884,-0.01114208810031414,-10.050986289978027,10.051178584010854
42811.91,0.14092384278774261,0.05149459093809128,-10.05058479309082,10.051704626851626
42911.91,-0.006324643734842539,0.18071231245994568,-9.878204345703125,9.879859211368403
43011.91,0.236443430185318,0.24757638573646545,-9.763504981994629,9.769505058900684
43111.91,0.19252893328666687,-0.09449957311153412,-10.013527870178223,10.01582437776875
43211.91,0.035785432904958725,0.17046435177326202,-10.044428825378418,10.045938936730929
43311.91,0.11115054041147232,0.3500533998012543,-9.775895118713379,9.78279189175719
43411.91,-0.26806750893592834,0.41045743227005005,-9.849915504455566,9.8621078344321
43511.91,-0.041929807513952255,0.0769214779138565,-10.007800102233887,10.008183546917753
43611.91,-0.05472557619214058,0.2737013101577759,-10.03305721282959,10.036938992132187
43711.91,0.08448635786771774,0.294422447681427,-9.735352516174316,9.740169974725598
43811.91,-0.022508639842271805,0.7198560237884521,-9.89520263671875,9.921377654115268
43911.91,-0.11744076758623123,0.208383709192276,-9.940876007080078,9.943753410673875
44011.91,0.15561476349830627,-0.05096108466386795,-10.271516799926758,10.272821927686003
44111.91,-0.18069176375865936,0.30661359429359436,-10.029731750488281,10.03604406110538
44211.91,-0.29030975699424744,-0.08321922272443771,-10.0103178024292,10.014872325679837
44311.91,-0.010557828471064568,0.5258255004882812,-9.914511680603027,9.928451328858879
44411.91,-0.01710055209696293,0.38812220096588135,-9.92812442779541,9.935722717827453
44511.91,-0.05906585976481438,0.18301476538181305,-9.99185848236084,9.993708976734503
44611.91,-0.12564411759376526,0.3259236514568329,-10.11497974395752,10.121009232854982
44711.91,-0.012537861242890358,0.049859825521707535,-9.880145072937012,9.880278835257997
44811.91,0.07985744625329971,0.47233444452285767,-9.841540336608887,9.853192032854357
44911.91,-0.15638139843940735,0.10152603685855865,-9.780555725097656,9.782332695716223
45011.91,0.14885970950126648,0.40300577878952026,-9.73388671875,9.743363050010412
45111.91,-0.1747654229402542,0.11874315142631531,-9.90809440612793,9.910346999465242
45211.91,0.021574752405285835,0.2534484267234802,-9.72511100769043,9.728436960110885
45311.91,0.04050321504473686,0.34963199496269226,-9.9253511428833,9.931589920645404
45411.91,0.18607646226882935,0.011491641402244568,-9.922342300415039,9.924093572424548
45511.91,0.12839102745056152,0.3546306788921356,-9.6704683303833,9.67782025578527
45611.91,-0.08461789786815643,0.12994830310344696,-9.679134368896484,9.680376484479941
45711.91,-0.26454684138298035,0.2745397388935089,-9.348042488098145,9.35581399231545
45811.91,0.03912986069917679,0.06671055406332016,-8.714181900024414,8.714525094962713
45911.91,-0.08104211837053299,0.19529907405376434,-8.469109535217285,8.471748690369926
46011.91,0.30208662152290344,0.498250812292099,-9.042165756225586,9.060920028446972
46111.91,-0.07449790090322495,0.4424995481967926,-9.183396339416504,9.194352838248149
46211.91,-0.14040513336658478,0.1409926414489746,-9.322748184204102,9.32487137887163
46311.91,0.049862705171108246,0.4007277190685272,-9.365971565246582,9.374672919905224
46411.91,0.2519291639328003,0.2895529568195343,-9.492274284362793,9.500030542478166
46511.91,-0.130890890955925,0.10451002418994904,-9.687335968017578,9.688783872485674
46611.91,0.008562477305531502,0.2589544355869293,-9.593279838562012,9.596778041441206
46711.91,-0.02911948412656784,0.24863523244857788,-9.902153015136719,9.905316842905721
46811.91,0.13994741439819336,0.17083245515823364,-9.894697189331055,9.897161283675638
46911.91,-0.05946667119860649,0.2477235496044159,-9.72884750366211,9.732182539981693
47011.91,-0.033943060785532,0.3553134799003601,-9.744959831237793,9.751494342551428
47111.91,-0.13685357570648193,0.2084168940782547,-9.94992446899414,9.953047947317907
47211.91,0.35793232917785645,0.2761523723602295,-9.814456939697266,9.82486339376801
47311.91,-0.16320578753948212,1.05025315284729,-9.785133361816406,9.842687779396668
47411.91,0.10842937976121902,0.027298033237457275,-9.452218055725098,9.452879364827924
47511.91,0.18015335500240326,-0.07483228296041489,-9.95077896118164,9.952690944472598
47611.91,-0.1089276522397995,0.3513679802417755,-9.731134414672852,9.738085113994023
47711.91,0.013395225629210472,0.22305642068386078,-9.922599792480469,9.925115628576394
47811.91,0.04806871339678764,0.08560691028833389,-9.842979431152344,9.843469064632897
47911.91,0.05224887281656265,-0.11960073560476303,-10.126774787902832,10.127615804599435
48011.91,-0.148565873503685,0.4249489903450012,-9.635879516601562,9.646389351546345
48111.91,0.10667254030704498,0.5462563037872314,-10.236985206604004,10.252104227938384
48211.91,-0.019362755119800568,0.6930537223815918,-10.106612205505371,10.130365672119785
48311.91,-0.10046307742595673,0.542503297328949,-10.00290584564209,10.018110002107152
48411.91,-0.0144469840452075,0.6890708804130554,-10.112006187438965,10.135467257526173
48511.91,-0.06963937729597092,0.8414161205291748,-9.978545188903809,10.01419965937128
48611.91,-0.011750212870538235,0.18200522661209106,-9.876729965209961,9.878413778319523
48711.91,-0.12398070096969604,0.33126282691955566,-9.825577735900879,9.831942031915297
48811.91,-0.023091020062565804,0.2805052399635315,-9.834031105041504,9.838057946555223
48911.91,-0.0969284176826477,0.37487733364105225,-9.657565116882324,9.665324211854179
49011.91,-0.16917356848716736,0.3000507652759552,-10.012256622314453,10.018180115624643
49111.91,-0.12120479345321655,0.23496708273887634,-9.91819953918457,9.921722745118807
49211.91,-0.04426920413970947,0.48953479528427124,-10.046978950500488,10.058995482155714
49311.91,-0.4247266948223114,0.17385420203208923,-10.181658744812012,10.191996509254986
49411.91,-0.17007870972156525,0.20455437898635864,-10.020383834838867,10.023914477835648
49511.91,-0.18757325410842896,0.7020372152328491,-9.781754493713379,9.808708424278429
49611.91,-0.07296016067266464,0.09394125640392303,-9.896661758422852,9.897376526399782
49711.91,0.23397713899612427,0.49505048990249634,-9.978392601013184,9.993404784610705
49811.91,-0.23071111738681793,0.24869413673877716,-9.901851654052734,9.907660802237881
49911.91,-0.041876498609781265,0.7126973867416382,-9.879008293151855,9.904771378601694
50011.91,-0.20901629328727722,0.6337225437164307,-10.337055206298828,10.358571446456489
50111.91,0.16673004627227783,0.5020641088485718,-10.406208038330078,10.419646491831159
50211.91,-0.33094385266304016,0.39101338386535645,-10.471473693847656,10.48399621427444
50311.91,0.04158509895205498,0.013454805128276348,-10.48293685913086,10.483027975960011
50411.91,-0.1711353212594986,-0.018691284582018852,-10.348223686218262,10.349655555732788
50511.91,-0.005364560056477785,0.21301381289958954,-10.45082950592041,10.453001531847551
50611.91,-0.07431484013795853,0.48868370056152344,-10.159077644348145,10.171095960541985
50711.91,-0.04593604803085327,0.4691561460494995,-10.045467376708984,10.05652188514544
50811.91,-0.03666296228766441,0.7264965772628784,-10.116958618164062,10.143076117787073
50911.91,0.2212761491537094,0.5659679770469666,-9.922307968139648,9.940899270178452
51011.91,-0.0938274934887886,0.37016451358795166,-10.030019760131836,10.037286573287089
51111.91,0.10925491899251938,0.6196363568305969,-9.780818939208984,9.801035913290978
51211.91,-0.4010458290576935,0.34138742089271545,-9.855561256408691,9.869623640594023
51311.91,-0.2644798159599304,0.4504125416278839,-10.078544616699219,10.092070284213378
51411.91,-0.08704952150583267,0.7471717000007629,-9.776041984558105,9.804939574128909
51511.91,-0.19673477113246918,0.4101901948451996,-9.984143257141113,9.994502346051856
51611.91,-0.35800376534461975,0.4018908739089966,-9.980208396911621,9.994710731998076
51711.91,-0.19153949618339539,0.266320139169693,-10.268108367919922,10.27334722719293
51811.91,-0.16137556731700897,0.5003921985626221,-9.97994327545166,9.993783177923264
51911.91,-0.0676313117146492,0.4370041787624359,-9.974513053894043,9.98431055751386
52011.91,-0.5803766250610352,0.7227569222450256,-9.746658325195312,9.79063650145737
52111.91,-0.3305444121360779,0.35022076964378357,-10.023283958435059,10.034846062960101
52211.91,-0.4226924479007721,0.3506712019443512,-9.749589920043945,9.765046994582665
52311.91,-0.6286141276359558,0.5244133472442627,-9.841466903686523,9.87545623738917
52411.91,-0.4185151755809784,0.2770703136920929,-9.690532684326172,9.703522381945373
52511.91,-0.4450386166572571,0.5940883755683899,-9.689739227294922,9.718129792366414
52611.91,-0.6187481880187988,0.6988561749458313,-9.74046516418457,9.785086146178255
52711.91,-0.5008940100669861,0.33805516362190247,-9.819853782653809,9.838429977169769
52811.91,-0.5052635669708252,0.47236526012420654,-9.881912231445312,9.906089519132601
52911.91,-0.385795533657074,0.397280752658844,-9.834781646728516,9.850360411124608
53011.91,-0.9498053193092346,0.2627354562282562,-9.868425369262695,9.917508726149686
53111.91,-0.8288862705230713,0.7488680481910706,-9.71570110321045,9.77970877531575
53211.91,-1.038661003112793,0.3351704180240631,-9.597940444946289,9.659793821466454
53311.91,-0.6263638138771057,0.23583517968654633,-9.739446640014648,9.762416233341266
53411.91,-0.9855184555053711,-0.0028512401040643454,-9.89875316619873,9.947691641835366
53511.91,-0.4431504011154175,0.27015864849090576,-10.00329875946045,10.01675366794982
53611.91,-1.0350725650787354,0.41367480158805847,-9.67736530303955,9.74135007403601
53711.91,-0.9840750694274902,0.3764566481113434,-9.675155639648438,9.732356343743119
53811.91,-0.5142822265625,-0.06130175665020943,-9.593992233276367,9.607961859109025
53911.91,-0.8071982860565186,0.40586623549461365,-9.80156421661377,9.843117268758443
54011.91,-0.7272364497184753,0.23718348145484924,-10.168354034423828,10.197085496702355
54111.91,-0.47886449098587036,-0.0869254618883133,-10.086858749389648,10.098593301385602
54211.91,-0.8530293107032776,0.06074411794543266,-9.938234329223633,9.97496117462835
54311.91,-1.0763838291168213,0.34268271923065186,-10.15484619140625,10.21748182111236
54411.91,-0.8280288577079773,-0.0417211577296257,-9.573773384094238,9.609605051935835
54511.91,-0.9139506816864014,-0.03102133236825466,-9.80025577545166,9.842828934604652
54611.91,-0.814469575881958,0.2902761697769165,-9.96707534790039,10.0045095799595
54711.91,-0.6760642528533936,0.00180543411988765,-9.746490478515625,9.769910070280806
54811.91,-1.0514010190963745,-0.20720580220222473,-9.552623748779297,9.612543827372928
54911.91,-0.7634786367416382,-0.3015490472316742,-10.006308555603027,10.039922428314949
55011.91,-0.919843852519989,0.3212721645832062,-9.828425407409668,9.87660237661569
55111.91,-1.0081408023834229,0.24699413776397705,-9.730046272277832,9.785251884452837
55211.91,-1.176589846611023,0.3046330213546753,-9.690423011779785,9.766343383891385
55311.91,-0.7499438524246216,-0.01959124021232128,-10.034475326538086,10.062479549166008
55411.91,-1.1489567756652832,0.3023836314678192,-9.33006763458252,9.405407997466728
55511.91,-0.7340165972709656,0.3054236173629761,-9.89228630065918,9.924182193275254
55611.91,-1.0987598896026611,0.6619185209274292,-9.418944358825684,9.505888819989458
55711.91,-0.9107909202575684,0.5384969711303711,-9.888322830200195,9.944769855687893
55811.91,-0.8131081461906433,0.08406602591276169,-9.520679473876953,9.555707697413954
55911.91,-1.2782223224639893,0.0560445562005043,-10.054981231689453,10.13605647515601
56011.91,-1.3887722492218018,0.4802602231502533,-9.542341232299805,9.654823376727192
56111.91,-1.1327890157699585,0.2434687614440918,-9.132478713989258,9.205686039264814
56211.91,-1.2650846242904663,0.5826383829116821,-9.253865242004395,9.35809427763127
56311.91,-1.3808695077896118,0.2624017000198364,-9.96456241607666,10.063208205816073
56411.91,-1.143333911895752,0.5304418802261353,-10.132928848266602,10.211015036049169
56511.91,-1.3598418235778809,0.046966686844825745,-10.022359848022461,10.114300399833771
56611.91,-1.4136897325515747,0.3221111297607422,-9.875414848327637,9.981287124735339
56711.91,-1.142086148262024,-0.11158505082130432,-10.126288414001465,10.191100482144167
56811.91,-1.2496271133422852,0.2919327914714813,-9.996796607971191,10.078826077390204
56911.91,-1.5212289094924927,-0.2556301951408386,-9.626409530639648,9.749217642628219
57011.91,-1.7598729133605957,0.7067172527313232,-9.618767738342285,9.803942816574502
57111.91,-1.6073646545410156,0.4817751348018646,-9.612791061401367,9.75814943538677
57211.91,-1.7898482084274292,0.19251284003257751,-9.659876823425293,9.826181254512733
57311.91,-1.690171718597412,0.44496750831604004,-9.704389572143555,9.860519940131558
57411.91,-1.5297677516937256,0.25022417306900024,-10.013689041137695,10.132954639369078
57511.91,-1.5265980958938599,0.17405074834823608,-9.488828659057617,9.612422417389933
57611.91,-2.0284998416900635,-0.0020955600775778294,-9.817546844482422,10.024921049201106
57711.91,-1.8228565454483032,0.18452215194702148,-10.056792259216309,10.222324831215056
57811.91,-1.3702682256698608,0.40756842494010925,-10.009124755859375,10.110703507157432
57911.91,-2.207275390625,0.8730325102806091,-9.897971153259277,10.178609107575474
58011.91,-1.4235857725143433,0.15070632100105286,-9.919236183166504,10.022003557389835
58111.91,-1.1838182210922241,0.6257266998291016,-9.535439491271973,9.62899609383959
58211.91,-1.5775507688522339,0.6767014861106873,-9.017210960388184,9.179144014218073
58311.91,-1.7238463163375854,-0.41078779101371765,-9.32359504699707,9.490511963639522
58411.91,-1.6397795677185059,-0.05146285891532898,-9.904268264770508,10.03922583255776
58511.91,-1.8820781707763672,0.1513204574584961,-9.58408260345459,9.7683036127876
58611.91,-1.8223685026168823,0.43724167346954346,-10.35177993774414,10.520054900989377
58711.91,-1.6291213035583496,0.738334596157074,-10.169912338256836,10.326000734331695
58811.91,-1.7881152629852295,0.03451133519411087,-9.463173866271973,9.630690881202161
58911.91,-1.301598072052002,-0.04061135649681091,-10.065848350524902,10.1497344713648
59011.91,-1.6380149126052856,-0.26895758509635925,-10.547046661376953,10.67687333978262
59111.91,-2.1193268299102783,0.27956971526145935,-9.992589950561523,10.218686772659787
59211.91,-1.8171131610870361,0.6025063395500183,-9.305560111999512,9.500440154404956
59311.91,-1.5570993423461914,0.07486016303300858,-9.664153099060059,9.789076438970962
59411.91,-1.9363080263137817,0.1463724821805954,-10.251273155212402,10.433566742925706
59511.91,-1.1372288465499878,-0.19646777212619781,-10.70006275177002,10.762120233798072
59611.91,-1.5026016235351562,0.03415863588452339,-9.710819244384766,9.826443346835593
59711.91,-1.4555490016937256,0.33211952447891235,-9.592206001281738,9.707695001693095
59811.91,-1.5065470933914185,0.49455976486206055,-10.093996047973633,10.217780077988264
59911.91,-1.2364721298217773,-0.01630398817360401,-9.655593872070312,9.734455412102832
60011.91,-1.4445093870162964,-0.34310922026634216,-10.193463325500488,10.301020622954477
60111.91,-1.6232612133026123,-0.06770018488168716,-9.57170295715332,9.708607406915952
60211.91,-1.2978076934814453,-0.2912890315055847,-10.204604148864746,10.290923182307925
60311.91,-1.2838826179504395,0.04090452939271927,-10.142084121704102,10.223106088118355
60411.91,-1.1870537996292114,0.2035611867904663,-9.999052047729492,10.071324427958075
60511.91,-1.4311901330947876,-0.21096839010715485,-9.572205543518066,9.68090552717308
60611.91,-1.640313744544983,-0.2043582797050476,-10.528992652893066,10.657958424187221
60711.91,-1.2599000930786133,-0.1663994938135147,-10.08341121673584,10.16317956162711
60811.91,-1.62468421459198,-0.1542847901582718,-9.876825332641602,10.010748285973902
60911.91,-1.709296464920044,-0.006800740957260132,-10.045948028564453,10.190329359136719
61011.91,-1.490180492401123,-0.032207898795604706,-10.485695838928223,10.591104402997562
61111.91,-1.5278204679489136,0.31428956985473633,-9.980034828186035,10.101193418988144
61211.91,-1.3169749975204468,0.3231273293495178,-9.935821533203125,10.027930192952553
61311.91,-1.1680805683135986,0.7682417631149292,-9.843573570251465,9.942361301703883
61411.91,-1.1451494693756104,0.1341335028409958,-10.069723129272461,10.13551592194499
61511.91,-1.3534972667694092,0.5650824308395386,-10.044958114624023,10.151475583842322
61611.91,-1.3192768096923828,0.1937059909105301,-10.193764686584473,10.28060561430908
61711.91,-1.4265668392181396,0.22935667634010315,-9.655317306518555,9.762830005756289
61811.91,-1.432287573814392,0.064268097281456,-9.954095840454102,10.056818686014825
61911.91,-1.3765205144882202,0.4751551151275635,-10.17957592010498,10.283207039801345
62011.91,-1.4682557582855225,-0.004199821036309004,-9.245848655700684,9.361704437459958
62111.91,-1.50388503074646,-0.11663692444562912,-9.644664764404297,9.761907230433467
62211.91,-1.499313473701477,0.6464720368385315,-10.255228042602539,10.384390651002034
62311.91,-1.8324759006500244,0.6185805201530457,-10.187227249145508,10.36919518632515
62411.91,-1.2209497690200806,-0.028001783415675163,-9.816125869750977,9.891806181337108
62511.91,-1.2305338382720947,-0.2334025502204895,-9.773591041564941,9.853515724112919
62611.91,-1.6713616847991943,-0.04531363770365715,-9.473306655883789,9.619721524222458
62711.91,-1.4181463718414307,0.006023072637617588,-9.571063041687012,9.675558028213052
62811.91,-0.9923654198646545,-0.2919262945652008,-9.987732887268066,10.041156224032063
62911.91,-1.4760549068450928,-0.17263668775558472,-9.866585731506348,9.977878307092412
63011.91,-1.2602697610855103,0.33812299370765686,-10.031024932861328,10.115535983489258
63111.91,-1.4428147077560425,0.08149243146181107,-10.098236083984375,10.201114022751966
63211.91,-1.4013358354568481,0.3872379958629608,-9.659590721130371,9.768387189752639
63311.91,-1.3057109117507935,0.037251006811857224,-9.858885765075684,9.945043848640665
63411.91,-1.425756573677063,-0.16808520257472992,-10.119551658630371,10.220878641995347
63511.91,-1.2926911115646362,0.08771251142024994,-9.965534210205078,10.049408733320861
63611.91,-1.5363234281539917,-0.08769603073596954,-10.116024017333984,10.23239572089448
63711.91,-1.1325219869613647,-0.40283483266830444,-9.526296615600586,9.601833635393033
63811.91,-1.5297632217407227,-0.1341661512851715,-9.481051445007324,9.60460892351254
63911.91,-0.9737777709960938,0.06205584481358528,-9.467275619506836,9.517426213576346
64011.91,-1.2586590051651,-0.41280362010002136,-9.761110305786133,9.850578852117023
64111.91,-1.3854246139526367,-0.20561400055885315,-10.03095531463623,10.128264560249228
64211.91,-1.319888949394226,0.14430394768714905,-10.026331901550293,10.113864833390656
64311.91,-0.9149978160858154,-0.4153410494327545,-9.348820686340332,9.402668632687778
64411.91,-1.2364277839660645,0.09260222315788269,-8.850713729858398,8.937139495644061
64511.91,-1.2746480703353882,0.30469757318496704,-8.89643669128418,8.992449839523262
64611.91,-1.4370026588439941,-0.04693881422281265,-8.713010787963867,8.830840100748064
64711.91,-1.3732895851135254,-0.10927850008010864,-9.361048698425293,9.461876072399749
64811.91,-1.4247595071792603,-0.08121855556964874,-9.540730476379395,9.646868617845954
64911.91,-1.308353066444397,-0.4312970042228699,-9.186625480651855,9.289342957071185
65011.91,-1.472006916999817,-0.21054738759994507,-9.730177879333496,9.843144626062921
65111.91,-1.1908631324768066,0.13815651834011078,-9.816010475158691,9.888948572637917
65211.91,-1.5043851137161255,-0.14495833218097687,-9.51836109161377,9.637602676951683
65311.91,-0.8962512016296387,-0.40221139788627625,-9.788129806518555,9.837302746905229
65411.91,-0.8657587766647339,0.21306180953979492,-10.034334182739258,10.073866987654041
65511.91,-0.7257660627365112,-0.16190262138843536,-10.008566856384277,10.036152617180868
65611.91,-0.3959050476551056,-0.16705486178398132,-9.852169036865234,9.861535522654192
65711.91,-0.8651750087738037,-0.24890422821044922,-9.835805892944336,9.876920505618456
65811.91,-0.4837360978126526,0.17883266508579254,-10.380001068115234,10.392805391640032
65911.91,-0.6528222560882568,0.2807255983352661,-10.115727424621582,10.140657034376325
66011.91,-0.5122937560081482,0.44464945793151855,-10.098434448242188,10.121192436582175
66111.91,-0.5610056519508362,-0.13443012535572052,-9.883309364318848,9.900131453215991
66211.91,-0.21301835775375366,0.10147503018379211,-10.105629920959473,10.108384148907394
66311.91,-0.3601304888725281,0.07861298322677612,-10.067155838012695,10.073901956887434
66411.91,-0.6868425011634827,0.39943015575408936,-9.82176399230957,9.853849247444323
66511.91,-0.6453783512115479,0.10625232011079788,-9.584012985229492,9.606305620413552
66611.91,-0.5625404715538025,0.02821391075849533,-9.725912094116211,9.742207853940103
66711.91,-0.5926809310913086,-0.14075767993927002,-9.516013145446777,9.53549105158497
66811.91,-0.7682721018791199,0.5623902082443237,-9.75770092010498,9.804042636334893
66911.91,-0.6103077530860901,0.25453898310661316,-9.717856407165527,9.740328474835232
67011.91,-0.3537984788417816,0.14015725255012512,-9.650004386901855,9.657504961753746
67111.91,-0.5208742022514343,-0.16800618171691895,-9.781004905700684,9.796305067575581
67211.91,-0.2948131859302521,0.06599877029657364,-10.14506721496582,10.149564495506857
67311.91,-0.7908688187599182,0.28267180919647217,-9.771227836608887,9.807256001304417
67411.91,-0.07071325182914734,0.13071681559085846,-10.175381660461426,10.176466930419279
67511.91,0.09156704694032669,0.06962160021066666,-10.278964042663574,10.279607652127194
67611.91,-0.47246643900871277,0.10770771652460098,-10.121171951293945,10.13276601702851
67711.91,-0.19526080787181854,-0.014719613827764988,-9.950057983398438,9.951984592186273
67811.91,-0.3364119827747345,0.2577092945575714,-10.219117164611816,10.227900211026682
67911.91,-0.5553112626075745,0.48538070917129517,-10.385659217834473,10.411814559441817
68011.91,-0.5675334334373474,0.43929627537727356,-10.289617538452148,10.314616061844065
68111.91,-0.3565634787082672,0.2766999304294586,-10.504786491394043,10.514477618770368
68211.91,-0.1755935549736023,0.012048505246639252,-10.316873550415039,10.318374780859648
68311.91,-0.7031647562980652,0.2304358184337616,-10.442164421081543,10.468349398917587
68411.91,-0.28494542837142944,0.33618447184562683,-10.524733543395996,10.533956049639885
68511.91,-0.31865110993385315,0.21029408276081085,-10.343273162841797,10.350316992839863
68611.91,-0.5017336010932922,0.46076762676239014,-10.354483604431152,10.376867259764472
68711.91,-0.1148955300450325,0.2778856158256531,-10.491621971130371,10.495930305761975
68811.91,-0.5497358441352844,0.29821816086769104,-10.153581619262695,10.172824743837264
68911.91,-0.4424619674682617,0.15818025171756744,-10.334223747253418,10.344900871588175
69011.91,-0.2148914933204651,0.2366897463798523,-10.248162269592285,10.253147336005553
69111.91,-0.19314615428447723,-0.255084753036499,-10.205105781555176,10.210120355846813
69211.91,-0.304455429315567,0.34609878063201904,-10.125276565551758,10.135763562914553
69311.91,-0.1851949691772461,0.4389805793762207,-10.009896278381348,10.021228698599328
69411.91,-0.0314398892223835,0.37162676453590393,-9.977444648742676,9.984412683652334
69511.91,0.0464659184217453,0.1237909123301506,-10.009163856506348,10.010037181646396
69611.91,-0.11911117285490036,0.39397501945495605,-10.078394889831543,10.086795692529712
69711.91,0.27727431058883667,0.2531454563140869,-10.000970840454102,10.008015858149816
69811.91,0.16284044086933136,0.2347038984298706,-9.680370330810547,9.684584279707508
69911.91,-0.1082763820886612,0.18959243595600128,-9.94366455078125,9.94606121865101
70011.91,-0.09575914591550827,-0.07107747346162796,-10.02750015258789,10.02820926842925
70111.91,0.04189534857869148,0.1914476603269577,-9.992302894592285,9.994224560422612
70211.91,-0.020253699272871017,0.38717445731163025,-9.913997650146484,9.921575665177322
70311.91,-0.11869678646326065,0.14025864005088806,-10.011560440063477,10.01324641953196
70411.91,0.08104909956455231,0.0010735101532191038,-10.011078834533691,10.011406971061197
70511.91,0.09644898027181625,0.017401574179530144,-9.81263542175293,9.813124840784392
70611.91,0.05776027962565422,-0.0508950799703598,-9.946048736572266,9.946346667462299
70711.91,0.09650665521621704,0.23304706811904907,-9.988495826721191,9.991680206596214
70811.91,0.14891751110553741,0.05241195857524872,-9.665497779846191,9.666786993139302
70911.91,0.14499162137508392,0.24434027075767517,-9.975229263305664,9.979274702787402
71011.91,0.3164258301258087,0.23257212340831757,-9.817575454711914,9.825426347366271
71111.91,-0.005659176502376795,-0.13654756546020508,-9.813698768615723,9.814650313946062
71211.91,-0.09694797545671463,0.08594607561826706,-9.678349494934082,9.67921663069642
71311.91,0.17072685062885284,0.3696472942829132,-9.614027976989746,9.622646243213863
71411.91,0.23055137693881989,0.18683873116970062,-9.7413911819458,9.745910158038853
71511.91,0.41582849621772766,-0.19367530941963196,-9.674179077148438,9.685048491385166
71611.91,0.5361719131469727,0.11015878617763519,-9.652928352355957,9.668435295038039
71711.91,0.050287581980228424,0.3460922837257385,-9.586398124694824,9.592775287418567
71811.91,0.2468119114637375,0.17945463955402374,-9.794914245605469,9.799666584433513
71911.91,0.4742843508720398,-0.040141761302948,-9.99043083190918,10.0017631052552
72011.91,0.45254191756248474,0.1690983772277832,-9.618656158447266,9.630780588444932
72111.91,0.195609912276268,0.07025846838951111,-9.674948692321777,9.677180978426518
72211.91,0.35448217391967773,0.10560380667448044,-9.63000202178955,9.637102713745547
72311.91,0.22966890037059784,0.20213136076927185,-9.507071495056152,9.511993129881512
72411.91,0.17454934120178223,0.3657245635986328,-9.566768646240234,9.57534773570227
72511.91,0.3754125237464905,0.4389389753341675,-9.601539611816406,9.618896241478678
72611.91,0.40416860580444336,0.16221635043621063,-9.74655818939209,9.756283254676074
72711.91,0.5909609794616699,0.20314684510231018,-9.954387664794922,9.973983020887022
72811.91,0.5742982625961304,0.03129545599222183,-9.741040229797363,9.758005055261929
72911.91,0.5864189267158508,-0.050988953560590744,-10.053661346435547,10.070878486994468
73011.91,0.4145205020904541,-0.3684231638908386,-9.89389419555664,9.909425070467712
73111.91,0.7965039610862732,0.0640355572104454,-9.958974838256836,9.990980879855899
73211.91,0.5688296556472778,-0.18090108036994934,-9.632143020629883,9.650620267521242
73311.91,0.6628180742263794,0.06807024031877518,-9.934327125549316,9.956646865012496
73411.91,0.2381306141614914,0.07179484516382217,-9.798995971679688,9.802151944455247
73511.91,0.5087169408798218,0.10208851099014282,-10.142147064208984,10.15541048220392
73611.91,0.8204525709152222,0.1847725510597229,-9.83342170715332,9.869319418656012
73711.91,0.9524058103561401,0.10097121447324753,-9.706612586975098,9.753747993841943
73811.91,0.7738512754440308,-0.31038838624954224,-9.631319999694824,9.667342534706549
73911.91,1.224871277809143,-0.143238365650177,-9.503055572509766,9.58273927907907
74011.91,0.7780731320381165,-0.49648797512054443,-9.670158386230469,9.714106305935836
74111.91,0.8291434645652771,0.056516148149967194,-9.56216812133789,9.59821504971438
74211.91,0.4990348517894745,-0.43128249049186707,-10.002373695373535,10.024096962410422
74311.91,0.7390285134315491,0.0574214868247509,-9.887901306152344,9.915646857922242
74411.91,0.9824939966201782,-0.17629869282245636,-9.86474323272705,9.915116475872573
74511.91,0.8649455308914185,-0.07147809863090515,-9.736248016357422,9.774853724021488
74611.91,0.9948616027832031,0.18250809609889984,-9.263014793395996,9.318073935986293
74711.91,1.1813234090805054,0.22736398875713348,-9.620491981506348,9.695415687140652
74811.91,0.758782148361206,-0.14744418859481812,-9.750677108764648,9.781267515859534
74911.91,1.2371535301208496,-0.4695765972137451,-9.358230590820312,9.451324289680596
75011.91,0.918652355670929,0.09758084267377853,-9.20458698272705,9.250830540769027
75111.91,1.6386282444000244,-0.05900192633271217,-9.279102325439453,9.422861758331825
75211.91,0.7757402062416077,-0.4076295495033264,-9.98698902130127,10.025362059736304
75311.91,1.0674843788146973,-0.14084596931934357,-9.620725631713867,9.680791401884616
75411.91,0.897611141204834,0.06609438359737396,-9.870138168334961,9.911089833634886
75511.91,1.2652838230133057,-0.0930030420422554,-10.001320838928223,10.081468704597967
75611.91,0.726164698600769,0.42819392681121826,-10.210290908813477,10.245033218640684
75711.91,0.8743242621421814,0.4186118245124817,-10.081189155578613,10.12768747373002
75811.91,1.413764476776123,-0.5331217646598816,-10.125127792358398,10.237243848973051
75911.91,1.015886902809143,0.1425652951002121,-10.061680793762207,10.113840588927108
76011.91,1.036544680595398,0.17775119841098785,-10.136887550354004,10.19129577492132
76111.91,0.85728520154953,0.9887493252754211,-10.281903266906738,10.364849151582279
76211.91,0.7033106684684753,0.32107919454574585,-10.157878875732422,10.187258757860365
76311.91,0.7700700163841248,0.06003066152334213,-10.487933158874512,10.51633745443138
76411.91,1.2264388799667358,-0.0639910101890564,-10.377930641174316,10.45034408853143
76511.91,1.1484593152999878,0.057587623596191406,-9.837180137634277,9.904160145795155
76611.91,1.1268013715744019,0.17207077145576477,-10.058536529541016,10.12291691151727
76711.91,1.442163348197937,-0.21833398938179016,-10.441375732421875,10.542762068804043
76811.91,0.897252082824707,0.33054977655410767,-10.443115234375,10.48680028671036
76911.91,1.1967692375183105,0.24152562022209167,-10.501214981079102,10.571949078194331
77011.91,0.9440556168556213,0.325194388628006,-9.812140464782715,9.862813640069357
77111.91,1.2630079984664917,0.28496578335762024,-9.587879180908203,9.67490681554959
77211.91,1.3861422538757324,0.6479625701904297,-10.316747665405273,10.429598661117916
77311.91,1.1658598184585571,1.0294111967086792,-10.35523796081543,10.471383373428667
77411.91,1.1052590608596802,0.0546344555914402,-10.175127029418945,10.235125430602315
77511.91,0.9728447794914246,0.5170465111732483,-10.575831413269043,10.633060431577938
77611.91,1.173890471458435,0.48572051525115967,-9.800108909606934,9.882108980277133
77711.91,0.6519250273704529,0.6487960815429688,-9.625872611999512,9.669713860253559
77811.91,1.2512589693069458,0.5733465552330017,-10.211907386779785,10.304243191852382
77911.91,1.2157421112060547,0.7051621079444885,-9.942095756530762,10.040943706219423
78011.91,1.0133105516433716,0.09615881741046906,-10.0181303024292,10.069706030897214
78111.91,1.2493659257888794,0.7470396757125854,-10.035503387451172,10.140528178214142
78211.91,1.532763123512268,0.3358336091041565,-10.117039680480957,10.237999751036783
78311.91,0.9905693531036377,0.6387459635734558,-10.088994979858398,10.15761013983592
78411.91,1.1729613542556763,0.49906831979751587,-10.320859909057617,10.39928155156863
78511.91,1.3094629049301147,0.36963212490081787,-9.98064136505127,10.072959995200973
78611.91,1.0795631408691406,0.26100850105285645,-9.2747163772583,9.340982062466903
78711.91,0.7043281197547913,0.1117694079875946,-9.889404296875,9.915083854808739
78811.91,1.0467054843902588,0.5145261287689209,-9.986544609069824,10.054422048888744
78911.91,1.0323245525360107,0.9937732219696045,-9.905738830566406,10.008843138837957
79011.91,1.2840237617492676,0.22355549037456512,-10.137190818786621,10.22063265040404
79111.91,1.3814761638641357,0.12657557427883148,-10.250503540039062,10.343950917888296
79211.91,1.182081937789917,0.2903047800064087,-9.588652610778809,9.665601557230621
79311.91,1.0498098134994507,0.6528005003929138,-9.862825393676758,9.939998686317221
79411.91,1.3021008968353271,-0.005923659540712833,-10.142653465270996,10.22589463821408
79511.91,1.421174168586731,0.615682065486908,-10.052533149719238,10.171146599544448
79611.91,1.0642378330230713,0.11354133486747742,-9.91596794128418,9.973560748926973
79711.91,1.266974687576294,0.26272693276405334,-10.285144805908203,10.36621695599022
79811.91,1.5583817958831787,0.4152567386627197,-9.85267162322998,9.983793372057846
79911.91,1.2159541845321655,0.1131058856844902,-10.533129692077637,10.60368608694096
80011.91,0.5564510226249695,0.27552276849746704,-10.36322021484375,10.38180541899563
80111.91,0.8125998377799988,-0.20428453385829926,-10.385466575622559,10.4192114222002
80211.91,0.7936874628067017,0.4533565044403076,-9.857952117919922,9.900236960191243
80311.91,1.0503491163253784,0.14843584597110748,-10.428949356079102,10.482759710028528
80411.91,0.9030758738517761,0.28801944851875305,-10.068931579589844,10.113450666865381
80511.91,0.4435597360134125,0.5336531400680542,-10.361869812011719,10.385079533368849
80611.91,0.6066983938217163,0.15466174483299255,-10.324480056762695,10.343446796830893
80711.91,0.7133370041847229,0.5280423760414124,-10.67049789428711,10.70734344944722
80811.91,0.8611072301864624,0.2814924716949463,-10.741275787353516,10.779413212855662
80911.91,0.8368566036224365,0.4835266172885895,-10.592690467834473,10.636692075641013
81011.91,1.1732594966888428,0.5729219913482666,-10.64562702178955,10.725397528380796
81111.91,0.77375727891922,0.5168496966362,-11.069441795349121,11.108482146369745
81211.91,0.7440799474716187,0.5491113662719727,-11.007973670959473,11.046748960727559
81311.91,0.22608014941215515,0.2932310104370117,-11.020769119262695,11.026987287538441
81411.91,0.29956698417663574,0.4297565519809723,-11.20553970336914,11.21777835026889
81511.91,0.2911427319049835,0.47753840684890747,-11.375883102416992,11.389623495981478
81611.91,0.3193484842777252,0.47004106640815735,-11.291237831115723,11.305528462541655
81711.91,0.3780343234539032,0.40549856424331665,-11.066988945007324,11.08086564056378
81811.91,0.3428809344768524,0.34639349579811096,-10.706546783447266,10.717634991699612
81911.91,0.17649002373218536,0.1439143270254135,-10.489147186279297,10.491618976946839
82011.91,-0.4182266891002655,0.8730304837226868,-9.889723777770996,9.93698808440434
82111.91,-0.16014963388442993,0.41118767857551575,-9.413193702697754,9.423531126746187
82211.91,0.15448890626430511,0.4117192029953003,-9.125205993652344,9.135795748092361
82311.91,0.763600766658783,0.319295734167099,-8.924640655517578,8.96293739389138
82411.91,-0.13502761721611023,0.5149476528167725,-8.816789627075195,8.832846815758401
82511.91,0.03660684451460838,0.17436468601226807,-9.001093864440918,9.00285698327311
82611.91,0.36822089552879333,0.38891270756721497,-8.967866897583008,8.983845302250945
82711.91,0.3780617117881775,0.443818598985672,-8.786870002746582,8.806190439224757
82811.91,0.08219583332538605,0.37956926226615906,-8.910138130187988,8.918598010836861
82911.91,0.21876458823680878,0.24557028710842133,-9.016711235046387,9.022707144044334
83011.91,0.7302972674369812,0.627947986125946,-9.110828399658203,9.161596307419575
83111.91,-0.03176550194621086,0.35160699486732483,-9.47616958618164,9.482743619439864
83211.91,-0.001448043156415224,0.07193119823932648,-9.48708438873291,9.487357186964598
83311.91,0.08034126460552216,0.32399624586105347,-9.77643871307373,9.78213587089329
83411.91,0.06276187300682068,0.30533555150032043,-9.932907104492188,9.937797160245559
83511.91,0.15229056775569916,0.3328905701637268,-10.127827644348145,10.134441343377235
83611.91,0.057798076421022415,0.4251343905925751,-10.331658363342285,10.340563060323316
83711.91,0.13107874989509583,0.1547326147556305,-10.226545333862305,10.228555777150754
83811.91,0.19974157214164734,0.5719415545463562,-10.291452407836914,10.309267990513717
83911.91,-0.08390896767377853,0.46743303537368774,-10.484646797180176,10.495396744241509
84011.91,0.230559840798378,-0.0292417760938406,-10.40958023071289,10.412174292687705
84111.91,0.07167079299688339,0.43203970789909363,-10.553447723388672,10.562530656148075
84211.91,-0.006480792537331581,0.20819762349128723,-10.436873435974121,10.438951832901692
84311.91,-0.13806957006454468,0.28279054164886475,-10.407927513122559,10.41268403511013
84411.91,-0.5214409828186035,0.27904602885246277,-10.17525863647461,10.192431295031245
84511.91,-0.6850369572639465,0.2632099390029907,-9.979854583740234,10.00680031865373
84611.91,-0.1723119616508484,-0.09226421266794205,-10.079434394836426,10.081329367542692
84711.91,-0.3009337782859802,0.36376523971557617,-9.802960395812988,9.814322126892755
84811.91,-0.4267860949039459,0.13826532661914825,-9.658499717712402,9.66891309653774
84911.91,-0.22869564592838287,-0.0798366516828537,-9.622493743896484,9.625542137497789
85011.91,-0.5493001341819763,0.21686474978923798,-9.219877243041992,9.238771419072835
85111.91,-0.07076352834701538,0.09242556989192963,-9.279358863830566,9.280088948208679
85211.91,-0.0698101818561554,0.3661710023880005,-9.71471881866455,9.72186794758064
85311.91,-0.3989608883857727,0.36356696486473083,-9.316354751586914,9.33197817109634
85411.91,-0.18196110427379608,0.33328530192375183,-9.587196350097656,9.594713273009921
85511.91,-0.23002229630947113,0.4585133194923401,-9.552170753479004,9.565934916387995
85611.91,-0.10121122747659683,0.15843354165554047,-9.785462379455566,9.787268203100854
85711.91,-0.07637070119380951,-0.14602334797382355,-9.797632217407227,9.799017928840133
85811.91,-0.5026769042015076,0.6783910393714905,-9.609106063842773,9.646129680783744
85911.91,-0.2526801824569702,0.3888116776943207,-9.67881965637207,9.68992114188203
86011.91,-0.3754725456237793,0.37669166922569275,-9.976622581481934,9.990789477289395
86111.91,-0.307925820350647,0.07394338399171829,-9.851021766662598,9.856110580859726
86211.91,-0.06815749406814575,0.43362897634506226,-9.912070274353027,9.921784953164254
86311.91,-0.04110559821128845,0.3153058588504791,-9.953187942504883,9.95826579649561
86411.91,-0.12751321494579315,0.2494441121816635,-10.102246284484863,10.106129920868627
86511.91,-0.021982334554195404,0.029673803597688675,-10.026782989501953,10.026850995014245
86611.91,0.18554739654064178,0.39540132880210876,-9.997596740722656,10.007132987888678
86711.91,0.6324434280395508,0.05058592930436134,-10.174132347106934,10.19389585204605
86811.91,0.668161153793335,0.3970344066619873,-10.048060417175293,10.07807490519478
86911.91,-0.5465897917747498,0.42657777667045593,-10.465343475341797,10.488285992329757
87011.91,-0.3571525812149048,0.2493518739938736,-10.690264701843262,10.699135185556294
87111.91,-0.42536142468452454,0.17910198867321014,-10.805914878845215,10.81576655779907
87211.91,-0.5088778138160706,0.32050660252571106,-10.688334465026855,10.705240527327618
87311.91,-0.21127718687057495,-0.07026471197605133,-10.82430648803711,10.826596239188163
87411.91,-0.5159251689910889,0.2499537318944931,-10.750741958618164,10.76601636209418
87511.91,-0.43711206316947937,0.18678058683872223,-11.159541130065918,11.169660342956764
87611.91,-0.5837902426719666,-0.13188038766384125,-10.865058898925781,10.88153060746583
87711.91,-0.711862325668335,-0.36525943875312805,-10.940921783447266,10.97013818964078
87811.91,-0.845901608467102,-0.02132962830364704,-10.837868690490723,10.870851035524767
87911.91,-0.596375048160553,-0.16478078067302704,-11.155617713928223,11.172762526924881
88011.91,-1.3091931343078613,0.28384238481521606,-10.28166675567627,10.368569064104989
88111.91,-0.6569508910179138,-0.5285604596138,-10.290847778320312,10.325333342281812
88211.91,-1.2310665845870972,-0.3221389949321747,-10.356417655944824,10.434303289252643
88311.91,-1.0123016834259033,0.6571363210678101,-11.061741828918457,11.127385817539432
88411.91,-0.7434134483337402,-0.012650883756577969,-9.980525016784668,10.008181813430843
88511.91,-0.9680185317993164,0.21768991649150848,-9.928250312805176,9.977705299885592
88611.91,-1.122301697731018,-0.21758238971233368,-9.426431655883789,9.495499826764826
88711.91,-1.2670706510543823,-0.14603497087955475,-9.449933052062988,9.535618959247254
88811.91,-1.2444671392440796,-0.06510751694440842,-10.136720657348633,10.213033003693834
88911.91,-1.5043954849243164,0.1407841295003891,-9.055583000183105,9.18077390089665
89011.91,-1.17859947681427,0.15549977123737335,-9.874128341674805,9.945435506475691
89111.91,-1.3075320720672607,0.5153712630271912,-8.8075532913208,8.918982152560606
89211.91,-1.8348908424377441,-0.3100973963737488,-9.712756156921387,9.88941944518049
89311.91,-1.9766281843185425,0.5035398602485657,-10.294195175170898,10.494334932448714
89411.91,-1.578731656074524,-0.1980961561203003,-9.934052467346191,10.060667679281947
89511.91,-1.8256416320800781,-0.12244231253862381,-9.534260749816895,9.708248427712531
89611.91,-1.7484281063079834,0.5260274410247803,-9.374268531799316,9.550424923422083
89711.91,-1.5551090240478516,0.3296394646167755,-9.792206764221191,9.920400171695048
89811.91,-2.3403072357177734,0.6580331921577454,-9.961950302124023,10.254291758162687
89911.91,-2.3253114223480225,0.3743767738342285,-9.917789459228516,10.193614615889349
90011.91,-2.1757824420928955,-0.06779279559850693,-9.838340759277344,10.076287708978574
90111.91,-2.231494188308716,0.5156633853912354,-10.099006652832031,10.355453172770101
90211.91,-2.169382095336914,0.31910210847854614,-9.986212730407715,10.224113141400624
90311.91,-1.8610399961471558,0.7337818145751953,-9.55108642578125,9.758337846754616
90411.91,-2.355844736099243,-0.31758761405944824,-9.222585678100586,9.524019786997323
90511.91,-2.1960458755493164,0.057519979774951935,-9.458925247192383,9.710674171630101
90611.91,-2.5552356243133545,0.3036097586154938,-9.58577823638916,9.925147473892704
90711.91,-2.1692943572998047,0.16434131562709808,-9.447257041931152,9.6945093580311
90811.91,-2.0568950176239014,0.2696985602378845,-9.462133407592773,9.686873750080759
90911.91,-1.9027811288833618,0.5191267132759094,-9.786640167236328,9.983405948464421
91011.91,-2.1032047271728516,0.2928869128227234,-9.235594749450684,9.47657444671787
91111.91,-1.331194281578064,0.4698553681373596,-9.568660736083984,9.672234000713017
91211.91,-1.0363545417785645,0.5497568845748901,-9.018683433532715,9.094664053316098
91311.91,-2.137477159500122,0.8909680247306824,-8.007519721984863,8.335646629173633
91411.91,-0.3313874900341034,0.21989014744758606,-9.826732635498047,9.834777253962493
91511.91,-1.4070594310760498,0.7541437745094299,-9.083510398864746,9.22272791756839
91611.91,0.6373459696769714,-0.18710292875766754,-10.40961742401123,10.430788671298608
91711.91,0.09602977335453033,-0.1117355152964592,-9.251991271972656,9.253164271718475
91811.91,-1.3368860483169556,0.07775565981864929,-10.713510513305664,10.796880001534209
91911.91,-0.6990494728088379,0.609357476234436,-10.920073509216309,10.95937918615671
92011.91,-1.2955241203308105,0.6602235436439514,-10.80477237701416,10.902173360987657
92111.91,-0.7263871431350708,0.39988669753074646,-11.060543060302734,11.091580610597616
92211.91,-1.1331193447113037,0.04228058457374573,-10.904109001159668,10.962907470482554
92311.91,-1.7315226793289185,0.0661841556429863,-10.823572158813477,10.961398880094219
92411.91,-1.0168472528457642,0.7890633344650269,-10.310127258300781,10.390155117406758
92511.91,-0.17116528749465942,0.3059835433959961,-9.664369583129883,9.670727114534788
92611.91,-0.3526580035686493,-0.1464158445596695,-10.476093292236328,10.483049934759356
92711.91,-1.2111412286758423,0.4567367732524872,-9.789172172546387,9.874379138943171
92811.91,-0.6135534644126892,0.30147185921669006,-9.32958984375,9.354602064662908
92911.91,-1.2166293859481812,0.156072735786438,-9.788590431213379,9.865143100414237
93011.91,-0.7269982695579529,1.0363614559173584,-9.971526145935059,10.051562327833315
93111.91,-0.6667662858963013,0.4918655455112457,-10.097851753234863,10.131787553298649
93211.91,-0.9192014336585999,0.7206560969352722,-9.333277702331543,9.406080435257246
93311.91,-0.7060850858688354,0.36341166496276855,-9.223714828491211,9.257836649241877
93411.91,-0.7913051843643188,0.23134024441242218,-9.522476196289062,9.558097881502285
93511.91,-1.2050602436065674,0.5319920182228088,-9.56916332244873,9.659403314380858
93611.91,-0.12552496790885925,0.01892908103764057,-9.628863334655762,9.62970009632468
93711.91,0.07814633846282959,-0.007189295254647732,-9.661798477172852,9.662117177393423
93811.91,-1.0206794738769531,0.21519532799720764,-9.416340827941895,9.473941640391871
93911.91,-1.0380843877792358,0.1692139357328415,-9.575871467590332,9.633460796412045
94011.91,-0.9084590077400208,-0.22461888194084167,-9.472420692443848,9.518534823464519
94111.91,-1.1940234899520874,-0.26384270191192627,-9.882465362548828,9.957832430197191
94211.91,-1.1081633567810059,0.23528100550174713,-9.759729385375977,9.825258309715496
94311.91,-1.4252291917800903,0.4129641056060791,-9.605709075927734,9.71964322663037
94411.91,-0.8204344511032104,0.42600443959236145,-9.704140663146973,9.748073577956415
94511.91,-1.4057927131652832,0.1387290209531784,-9.635624885559082,9.73862237838847
94611.91,-1.282247543334961,-0.10255861282348633,-9.97231674194336,10.054938002449177
94711.91,-1.8320494890213013,0.6178331971168518,-10.31728744506836,10.496882556923651
94811.91,-1.8298709392547607,0.8896192312240601,-10.549214363098145,10.743638755537575
94911.91,-1.7771250009536743,0.1212838888168335,-10.577622413635254,10.726554851215745
95011.91,-0.6260743141174316,-0.12396099418401718,-9.90561294555664,9.926152487346545
95111.91,-0.7828860878944397,0.3818191587924957,-10.748710632324219,10.783945324141781
95211.91,-1.5091475248336792,0.33739200234413147,-10.298473358154297,10.413928803461797
95311.91,-1.5024663209915161,0.05096200853586197,-9.955881118774414,10.068742276133433
95411.91,-1.3760876655578613,1.0269895792007446,-9.882834434509277,10.030889358327592
95511.91,-0.27004531025886536,0.37584903836250305,-9.9567289352417,9.967479022255834
95611.91,-1.2056962251663208,0.41430795192718506,-9.485587120056152,9.570878615810859
95711.91,-0.9190351963043213,-0.014142109081149101,-10.376147270202637,10.416777710224453
95811.91,-0.9643680453300476,0.33330047130584717,-9.961938858032227,10.01405615833059
95911.91,-0.17048220336437225,0.287977397441864,-10.146222114562988,10.151739671659652
96011.91,-1.020567536354065,0.47750401496887207,-10.697031021118164,10.75620940886405
96111.91,-0.3976394534111023,0.12833568453788757,-10.836639404296875,10.844691824187288
96211.91,-0.6038346290588379,0.602983295917511,-10.466265678405762,10.500996255850232
96311.91,-0.6994577050209045,0.7470501661300659,-10.462693214416504,10.5126245215372
96411.91,-0.37668576836586,-0.4499630928039551,-10.423306465148926,10.439812096938837
96511.91,0.1697927862405777,-0.15840205550193787,-10.683472633361816,10.685995896931528
96611.91,-0.5016908049583435,0.5596233606338501,-11.347893714904785,11.372755327286454
96711.91,0.20876233279705048,0.5589432716369629,-10.920589447021484,10.936876755404173
96811.91,-0.8078281283378601,-0.13216550648212433,-13.028950691223145,13.054639409817552
96911.91,-0.06718222796916962,0.3441535532474518,-12.721697807312012,12.726529386306975
97011.91,-0.24357353150844574,0.3461206555366516,-12.00613784790039,12.013595365094782
97111.91,-0.5114728808403015,0.8882573843002319,-12.113222122192383,12.15651084276117
97211.91,-0.2132723480463028,0.07600454241037369,-11.4596529006958,11.4618893027866
97311.91,-0.1016896516084671,-0.10791657119989395,-11.027445793151855,11.028442659436841
97411.91,0.3494272530078888,0.0013341947924345732,-10.780023574829102,10.785685395888922
97511.91,-0.08465162664651871,0.30108293890953064,-10.367526054382324,10.372242444249586
97611.91,0.09268873184919357,0.12605907022953033,-10.193643569946289,10.194844350028413
97711.91,0.1744101196527481,0.17458902299404144,-10.076119422912598,10.07914097736428
97811.91,0.2308616191148758,0.18471626937389374,-10.044568061828613,10.048918585403067
97911.91,0.025150129571557045,0.29481443762779236,-10.370230674743652,10.374450941088181
98011.91,0.16701671481132507,-0.11919130384922028,-10.32052230834961,10.322561788000186
98111.91,0.09015065431594849,-0.07680986821651459,-10.325575828552246,10.326255036919795
98211.91,0.06155240163207054,0.3643144369125366,-10.417914390563965,10.42446420475457
98311.91,0.018035205081105232,-0.10420902073383331,-10.336427688598633,10.336968711873569
98411.91,0.02907569706439972,0.24131141602993011,-10.149190902709961,10.15210089465805
98511.91,0.1819397509098053,0.21154670417308807,-10.340021133422852,10.343785144744588
98611.91,0.2757880389690399,0.03160344809293747,-10.262555122375488,10.266308755349467
98711.91,0.11511293798685074,-0.21673642098903656,-10.469475746154785,10.472351601431189
98811.91,0.3260480463504791,0.2644665241241455,-10.053243637084961,10.062005639906019
98911.91,0.5574049353599548,0.3848702013492584,-10.08842945098877,10.111144056012051
99011.91,0.215983048081398,-0.046867735683918,-10.354931831359863,10.357290113432972
99111.91,0.48251983523368835,-0.2751774489879608,-10.281054496765137,10.29604922216673
99211.91,0.38002240657806396,-0.02879227139055729,-10.412790298461914,10.419762368889982
99311.91,0.4249115288257599,0.10684263706207275,-10.281659126281738,10.290990212096986
99411.91,0.6757978200912476,0.40762391686439514,-10.089969635009766,10.120787873809977
99511.91,0.8054547905921936,-0.10608521103858948,-10.549890518188477,10.581124771849737
99611.91,0.24795114994049072,0.13536113500595093,-10.22076416015625,10.224667350440376
99711.91,0.7313680648803711,-0.34702935814857483,-10.613622665405273,10.644449948463679
99811.91,0.577070415019989,-0.46644413471221924,-10.440164566040039,10.466499728213668
99911.91,0.9814383387565613,-0.15869033336639404,-10.004638671875,10.053914600267
100011.91,0.46766555309295654,0.024012284353375435,-9.888671875,9.899753487373593
100111.91,1.2688734531402588,-0.22417964041233063,-9.96689224243164,10.049837676475352
100211.91,0.6513441205024719,-0.30590352416038513,-9.720155715942383,9.746756038373704
100311.91,1.244146466255188,-0.5260064005851746,-10.273431777954102,10.361852327611556
100411.91,1.2674959897994995,-0.05383390933275223,-10.004865646362305,10.084977975965662
100511.91,0.83559250831604,0.10173679888248444,-10.070355415344238,10.10547492241477
100611.91,1.10319983959198,0.0410599447786808,-9.727667808532715,9.790110152511291
100711.91,1.6902834177017212,0.0056723179295659065,-9.782501220703125,9.927457899200894
100811.91,1.0282626152038574,0.08153578639030457,-10.154881477355957,10.207134265279127
100911.91,1.0642868280410767,0.39866235852241516,-9.941566467285156,10.006317102305575
101011.91,1.4857544898986816,0.23682448267936707,-9.956719398498535,10.069747435774518
101111.91,1.2918858528137207,0.09919746965169907,-9.471902847290039,9.560112590507847
101211.91,1.6314727067947388,0.3016834557056427,-9.408821105957031,9.553985069297791
101311.91,1.8666630983352661,0.22177961468696594,-10.1480712890625,10.32070579989915
101411.91,1.8808010816574097,0.163027822971344,-10.318676948547363,10.489951608482718
101511.91,1.7332347631454468,0.12419833242893219,-10.153522491455078,10.30114299262165
101611.91,2.2097365856170654,0.03940008580684662,-8.993237495422363,9.260821172749576
101711.91,1.6053810119628906,-0.13450536131858826,-10.450881004333496,10.574320481833958
101811.91,0.8237645030021667,0.46239885687828064,-10.49579906463623,10.538225593735765
101911.91,1.385861873626709,0.30029019713401794,-9.3994140625,9.505775720770487
102011.91,1.588148832321167,0.08420473337173462,-9.365203857421875,9.49928157503476
102111.91,1.1685973405838013,-0.2587372958660126,-10.648455619812012,10.715510805360498
102211.91,0.2180694341659546,-0.462313175201416,-10.752138137817383,10.764281782115765
102311.91,0.3677561283111572,0.6999707221984863,-9.941324234008789,9.972719343666297
102411.91,1.034649133682251,-0.2804146111011505,-10.07309341430664,10.129972463797532
102511.91,0.8714424967765808,0.01823946088552475,-10.21467113494873,10.25179257975289
102611.91,0.6296156644821167,0.5512567758560181,-10.308772087097168,10.342682527352473
102711.91,0.37491774559020996,0.7433305382728577,-10.681344985961914,10.71374044459829
102811.91,0.2676087021827698,0.6159773468971252,-11.259519577026367,11.279531178857319
102911.91,0.7208425998687744,-0.14162424206733704,-11.120283126831055,11.144521896457029
103011.91,0.39830905199050903,-0.037143997848033905,-11.626008987426758,11.632889355323615
103111.91,-0.2846345007419586,0.5627541542053223,-11.746476173400879,11.763392857902966
103211.91,0.04811693727970123,0.4783048927783966,-11.631982803344727,11.641911988475792
103311.91,0.6678881645202637,0.0023254621773958206,-11.898674011230469,11.91740421541587
103411.91,0.3416720926761627,0.47823265194892883,-11.527290344238281,11.542264464509246
103511.91,0.23849810659885406,0.5877053141593933,-11.287126541137695,11.304932748088218
103611.91,0.06512850522994995,0.13588930666446686,-10.903463363647461,10.90450461727912
103711.91,-0.8528099060058594,0.08047779649496078,-10.50201416015625,10.536890567507703
103811.91,0.008880984969437122,0.5870189666748047,-9.810093879699707,9.827645296186246
103911.91,0.6427235007286072,0.33517009019851685,-9.991157531738281,10.017417896432349
104011.91,0.450628399848938,0.1514878273010254,-10.160360336303711,10.171476622403674
104111.91,0.33625251054763794,0.3222106993198395,-10.518282890319824,10.528587770750669
104211.91,0.2700082063674927,0.23523221909999847,-10.650668144226074,10.656686658940506
104311.91,0.054335568100214005,-0.0526139922440052,-10.47635555267334,10.476628572788583
104411.91,0.2095194011926651,0.3053291440010071,-10.517661094665527,10.524177838097064
104511.91,0.24975715577602386,0.2814217507839203,-10.433727264404297,10.440509636346743
104611.91,0.4779793918132782,0.06257610768079758,-10.521014213562012,10.532052038906025
104711.91,0.29325565695762634,0.003672296879813075,-10.35558032989502,10.359732445145998
104811.91,0.4129842519760132,0.41993191838264465,-10.519241333007812,10.535717205321937
104911.91,0.28923770785331726,0.09953252971172333,-10.422459602355957,10.42694726844137
105011.91,0.3452402651309967,0.1466117948293686,-10.210647583007812,10.217534434658592
105111.91,0.19827014207839966,0.03631620109081268,-10.19322395324707,10.195216744961888
105211.91,0.8461911082267761,0.5961779952049255,-10.2024564743042,10.254832309876173
105311.91,0.6098354458808899,0.45151448249816895,-10.044407844543457,10.073028022719111
105411.91,0.3935222029685974,-0.20973539352416992,-9.973461151123047,9.983425063197833
105511.91,0.09747546911239624,0.6117616891860962,-9.711688995361328,9.731426255901898
105611.91,0.7121985554695129,0.2692148983478546,-9.709819793701172,9.739625448140004
105711.91,0.8575500249862671,0.16082777082920074,-9.824251174926758,9.862918876543272
105811.91,0.7457674741744995,-0.10610014945268631,-9.923070907592773,9.951621104340969
105911.91,0.13558977842330933,0.3159235417842865,-9.837072372436523,9.843078031430023
106011.91,0.007369307801127434,0.2821522057056427,-10.211298942565918,10.215198983295913
106111.91,0.16085174679756165,-0.02273148111999035,-10.420221328735352,10.421487539910647
106211.91,0.19437764585018158,0.3454020619392395,-10.53226089477539,10.539715594322887
106311.91,0.10773570090532303,0.4569558799266815,-10.569116592407227,10.579538799085094
106411.91,0.09660225361585617,0.16084152460098267,-10.34921932220459,10.35091989006448
106511.91,0.25132331252098083,0.08823041617870331,-10.560341835021973,10.563700473142488
106611.91,-0.08652449399232864,0.1566160023212433,-10.252903938293457,10.254465087371315
106711.91,-0.6558829545974731,0.007477134466171265,-10.447422981262207,10.467993375383701
106811.91,-0.7650302648544312,0.12105816602706909,-9.925153732299805,9.955330381031551
106911.91,-0.3543286919593811,0.05062161758542061,-10.18411922454834,10.19040704535043
107011.91,0.5159416198730469,0.433817595243454,-9.71363353729248,9.736994914134096
107111.91,0.26886993646621704,0.2967061400413513,-9.90990161895752,9.91798748102106
107211.91,-0.40652668476104736,0.3411758840084076,-9.631124496459961,9.645736052555185
107311.91,0.07776821404695511,-0.05335155874490738,-9.784106254577637,9.784560771174238
107411.91,-0.2542361617088318,0.17138178646564484,-9.567046165466309,9.571958006323273
107511.91,-0.21750199794769287,0.4523490071296692,-9.330021858215332,9.343512969870503
107611.91,0.24238580465316772,0.27481403946876526,-8.639050483703613,8.646818310486589
107711.91,0.0027763424441218376,0.4247419536113739,-8.323975563049316,8.334805493200015
107811.91,0.1748369187116623,0.22089938819408417,-7.627141952514648,7.632342946412856
107911.91,-0.11942166835069656,0.5820673704147339,-7.163212299346924,7.187814299499412
108011.91,-0.26358166337013245,0.6520379781723022,-7.011163711547852,7.046349793217012
108111.91,0.09194904565811157,0.21320074796676636,-7.055547714233398,7.0593670207572545
108211.91,-0.26959800720214844,0.3371957242488861,-7.2353339195251465,7.248202602643652
108311.91,-0.17759864032268524,0.25279316306114197,-7.4192728996276855,7.425702392331969
108411.91,-0.22933661937713623,0.11061403900384903,-8.070649147033691,8.074664600163137
108511.91,-0.07451965659856796,0.46506449580192566,-8.375805854797363,8.389038197656085
108611.91,-0.8661343455314636,0.26209765672683716,-8.5646333694458,8.61230681288094
108711.91,0.03984938561916351,0.15314944088459015,-9.0973482131958,9.098724484064473
108811.91,-0.30860358476638794,0.4765740633010864,-10.180360794067383,10.196180898146435
108911.91,0.5080508589744568,0.4420221745967865,-10.066365242004395,10.088865568713569
109011.91,0.22078277170658112,0.48624715209007263,-9.926680564880371,9.94103457203383
109111.91,0.1001405119895935,0.029275454580783844,-10.384954452514648,10.38547852316812
109211.91,-0.35958245396614075,0.4378252923488617,-10.923941612243652,10.93862381086072
109311.91,-0.5001870393753052,0.2223278433084488,-11.137296676635742,11.15073961706894
109411.91,0.021195484325289726,0.5311784744262695,-11.677136421203613,11.68923071975438
109511.91,0.1020500436425209,0.08194015920162201,-12.403064727783203,12.403755199240159
109611.91,0.18474611639976501,0.3127634525299072,-12.993971824645996,12.999048268410162
109711.91,0.29116714000701904,-0.282583624124527,-12.263741493225098,12.270451793666531
109811.91,-0.17262448370456696,0.653360903263092,-11.859370231628418,11.878608587419713
109911.91,0.06517408043146133,0.3681943118572235,-11.231382369995117,11.237604934018691
110011.91,-0.0707348883152008,1.4177848100662231,-10.943670272827148,11.035353924203797
110111.91,0.4848497807979584,0.8652769923210144,-10.91917610168457,10.964131991315107
110211.91,-0.0822339877486229,-0.20950792729854584,-10.742905616760254,10.745263007063205
110311.91,-0.270374059677124,0.25459641218185425,-9.91535758972168,9.922310093788315
110411.91,-0.05964956805109978,0.42583227157592773,-9.816736221313477,9.826148850558504
110511.91,0.2604506313800812,0.31577828526496887,-10.173718452453613,10.181949597529263
110611.91,-0.18595032393932343,0.23576921224594116,-9.914572715759277,9.919118750196233
110711.91,-0.03393229842185974,0.6503885984420776,-9.469549179077148,9.491918582922018
110811.91,-0.16937971115112305,0.10154935717582703,-9.382442474365234,9.384520687987495
110911.91,-0.10952867567539215,0.6585792303085327,-9.207775115966797,9.231947016724389
111011.91,0.08515148609876633,0.5785331726074219,-8.898255348205566,8.917449167181218
111111.91,0.13562466204166412,0.016436098143458366,-8.749408721923828,8.750475254382064
111211.91,-0.2605765163898468,-0.0063563063740730286,-9.185317993164062,9.189015570727262
111311.91,-0.10349035263061523,0.385077565908432,-9.1752290725708,9.183889345968952
111411.91,0.11320174485445023,0.6466751098632812,-9.371968269348145,9.394934410331093
111511.91,0.03541507199406624,0.569115936756134,-9.674586296081543,9.691375917645695
111611.91,0.037800975143909454,0.3902076184749603,-9.690220832824707,9.698147796777882
111711.91,-0.09320268034934998,0.3807781934738159,-9.737064361572266,9.744952598840602
111811.91,-0.15113402903079987,0.8255140781402588,-9.865974426269531,9.901604232029436
111911.91,-0.12173650413751602,0.4593014419078827,-10.13522720336914,10.146359349781187
112011.91,-0.28681641817092896,0.37859493494033813,-9.694409370422363,9.706037854028171
112111.91,0.1611255705356598,0.5546976327896118,-10.246936798095703,10.263204404934683
112211.91,0.06720060110092163,0.16576769948005676,-9.648345947265625,9.65000385332028
112311.91,0.0048189545050263405,0.13261063396930695,-9.868840217590332,9.869732318705136
112411.91,0.15076324343681335,-0.0557195320725441,-10.460283279418945,10.46151807853514
112511.91,-0.02404855005443096,0.06105334684252739,-10.316047668457031,10.316256362741193
112611.91,-0.21105343103408813,0.705070972442627,-10.204293251037598,10.230800036170383
112711.91,0.007650165818631649,0.4926914572715759,-11.100520133972168,11.11145132922909
112811.91,-0.059548426419496536,0.8035954236984253,-10.767654418945312,10.797763347374799
112911.91,-0.0688529685139656,0.5665162801742554,-10.65058422088623,10.665862631459605
113011.91,-0.21895579993724823,0.5780590176582336,-10.657217025756836,10.6751285052829
113111.91,-0.2474343478679657,0.579144299030304,-10.563438415527344,10.58219556775639
113211.91,0.22190722823143005,0.18363076448440552,-10.290011405944824,10.294041859740084
113311.91,-0.04163238778710365,0.5102882385253906,-10.385982513427734,10.398594141099887
113411.91,-0.12426619231700897,0.32668352127075195,-9.707655906677246,9.713946026824962
113511.91,-0.350175142288208,0.2984107434749603,-9.652291297912598,9.663249914074308
113611.91,-0.22800138592720032,0.621909499168396,-9.996591567993164,10.018512815503739
113711.91,-0.016107728704810143,0.7341117858886719,-9.430821418762207,9.459364260122808
113811.91,0.22603574395179749,0.5898855328559875,-9.485796928405762,9.506808111367812
113911.91,-0.08110792189836502,0.5448670387268066,-9.355971336364746,9.37217467996432
114011.91,-0.20559220016002655,0.517635703086853,-9.496996879577637,9.513315121690452
114111.91,0.3942726254463196,0.11857155710458755,-9.554574012756348,9.563440525384653
114211.91,-0.25879350304603577,0.8294649720191956,-9.735702514648438,9.774399708972288
114311.91,-0.5431939959526062,1.3813773393630981,-9.691473007202148,9.804484286298422
114411.91,0.026765573769807816,0.14886170625686646,-9.590412139892578,9.591604725828097
114511.91,-0.5159895420074463,0.4504847526550293,-9.835738182067871,9.85956019840761
114611.91,0.054116133600473404,0.5380637049674988,-10.581233978271484,10.595043822912967
114711.91,-0.12668725848197937,0.11594552546739578,-10.477418899536133,10.478826261690502
114811.91,-0.13975901901721954,0.47287312150001526,-10.05001449584961,10.062103802844668
114911.91,-0.411482036113739,1.0064412355422974,-10.011481285095215,10.07035247389365
115011.91,-0.05977066233754158,0.24609874188899994,-9.851631164550781,9.854885779408294
115111.91,0.0622439980506897,0.4643540382385254,-9.785597801208496,9.796806791763238
115211.91,-0.2448972910642624,0.7157127261161804,-9.832531929016113,9.861587272068153
115311.91,-0.04025308042764664,0.3629719316959381,-9.579034805297852,9.585993779196325
115411.91,0.30467212200164795,0.302135169506073,-9.673379898071289,9.68289158335397
115511.91,0.2760164439678192,0.41525089740753174,-9.744160652160645,9.756909613205103
115611.91,-0.2651229500770569,0.47127583622932434,-9.653949737548828,9.669081477968334
115711.91,-0.4475053548812866,0.32779577374458313,-9.676526069641113,9.692412903316507
115811.91,-0.029491296038031578,0.2639719843864441,-9.929322242736816,9.932874264038128
115911.91,-0.22357966005802155,0.14192654192447662,-9.707226753234863,9.710838390500223
116011.91,0.06598162651062012,0.6770053505897522,-9.9549560546875,9.9781681620688
116111.91,-0.05920661985874176,0.5093059539794922,-9.511024475097656,9.524835145266332
116211.91,-0.08952479064464569,0.6463238000869751,-9.801102638244629,9.822798077335431
116311.91,-0.9255563616752625,0.13217845559120178,-9.973386764526367,10.017113819738185
116411.91,-0.245046928524971,0.07024142146110535,-10.319278717041016,10.322426802571384
116511.91,-0.2660718858242035,0.4032154083251953,-10.282709121704102,10.294050893380781
116611.91,0.08570544421672821,0.04966086149215698,-11.208207130432129,11.208644820093202
116711.91,-0.21506674587726593,-0.019828859716653824,-11.288777351379395,11.290843235909188
116811.91,-0.09624083340167999,0.5702434778213501,-11.29871654510498,11.313506772377902
116911.91,-0.2015588879585266,0.1807692050933838,-11.528888702392578,11.532067386335392
117011.91,0.07335982471704483,0.1975768655538559,-11.11455249786377,11.116550522057386
117111.91,-0.20958712697029114,0.20059837400913239,-10.813460350036621,10.81735139547851
117211.91,-0.20269641280174255,0.24710318446159363,-10.755449295043945,10.760196808506574
117311.91,-0.05279456824064255,0.17784830927848816,-9.785374641418457,9.787133091997081
117411.91,-0.11183539032936096,0.4724135100841522,-9.337078094482422,9.349690316877005
117511.91,-0.2762764096260071,0.33906421065330505,-9.024033546447754,9.034626425086774
117611.91,-0.10553980618715286,0.23351886868476868,-9.321660041809082,9.325181802398383
117711.91,0.41389408707618713,0.4761393666267395,-9.26168155670166,9.283143986253581
117811.91,-0.3400942385196686,0.17456009984016418,-9.575775146484375,9.583402578184762
117911.91,-0.2812361419200897,-0.125003844499588,-9.578303337097168,9.583246555635961
118011.91,-0.49302130937576294,0.2970890700817108,-9.655159950256348,9.672303013868763
118111.91,0.04975516349077225,0.28245872259140015,-9.535898208618164,9.540210330563424
118211.91,0.07002570480108261,-0.041749633848667145,-9.504777908325195,9.505127548741577
118311.91,0.0004766803758684546,0.0498376227915287,-9.70622730255127,9.70635526161398
118411.91,0.08107005059719086,0.7253554463386536,-9.707229614257812,9.73462991903446
118511.91,0.021043330430984497,0.035817455500364304,-9.938576698303223,9.938663516787855
118611.91,0.12303797155618668,0.4880763292312622,-9.774231910705566,9.787183777259703
118711.91,-0.21723859012126923,0.42913177609443665,-9.893131256103516,9.904816643269282
118811.91,-0.36388543248176575,0.4307204484939575,-10.31274700164795,10.328150048906243
118911.91,-0.06029519438743591,0.2008599489927292,-10.145110130310059,10.147277456820394
119011.91,-0.11739853024482727,0.5419535040855408,-10.211447715759277,10.226493067869336
119111.91,0.013692321255803108,0.8294012546539307,-10.598709106445312,10.631120761421615
119211.91,0.05592525005340576,0.10959107428789139,-10.48709774017334,10.487819451587917
119311.91,0.26161372661590576,0.4241788983345032,-9.99799633026123,10.010409587008073
119411.91,0.11234597861766815,0.3746601641178131,-10.158132553100586,10.165660274859187
119511.91,-0.20214033126831055,-0.23698531091213226,-9.991820335388184,9.996674265263934
119611.91,-0.4469117820262909,-0.08702179044485092,-10.284640312194824,10.294713657219855
119711.91,0.13434413075447083,0.19406414031982422,-9.887677192687988,9.890493895798555
119811.91,-0.17910225689411163,0.06080678477883339,-9.779261589050293,9.781090548122647
119911.91,-0.3949415683746338,-0.2581574320793152,-9.506559371948242,9.518261143430818
120011.91,0.30950090289115906,0.46982070803642273,-9.27712345123291,9.294167086727347
120111.91,-0.9233256578445435,1.3189890384674072,-11.975337028503418,12.083085669657246
120211.91,-0.8721614480018616,-1.419699788093567,-7.922999382019043,8.096303618761327
120311.91,-0.545503556728363,-1.9910823106765747,-7.908776760101318,8.173783257428054
120411.91,-0.9902843832969666,1.201664924621582,-9.476701736450195,9.603777254419523
120511.91,1.2912784814834595,0.7039881348609924,-10.663394927978516,10.76433884643201
120611.91,2.513986825942993,0.17632517218589783,-9.713326454162598,10.034935532054815
120711.91,0.9680812358856201,-0.38750773668289185,-9.909002304077148,9.963717689069133
120811.91,-0.6851342916488647,0.74522465467453,-9.972538948059082,10.023786802106443
120911.91,0.544873833656311,0.1823272705078125,-10.110871315002441,10.127183689294538
121011.91,1.3493432998657227,0.3850175142288208,-9.87347412109375,9.972685548389835
121111.91,0.21062089502811432,0.31147173047065735,-9.818008422851562,9.825205605558036
121211.91,0.21282336115837097,0.42731890082359314,-9.89680290222168,9.908309790851279
121311.91,0.7123050689697266,-0.04091843590140343,-9.881217002868652,9.906942125976974
121411.91,0.34905752539634705,0.399368017911911,-9.834792137145996,9.849084848382383
121511.91,0.722491443157196,0.41046226024627686,-9.835372924804688,9.870412034079578
121611.91,0.4860518276691437,0.2790299654006958,-9.850533485412598,9.866464110713974
121711.91,0.5003219842910767,0.30269211530685425,-9.890506744384766,9.907778169971026
121811.91,0.47402364015579224,0.17827105522155762,-9.848389625549316,9.861402395054354
121911.91,0.5057834982872009,0.41515472531318665,-9.788772583007812,9.810618689712435
122011.91,0.4959578514099121,0.18866540491580963,-9.795547485351562,9.809909243370425
122111.91,0.5231082439422607,0.36217018961906433,-9.849010467529297,9.869539840875598
122211.91,0.5181859731674194,0.17114920914173126,-9.840862274169922,9.855981891915087
122311.91,0.5202485918998718,0.31127142906188965,-9.860696792602539,9.879316258505243
122411.91,0.5320786833763123,0.20018665492534637,-9.84902572631836,9.865418905439068
122511.91,0.5544337630271912,0.3483628034591675,-9.866670608520508,9.888374099793195
122611.91,0.5318373441696167,0.25395527482032776,-9.860162734985352,9.8777605459262
122711.91,0.515155017375946,0.24772898852825165,-9.869344711303711,9.885884855399812
122811.91,0.5325014591217041,0.2798954248428345,-9.867732048034668,9.886052550165063
122911.91,0.5134177207946777,0.23621006309986115,-9.865866661071777,9.882040170125967
123011.91,0.5454542636871338,0.3128919005393982,-9.860282897949219,9.880313786656144
123111.91,0.5109823942184448,0.2370820790529251,-9.874374389648438,9.890428732181139
123211.91,0.5503928661346436,0.32915428280830383,-9.867412567138672,9.888230661706327
123311.91,0.5339890718460083,0.2531827986240387,-9.870294570922852,9.887970508408648
123411.91,0.5355615019798279,0.30730265378952026,-9.865224838256836,9.88452943507118
123511.91,0.5404910445213318,0.2759891450405121,-9.872528076171875,9.891163288116818
123611.91,0.5467484593391418,0.2902859151363373,-9.867989540100098,9.88738678083553
123711.91,0.519805371761322,0.25246545672416687,-9.86994457244873,9.88684693390977
123811.91,0.5218297243118286,0.26403212547302246,-9.866508483886719,9.883825620025162
123911.91,0.5445754528045654,0.28830263018608093,-9.869997024536133,9.889212410233771
124011.91,0.5259863138198853,0.2605873942375183,-9.866233825683594,9.883680351742687
124111.91,0.5392348766326904,0.30949917435646057,-9.867391586303711,9.886960134872684
124211.91,0.5288697481155396,0.26107922196388245,-9.865737915039062,9.88335217316738
124311.91,0.5366323590278625,0.2929846942424774,-9.866504669189453,9.885430122506225
124411.91,0.5351355671882629,0.2581148147583008,-9.867860794067383,9.885730624691316
124511.91,0.5255113244056702,0.2774707078933716,-9.856922149658203,9.874819816596146
124611.91,0.5288990139961243,0.2749180495738983,-9.869606971740723,9.88759100477061
124711.91,0.5274838805198669,0.2780759036540985,-9.867646217346191,9.885646530354398
124811.91,0.5409207344055176,0.28020039200782776,-9.864069938659668,9.882863110220667
124911.91,0.5267651081085205,0.27031370997428894,-9.869746208190918,9.887489124900195
125011.91,0.54227215051651,0.29136115312576294,-9.869707107543945,9.888886125114396
125111.91,0.5338171124458313,0.2695443630218506,-9.868924140930176,9.887025769796054
125211.91,0.5436501502990723,0.2917058765888214,-9.863247871398926,9.882525303636317
125311.91,0.5385977625846863,0.27162614464759827,-9.874371528625488,9.892779255479574
125411.91,0.5309249758720398,0.29722359776496887,-9.873187065124512,9.891918217414409
125511.91,0.5295074582099915,0.2724388539791107,-9.860965728759766,9.878929404608177
125611.91,0.538205087184906,0.28051701188087463,-9.868010520935059,9.886656975495372
125711.91,0.5364774465560913,0.2817572057247162,-9.871581077575684,9.89016219001445
125811.91,0.5274897813796997,0.2836931645870209,-9.877680778503418,9.895822595575837
125911.91,0.5322726964950562,0.2792278826236725,-9.8739013671875,9.89217926661339
126011.91,0.5326387286186218,0.27249816060066223,-9.865362167358398,9.883487742487548
126111.91,0.5497376918792725,0.27973484992980957,-9.867745399475098,9.887004722614426
126211.91,0.5181485414505005,0.2777844965457916,-9.864675521850586,9.882179177131258
126311.91,0.5394163131713867,0.2776747941970825,-9.873254776000977,9.891877128334839
126411.91,0.532167911529541,0.27054324746131897,-9.868499755859375,9.886540535809539
126511.91,0.5353323817253113,0.27927538752555847,-9.863414764404297,9.881878683513065
126611.91,0.5234166383743286,0.27148541808128357,-9.862117767333984,9.879728547198173
126711.91,0.5269159078598022,0.2748730778694153,-9.871614456176758,9.889487729619319
126811.91,0.5419936776161194,0.27782145142555237,-9.85775375366211,9.876550560458213
126911.91,0.5293413996696472,0.28118348121643066,-9.863371849060059,9.881567218834451
127011.91,0.5386761426925659,0.2751768231391907,-9.869988441467285,9.888506768233357
127111.91,0.5361809730529785,0.2793181240558624,-9.869367599487305,9.88786758932885
127211.91,0.5358486175537109,0.27751627564430237,-9.862183570861816,9.880628209256658
127311.91,0.5364898443222046,0.2705805003643036,-9.862251281738281,9.88053821936774
127411.91,0.5363004803657532,0.27932876348495483,-9.869294166564941,9.887801075544722
127511.91,0.5364863276481628,0.2790135443210602,-9.867240905761719,9.885752840831362
127611.91,0.5305101871490479,0.2833750545978546,-9.870516777038574,9.888824193302115
127711.91,0.5340408086776733,0.28124773502349854,-9.863622665405273,9.882072250256298
127811.91,0.5390389561653137,0.2756660282611847,-9.865401268005371,9.883961601208448
127911.91,0.5285294651985168,0.2737775146961212,-9.874483108520508,9.892406895371472
128011.91,0.5331031084060669,0.27256354689598083,-9.867392539978027,9.885541226928487
128111.91,0.5285794138908386,0.27076485753059387,-9.878738403320312,9.896574268205049
128211.91,0.6195054054260254,0.3095218241214752,-9.882631301879883,9.906865909855428
128311.91,0.6049444079399109,0.17241261899471283,-9.859225273132324,9.879271574071518
128411.91,0.4938957989215851,0.4447433650493622,-9.88949966430664,9.91180777311934
128511.91,0.4368983507156372,0.434718519449234,-9.90429973602295,9.923457745211316
128611.91,0.4786725342273712,0.13341112434864044,-9.86209487915039,9.874605882185273
128711.91,0.6025111079216003,0.4965880811214447,-9.867698669433594,9.898540113987634
128811.91,0.9329147338867188,0.086317278444767,-9.853758811950684,9.898198992612585
128911.91,0.6195815205574036,0.6197658181190491,-9.855030059814453,9.893917748282096
129011.91,0.7398667335510254,0.23910222947597504,-9.846029281616211,9.876682908446524
129111.91,0.5848658680915833,0.285874605178833,-9.845440864562988,9.866939656811097
129211.91,0.4861542880535126,0.13070188462734222,-9.851117134094238,9.863971703329396
129311.91,-0.05898403003811836,0.4280727505683899,-9.868917465209961,9.87837321276661
129411.91,0.9854231476783752,0.36721688508987427,-9.712109565734863,9.768878095130171
129511.91,-0.31729862093925476,-0.06611613929271698,-10.037826538085938,10.043057869365647
129611.91,-0.006961657200008631,0.6431180238723755,-9.926533699035645,9.94734741201848
129711.91,1.0242317914962769,0.655082643032074,-9.844767570495605,9.919558082343967
129811.91,0.4955102801322937,0.4708169102668762,-9.891762733459473,9.915350169094769
129911.91,0.8399779796600342,0.5536016821861267,-9.879386901855469,9.930474479368367
130011.91,0.9058993458747864,0.07555205374956131,-9.803460121154785,9.845516344242913
130111.91,0.5802369713783264,0.5792467594146729,-9.88931655883789,9.92324461817565
130211.91,0.5916761159896851,0.135161891579628,-9.864449501037598,9.883102413801495
130311.91,0.7347766757011414,0.5066152811050415,-9.844002723693848,9.884378859103665
130411.91,1.0073648691177368,0.22205372154712677,-9.810762405395508,9.864844185789625
130511.91,0.9893329739570618,0.5491703152656555,-9.861258506774902,9.9259652984467
130611.91,0.358962744474411,0.04363195598125458,-9.903206825256348,9.909806427136065
130711.91,0.250905841588974,0.2996658384799957,-9.771796226501465,9.779609135766298
130811.91,0.6248592138290405,0.49576541781425476,-9.707395553588867,9.740110924442519
130911.91,0.30571532249450684,0.1271573156118393,-9.971753120422363,9.977248675660775
131011.91,0.42057105898857117,0.5575045943260193,-9.994285583496094,10.018654386335085
131111.91,0.4905213415622711,0.5164223313331604,-9.931591987609863,9.957099106626591
131211.91,0.7166915535926819,0.3848702907562256,-9.824922561645508,9.858543262877573
131311.91,0.43362152576446533,0.7556695938110352,-9.9464750289917,9.984559562893711
131411.91,1.3526290655136108,-0.0712037906050682,-9.763551712036133,9.857059267462708
131511.91,0.16863609850406647,0.9704462289810181,-9.958834648132324,10.00742682041208
131611.91,0.24961566925048828,-0.568856954574585,-9.872740745544434,9.892265465798848
131711.91,0.9932668209075928,0.6857197284698486,-9.82528018951416,9.899137403127003
131811.91,0.19997668266296387,-0.024097753688693047,-9.867146492004395,9.869202159750117
131911.91,0.4882591664791107,0.19524317979812622,-9.806290626525879,9.820379461344551
132011.91,0.2218698114156723,-0.09626112878322601,-9.904698371887207,9.907650693085488
132111.91,1.0734316110610962,0.5599512457847595,-9.792890548706055,9.867446788314467
132211.91,1.2546306848526,0.4715765416622162,-9.85379409790039,9.944533207437964
132311.91,0.2430010437965393,0.19421833753585815,-9.930408477783203,9.935279704444657
132411.91,0.6030343174934387,0.06787946820259094,-10.012779235839844,10.031151780126935
132511.91,0.6488052010536194,0.48949795961380005,-9.771422386169434,9.80516455192433
132611.91,0.1578715443611145,0.3871399462223053,-9.848322868347168,9.85719351954144
132711.91,0.2975901663303375,0.32073384523391724,-9.975031852722168,9.9846227054104
132811.91,0.9868558049201965,0.22017726302146912,-9.801279067993164,9.853295579426067
132911.91,0.03586747124791145,0.04454267397522926,-9.916626930236816,9.916791829961777
133011.91,1.0863350629806519,0.37563249468803406,-9.66685962677002,9.734957559424846
133111.91,0.832309365272522,0.27765628695487976,-10.246685981750488,10.284182296216256
133211.91,0.29949167370796204,0.3482722342014313,-9.825023651123047,9.835755108626044
133311.91,0.6399434804916382,-0.05787063017487526,-9.897266387939453,9.918102571656368
133411.91,1.7061580419540405,0.15526577830314636,-9.815713882446289,9.964101652837817
133511.91,0.24616257846355438,0.19241128861904144,-9.884486198425293,9.889422911671032
133611.91,0.8323030471801758,0.47368940711021423,-9.925501823425293,9.971594479498886
133711.91,0.9424915313720703,0.3590763509273529,-9.862411499023438,9.913848228038047
133811.91,1.123344898223877,0.66072016954422,-9.986003875732422,10.070686585777114
133911.91,0.8863381743431091,0.21474722027778625,-9.931656837463379,9.973440693414084
134011.91,0.7533100247383118,0.5889112949371338,-9.858003616333008,9.90426816106624
134111.91,0.2588208019733429,0.1867387443780899,-9.853673934936523,9.858841188610022
134211.91,0.06596651673316956,0.1825600117444992,-9.79163932800293,9.793563216159464
134311.91,0.5589221715927124,0.5267540216445923,-9.894440650939941,9.924203725649202
134411.91,0.35531294345855713,0.1658494770526886,-9.891607284545898,9.899376142389444
134511.91,0.6264737844467163,0.29458826780319214,-9.859017372131348,9.883292730366433