,Frequencies,Sample 1,Sample 2,Sample 3,Sample 4,Sample 5,Sample 6,Sample 7,Sample 8,Sample 9,Sample 10,Sample 11,Sample 12,Sample 13,Sample 14,Sample 15,Sample 16,Sample 17,Sample 18
0,20.0,0.5553019083378954,0.5656530239688643,0.4255153070329896,0.4079389448953573,0.3699213907493507,0.3357456044768304,0.24632938366477317,0.22306968506452268,0.3530243855922676,0.34028117917841044,0.12808144179386327,0.22692177761361007,0.40643819471566295,0.21647852226950437,0.30754430115906767,0.4934714421586049,0.5636070882561436,0.7236906482389757
1,22.0,0.4566194220391421,0.8476645484097249,0.7315880373595087,0.5075804365430128,0.6084723371100644,0.7091015330085446,0.5089496831527217,0.8482083708640534,0.4851056136432111,0.8093924520058988,0.7416491214527073,0.5032914345810852,0.7820689063418588,0.9441927208080632,0.8864382811426412,0.8402983600708033,1.0,0.6268939201442651
2,24.0,0.5759514042970599,1.0,0.7969447644368947,0.3931790131064915,1.0,0.9541801478938984,0.6867775518002011,1.0,0.6570262471121487,0.7347769952226132,0.8874234644370862,0.40126078569587015,0.8297117764763591,1.0,0.7844457773640702,0.9335040157896635,0.9297837068279128,0.7193912534230748
3,26.0,0.19650242570307572,0.7368554481225207,0.6836049656692653,0.5297904613974774,0.9252429827170099,0.8778631257581012,0.47797665891794244,0.6306160930026476,0.6349060735850522,0.44504841540912826,0.5297954819251751,0.23735956265112104,0.488001691630847,0.41788110682017243,0.33597147836549207,0.45019074022438116,0.37437367028513957,0.31334385611071475
4,28.0,0.5492966448632244,0.3370363681971699,0.8065669435700195,0.9416838877087234,0.5941613324710878,0.9288429251674732,0.7834580201778395,0.0906043581453205,0.770696785881753,0.7110451887782986,0.11322008780370758,0.6365795313916761,0.757191623663235,0.28220936985103523,0.8585751127671982,0.38765252301898967,0.3070865220825924,0.6019309231415048
5,30.0,1.0,0.25002725692776756,0.8666819383549035,1.0,0.3606309050381231,0.8606487418489192,1.0,0.42320494834874933,0.8328417848103126,0.7792008707755402,0.07507531122533168,0.6147587248031506,0.9337297647162808,0.6233602864651823,1.0,0.5619700297461242,0.49811874515573784,0.825307788264208
6,32.0,0.9003950949966698,0.22911711572569904,0.5977545362008619,0.636994450455434,0.24149690120655604,0.4362207053422755,0.7324761676779254,0.5069610992032114,0.6732352910732397,0.5118612843548387,0.3233686095348377,0.2670007514534643,0.6208604150434172,0.4331962901375321,0.47421327694957083,0.23071396290251966,0.21956719210066084,0.5096659553548553
7,34.0,0.3340431024841003,0.10014705462721579,0.15794415942509785,0.16592537909301883,0.059236058250793935,0.3769251910736258,0.2952622393893097,0.3428504514526118,0.7094727532964419,0.6797018879440485,0.7830801890659232,0.6982311248194116,0.6262069893195681,0.2308903365968102,0.2902438508318586,0.2756363764258638,0.24935475582572605,0.39138561234060976
8,36.0,0.4232951954461169,0.12188483416540201,0.16938636424814144,0.24786063742183537,0.1457418145106477,0.6566112588225731,0.38391959476724175,0.3602367368412126,0.9640842677455412,1.0,1.0,1.0,1.0,0.5269437596274156,0.7220088273964392,0.571702997241774,0.5122393691183574,0.6982421706798208
9,38.0,0.8211461685257727,0.10538168358688708,0.2181328720100864,0.24941762476236298,0.20496143359972813,0.5534832848442556,0.520528633062501,0.5193737995035034,1.0,0.9678634493504653,0.8150357251273916,0.7661945525870788,0.8916225130785782,0.49162985434989526,0.5638838704628037,0.4273982709925578,0.41686470058806,0.5515021387361223
10,40.0,0.7881667101668054,0.018993891367488674,0.08944374053508569,0.09055171607429446,0.23992926347670165,0.6078145758097699,0.6495721792444531,0.5225925195526221,0.7719852676439461,0.7312013351871016,0.5228180584333767,0.3606937409066389,0.37993881713883404,0.11873022512477795,0.28221851453885144,0.35897815517770226,0.34654382208938633,0.32913235280502545
11,42.0,0.5502547355242032,0.20950324424454486,0.08858299859746133,0.21909219690989357,0.43587004692930775,0.9840872402461505,0.7673687341906339,0.35181334961073435,0.4657964936846385,0.5873231539732384,0.5770735652213662,0.6415614507004902,0.5782475454942927,0.29665499353131963,0.618619811092859,0.5975977953136403,0.5476087445048691,0.7996584303562991
12,44.0,0.5719674353371498,0.44340652535376246,0.3161866386442835,0.4427304196154433,0.5976598520929163,1.0,0.6087854124784682,0.08513892355017155,0.18213835731355157,0.42328768571136643,0.5569390283047986,0.7523025192962138,0.8802535305905645,0.5111076881065898,0.599875569807034,0.44946148177319467,0.529027997448087,1.0
13,46.0,0.6831472641764524,0.6738530849148636,0.6937021646293673,0.6859832089338256,0.5842678963838916,0.5353462145169546,0.2519755699694834,0.16391666942702132,0.08884243658180817,0.11464608196408793,0.27782219063567476,0.41581378113042416,0.6756020401836196,0.4562827160420226,0.24654749080871696,0.2372759376033316,0.361901805881019,0.7281829848327865
14,48.0,0.6428945819444178,0.7724143907698691,0.9995018177862719,0.8074749703159957,0.4060154175217335,0.21053373970924233,0.42895836360306455,0.2815297378706586,0.3773134470712317,0.26916432385964506,0.2261984244867314,0.12700391175339742,0.1319992798087817,0.3209058872788947,0.6065457900936025,0.7884743119634449,0.47162245399059843,0.23709791740012962
15,50.0,0.544352334678217,0.6485137061790193,1.0,0.6832508115566394,0.20744440569152509,0.6165486678555419,0.5819254260937682,0.1986207975768494,0.48112987830398174,0.3883358926873459,0.2982890453441397,0.46956792785606555,0.3477088157618912,0.30234701730537006,0.8849505248797395,1.0,0.5494032872408946,0.05593170598129237
16,52.0,0.4237562028015545,0.4124319549483369,0.6588726508831082,0.43945543851612445,0.2620449719034899,0.6342132509558127,0.3686810513151696,0.046314556025493225,0.32482911502523987,0.2707681285552525,0.10749318247840556,0.4723515116772247,0.5600007657444482,0.3257745902377145,0.7073616896264532,0.6539502740486434,0.38450906287473163,0.03663813066086104
17,54.0,0.22221304925640548,0.3679885825448439,0.18725919900054325,0.4035674979472631,0.38150095983357724,0.3004117509316458,0.21209341872582185,0.2542558054543018,0.1572546134289008,0.23769747641218675,0.3921693499945412,0.22016671630576506,0.5050027567109703,0.34707712355914744,0.32167503725297886,0.057046463592302976,0.18986964529919503,0.3105716715728744
18,56.0,0.2316339697535064,0.3789642473303219,0.2309605998550609,0.3893245989204895,0.3874619704219956,0.11702986297459163,0.44737030670222316,0.3121503733672416,0.4290604846552052,0.35927427554379504,0.6595800793269573,0.05528771676015468,0.4356871156341058,0.33161249486407257,0.2417924355396329,0.5915202675458363,0.17662639773275396,0.678848655036924
19,58.0,0.41757510746110227,0.20344871229959166,0.3025645343388455,0.16129416673132746,0.28487722575864494,0.4037779992997361,0.4371698358889739,0.20304275894417065,0.5995811079967995,0.4034025951931192,0.6037539011195407,0.11185944906589086,0.4438313366336008,0.27564082495811765,0.1327811264966329,0.772930066939065,0.23615014696528253,0.8239118255975066
20,60.0,0.40240852531456317,0.1867182435975465,0.1493735870707168,0.21057182531652943,0.14503623270982166,0.576015033649308,0.3046747725917108,0.23855795365275892,0.5488472159577734,0.4889653540308948,0.3243967410107585,0.22594024081327577,0.4868625682760198,0.3189935849396668,0.21932366628263691,0.5758732120586714,0.5315706600166918,0.6981848899171699
21,62.0,0.1817249384606801,0.37947613044933287,0.023368157202095,0.419595586042624,0.048692991081147226,0.6350616402022426,0.39590274762617705,0.3668284986665633,0.3316829722977545,0.5618019570589131,0.2429598089013684,0.4139023661323633,0.5861734004269915,0.393510516496587,0.603073596052005,0.39385269552796826,0.733460670580967,0.4559103373192231
22,64.0,0.1411019322100015,0.3564556404768712,0.07584109335667566,0.3781065008186089,0.04416477910441414,0.4955090882526826,0.35325072959619935,0.30591478783131737,0.05766868506263132,0.45384261806988957,0.26565463733216904,0.4331494425967794,0.5849134136494463,0.3429359056107064,0.7049325246221487,0.390251008678567,0.6053265752705643,0.2984210681078497
23,66.0,0.29348642569451855,0.22337089100455668,0.1591757597929363,0.17203377732271613,0.09593444624690066,0.22824885781890142,0.04711425474683078,0.11221239816097749,0.1376756660901359,0.2476831237725916,0.21824355640864526,0.2836443031283765,0.3808303389448132,0.17528538446857897,0.5093124048355107,0.19632874158025693,0.17866475204708487,0.27497244916952995
24,68.0,0.250088860097469,0.3478304581206869,0.33056075126083373,0.1253979132705239,0.14350387828158692,0.415804185576822,0.42348591668368407,0.2657124168522988,0.28203697803067057,0.30142832023517435,0.4623014742328199,0.3461212690252966,0.23370521743895836,0.016537613697132473,0.3999999937782317,0.14710407380267937,0.3237149297235398,0.30916900113286716
25,70.0,0.07296830168827442,0.446013087211918,0.38504875599891925,0.19039568936091153,0.199726975768873,0.6271061950681769,0.6912582411409434,0.39307268685411223,0.38783546628077203,0.3861706806080298,0.6158998110968156,0.4985632934171735,0.38896804598279744,0.2031774892009941,0.5022751595144144,0.48144001229028427,0.5918531108868935,0.3433042719208914
26,72.0,0.08774052226136561,0.346877635122915,0.3183125312544029,0.28324509031858397,0.29347800673782565,0.5383172003555043,0.5709903788410211,0.3443297999703288,0.5192330274037619,0.3794851621281739,0.47264925429948457,0.41566120243526444,0.3639167036891178,0.3722076880373376,0.41269263328867933,0.568402518127356,0.5348305632277747,0.37481983665721336
27,74.0,0.1029106567576748,0.21399221907575228,0.34205534630984774,0.4032252540766198,0.35178324074697864,0.33604063520882554,0.1517363768371069,0.28412566917157434,0.5955869159514945,0.45057730532593954,0.2268676447474654,0.1252067821607846,0.11214435735666223,0.4312057112841187,0.21275593703764606,0.4010374684035854,0.2961829660915046,0.4110758706897229
28,76.0,0.07781183119907074,0.23387128948428346,0.3889283716607786,0.3670731972585885,0.29668473166764564,0.4316006849440299,0.22351115344632108,0.32783215025605483,0.5027211042630672,0.5128969068216844,0.4236015860562478,0.23507855661989266,0.281353261535112,0.32396625155459075,0.39210411211376045,0.13980102367417813,0.20322657856930615,0.3636213408983545
29,78.0,0.2711880761689287,0.15722333993320026,0.24253662077863478,0.14485946107410075,0.15430550570434481,0.4708526029068002,0.3810246348542721,0.2925692872557685,0.27281495566962766,0.4378253401683329,0.5598386628248654,0.42465320971803455,0.4885996154753094,0.20553428408139546,0.5756719565908126,0.09756519951476011,0.19768538403461342,0.16578217080237131
30,80.0,0.41817722103711663,0.07342632069231625,0.06195437925342898,0.10065173914259155,0.09806967415325321,0.21626705346184896,0.18857655075597698,0.21304530193918406,0.2404036626085552,0.32124782342168456,0.46049489452126685,0.3954167443292817,0.4675347032212859,0.30556873806150975,0.5680962600042714,0.1820939653118775,0.12760799013713345,0.06410085369721547
31,82.0,0.4731851420065344,0.3640694289839272,0.3793940940431199,0.18516319223977185,0.08995617302725768,0.18966027998753893,0.18433056331545078,0.3464046363636189,0.39898236517344987,0.2705023044143843,0.26466222691522817,0.22713807586358684,0.3732804148235601,0.34394191779588273,0.378567524787701,0.17320564360877394,0.21514746082675162,0.27147355804240414
32,84.0,0.5351108039480159,0.5421420628240793,0.5412920275923587,0.17135335005535385,0.11635071877399326,0.5450698822416751,0.49310016682071534,0.47270337613790253,0.47250671980854037,0.16885078744509324,0.14355007663315497,0.1713677599034333,0.4135518824124293,0.36666276178425483,0.03987859678205882,0.056582168300837364,0.25524953933089817,0.2863427891960114
33,86.0,0.6207476269893721,0.5358700551341504,0.5548054319432499,0.45087343775313965,0.37898067575121863,0.648119977947625,0.532131483853019,0.4291361582766387,0.5380695107356066,0.2106990747302009,0.2369155971794057,0.2717113229589024,0.4077418609305609,0.5307960617373537,0.38582564597906843,0.1419053925575851,0.17228598979594376,0.16146357207747603
34,88.0,0.6024533984844453,0.39398121583989826,0.5375638130584892,0.6973282951726718,0.5883206550395693,0.48680772957857443,0.29973022037996644,0.23943490722450084,0.5709420198254045,0.43996383274739576,0.45565190049464566,0.291223350851685,0.2411964633753452,0.5752476142082998,0.7480330930807905,0.379042147097775,0.10374946471333789,0.2783880849837034
35,90.0,0.41314666255267357,0.233346187308987,0.4763817041732569,0.675764661428801,0.5858330609711798,0.2186716427694693,0.05881081793608808,0.027035263379421033,0.4033307255279835,0.5426633507273366,0.5679514647144476,0.2176281529279738,0.1656334876416826,0.3328889078693244,0.846564691548034,0.5121005584163684,0.08202934625180627,0.4913669080702872
36,92.0,0.11005176833375274,0.17698706584368562,0.3101867002490808,0.4044221273349649,0.35567538483752614,0.09408360923554017,0.19920365948489988,0.15727991292466822,0.0934540152328898,0.48814870982872144,0.4629897886703861,0.19873783648339813,0.3006235913400592,0.1443836444349824,0.6765170469904832,0.4880505157893752,0.23564555028204878,0.5703451040768565
37,94.0,0.16589848535112003,0.20499197691433618,0.31306288419855016,0.12698701401755877,0.2019184005333936,0.08425710305766074,0.18487590717603933,0.23166857605613664,0.500137254617161,0.4055828496587802,0.3092023226337048,0.282143075281027,0.28025236523858227,0.45951688317738365,0.5434558411386596,0.3625259213790735,0.5149061536663468,0.4948376676780537
38,96.0,0.35826956463391296,0.22705740632128468,0.5174876949951289,0.1788946003246414,0.45002208330037136,0.09128406929575514,0.16503474632521511,0.25183954734708397,0.836858340802781,0.37622371107191654,0.44248168002771177,0.2839766049014782,0.09266637032061864,0.48048235903757947,0.6801117199405577,0.26198534641857013,0.6835372117313501,0.3681947501804052
39,98.0,0.3947573211150923,0.2903470163492974,0.552658592497548,0.2736424406757559,0.5693836561167667,0.31503246085562137,0.3694787457232887,0.29550729030444517,0.8561281349547845,0.35286174235348405,0.5313799217133693,0.21007406751715438,0.17167087188894273,0.26244697440734394,0.7576721712360891,0.33190397886948864,0.6116889934558428,0.4011374073410278
40,100.0,0.33814040053599476,0.40439708397653,0.3720992131640197,0.41613614994342674,0.455716435117255,0.5527912013491383,0.5208584710598148,0.35974134063329405,0.5742356264096081,0.3525149246701141,0.3910748154419075,0.29353074371681087,0.34385922011383474,0.4737438868270196,0.6462349999556503,0.5115781993066794,0.3478834392038454,0.5142095821513473
41,102.0,0.43184209533226053,0.4614013978857127,0.2116866700816666,0.4370612401648659,0.17371361819658934,0.7135117487355775,0.5291835776362974,0.3660150465447745,0.1967032710549546,0.33225141405802794,0.1499112224522082,0.40825726763222897,0.369384148479437,0.7250909222240228,0.46084288860694084,0.6219087224740053,0.1952221569959829,0.468532386120872
42,104.0,0.6612414152150208,0.4021906839940908,0.3270222760908373,0.17717245874865395,0.14035704676112856,0.7567989445090016,0.437009161236213,0.29701237926000484,0.24443748723048572,0.18288129084484583,0.1465961115823219,0.34829341954682225,0.2774654342640158,0.6426020431094974,0.3409865433640657,0.5542728894550756,0.2976036293876178,0.24173530701837398
43,106.0,0.753256334527522,0.2793525284206197,0.40811920345585617,0.2665896890526274,0.4084440859523585,0.6693937341962019,0.3176350238312177,0.2782855599763661,0.38638448353136384,0.07480013459202463,0.11666557929853147,0.11220295926661822,0.13855534333031155,0.3208216305302772,0.33444798593631986,0.3309177824548082,0.27931373472948223,0.2892177244986433
44,108.0,0.566519103649467,0.17762771667673796,0.431735245911572,0.690825499869011,0.540193279858662,0.4593578493071562,0.20584559649934894,0.35216165500975066,0.36260353194471107,0.3324646609577645,0.09837210318563329,0.14444021012945016,0.00477539722216266,0.17682852333648388,0.36070440743212234,0.13820080777103796,0.2221779256891193,0.5522798571881807
45,110.0,0.24686315912112547,0.14083080159181927,0.45181515521397636,0.8205792635375108,0.5037701063989364,0.17131065372142704,0.11483220825833458,0.3392087583955464,0.2537972791960192,0.4544600382103336,0.33597118757925465,0.3181294902071456,0.21889361480197364,0.1701984962151765,0.2724057659320685,0.18135003716800546,0.27842337080093915,0.5940693177912784
46,112.0,0.5270123639340891,0.3239180717500525,0.4220166220486002,0.5963286368994137,0.3272683528779184,0.048709681679122444,0.06857623943436882,0.16968041899804254,0.18559256234825008,0.4162417292537029,0.4396471333406608,0.33434765721214177,0.42015002414458896,0.08200939776030623,0.12852141788290428,0.20882101947022141,0.2778985955246124,0.3759238862966794
47,114.0,0.8347307946696474,0.5499044290304108,0.3656223504412413,0.2432149347000789,0.15843498095281114,0.18119844888734782,0.03885982048779192,0.07399920871596814,0.1983010314046084,0.29221041446453594,0.3461304047666682,0.2826823073506325,0.49369556768364564,0.44164927519788244,0.3806298597487091,0.2639870951810589,0.14459492740930988,0.07731927866704394
48,116.0,0.7920281009361405,0.6166101281576305,0.3900376822078132,0.3225209809206178,0.2633622389746661,0.11271646745764313,0.03481404238521537,0.2645107649077869,0.1845958870192337,0.14757703045038484,0.14340804305368685,0.24231229456568948,0.3724035921060836,0.630402568677762,0.606841324430916,0.37364204090130304,0.09706349994912697,0.24772313384383204
49,118.0,0.41070728627623593,0.4638011423515011,0.43520087816892844,0.4353469974890822,0.37219280636016605,0.14249482047567144,0.12792329188162907,0.2851608788558985,0.10860599720325016,0.012088838121622692,0.04885802496672925,0.1368044694636531,0.12860935702667586,0.49570101226232993,0.6334840469820017,0.42191042972374426,0.26903540903893375,0.3731860341963418
50,120.0,0.06365398083301495,0.28981260658867125,0.42746351174478886,0.3937049626047034,0.3715869872981721,0.39282826881247146,0.2150513229869503,0.13466192586408782,0.08518389200540545,0.15434092688340814,0.05470249704100993,0.0711857086445423,0.23181536125112864,0.19866215853864921,0.5519082119266778,0.378622436851666,0.34693571322124106,0.3533679214698442
51,122.0,0.42444655531959746,0.40394520594763683,0.4338554656399733,0.4023583861200805,0.316647484976,0.48638070453439025,0.24087106303840974,0.07605716735544883,0.12520494917573996,0.19986921787035508,0.07329412682822016,0.26023888777007775,0.3899523600428955,0.36170753396033006,0.5100095762327648,0.2760554532910817,0.29457626159560735,0.25664405921373096
52,124.0,0.47155867967019743,0.45901280962848867,0.4750916162789015,0.4709780166011394,0.31399067888318616,0.38274835056909334,0.20694545396982714,0.21480093681981346,0.08189196327926457,0.10246192192723418,0.19462053293035045,0.3233638895912222,0.3713103128509097,0.5214083892659178,0.4143295583876536,0.1659712886867737,0.1359518788829913,0.12398026354304979
53,126.0,0.2387100029008615,0.30313270648674007,0.47112098105383704,0.48534146395205363,0.38149475732230076,0.450571978301024,0.19455828884637494,0.19235956796214412,0.03711500507001331,0.05835006185953481,0.21291330009288853,0.21600053918107176,0.2869154470327695,0.4884874445058022,0.22391433334164357,0.18546439678974588,0.0735509373924021,0.04035710644288499
54,128.0,0.11080258701362135,0.20976811899441464,0.41799054554713466,0.45017520447720216,0.44754861448833255,0.7798741086013553,0.3044246845516589,0.025504701934031943,0.14111119450464732,0.16035483522487093,0.11334126783044136,0.14898885085080624,0.3113001029232833,0.4372304474640026,0.39266258612838884,0.26890866495867866,0.19836694275773087,0.11782270024621062
55,130.0,0.3065119851464632,0.36515112842132186,0.37449965919712364,0.3549993287002295,0.47445938511815633,0.9668346517231652,0.4591166444144357,0.18163717219412587,0.19536781185850052,0.08908318253034388,0.19159029021689974,0.29806975003491637,0.32328185896021017,0.39372259228220063,0.6363492349049718,0.26055861799855695,0.1969458589704486,0.1536101174363048
56,132.0,0.30568580160725,0.35375390044802546,0.3297329493400229,0.26183441660926876,0.4622997250698418,0.8855943017963268,0.5371723204101233,0.33614976220106796,0.26051737184772067,0.12630826955079488,0.3610884258066857,0.34804764477828215,0.24303151992124591,0.2263699280336413,0.6121862896417226,0.2011321301175676,0.13354339923364492,0.19635703125947526
57,134.0,0.18656345262547913,0.1325785483351674,0.2659545988289145,0.4207222942657222,0.4181047486447591,0.6577606706024266,0.46639879510311427,0.37176265961714977,0.3783350916943977,0.3715169222352146,0.419841271383563,0.2634924873468381,0.23171704460904716,0.08234853614240832,0.31505750430511276,0.21684739620823115,0.23611475284236408,0.23739457365746536
58,136.0,0.19876291010426236,0.26295036963968077,0.2958649468675436,0.606598390058234,0.344488086232173,0.4979481860578756,0.2751423805294353,0.29581722238614494,0.42082385487487306,0.48866131348174713,0.34754464119894146,0.19031732343601906,0.2793752459834029,0.20160990982383706,0.1718933037371757,0.20690055981601005,0.34426727556666753,0.1370201090298904
59,138.0,0.28670541746652495,0.5309903518213146,0.43870035003110497,0.5983449248724297,0.26865108696748613,0.3920000773109361,0.1628495964516796,0.16165520309816547,0.31746789452721996,0.4293803242151638,0.18247556895048958,0.21769870307185352,0.19236715999832305,0.1471335802313063,0.4637128946046244,0.18699365068538923,0.34195733340578305,0.09698659357409575
60,140.0,0.39721834924508903,0.6158428555289421,0.5721283415789368,0.4093077835590122,0.2534067937253299,0.22211015519972724,0.2042948538216821,0.12559207310111153,0.25085821179255746,0.27803858140895676,0.06798281428295529,0.19613052386286847,0.036903876326864725,0.22134743387905476,0.5593992662684367,0.372044363159558,0.2595529746638889,0.4717098190728047
61,142.0,0.5515795641265968,0.529085649177451,0.6269057208138953,0.2703824696521339,0.2962994774267115,0.24300373853706983,0.11539943594591164,0.2518569017656464,0.43500491254295004,0.1732826251740766,0.30274172656658077,0.16499378179705462,0.25833379372889925,0.4811145675213031,0.444448868790385,0.5204576224383939,0.17460478785691647,0.7374542202901344
62,144.0,0.6243914598768049,0.3838010799977606,0.5648416051943229,0.3505423301215649,0.34800590392976377,0.42124009930713,0.09132585999303386,0.3385292146525375,0.5743764119174847,0.2155674437099548,0.5151788588402976,0.29679042440690523,0.3889878234678428,0.5500320025356767,0.2626817972481211,0.44739637324710624,0.15568607279492214,0.7383366379277947
63,146.0,0.5195482751037934,0.2667434516002983,0.38361662808668673,0.4189639767478631,0.400817524766666,0.4593377643588822,0.33304617097335576,0.32185630961179706,0.5423483775467717,0.3937505766423669,0.6078251083213874,0.4417274972784006,0.410583781956496,0.34752092111544103,0.1812085784776779,0.1698357706999965,0.24111377670019193,0.4618890012028383
64,148.0,0.28886864408812213,0.1582651024615133,0.16646416122534516,0.43531329262687524,0.42705138904343243,0.3541710775419401,0.41087554129375914,0.20481832883836187,0.3975982560341422,0.5615784699821593,0.5356621136603653,0.47542688367310093,0.4423583037714566,0.03540790687525609,0.14241706107594868,0.1197638559300279,0.3084687584884755,0.05442914420483725
65,150.0,0.19424919113838254,0.07991233316139582,0.18117689650216,0.4176908160814496,0.37278245673558835,0.23707131816637828,0.28843859042644443,0.11197527011418612,0.31892498093258637,0.5936743194068123,0.3408438775929684,0.36328396161274656,0.46079732660653566,0.29577373501934523,0.10265934038154018,0.2590711050729682,0.23727777166388989,0.21323929295790175
66,152.0,0.2978783424786226,0.13189795824702488,0.2604433574437396,0.3274301829276139,0.22901753568955624,0.24453101725380308,0.2863732102267957,0.23407114012843397,0.3994988310806601,0.47498245857120674,0.2075564322292671,0.13609154436585688,0.3171210768293152,0.41641780942022,0.2917463487713481,0.1397993311597579,0.010273975103918904,0.2871622751838605
67,154.0,0.31634878496031565,0.14755574154481846,0.20747234972795447,0.18701820525018817,0.09491270392102592,0.33502531908177624,0.47602338470758787,0.3304016568074658,0.4960117558882202,0.3034454909566055,0.31209670475698176,0.1362763635649209,0.012982593176639703,0.43494292171227267,0.5410373255675035,0.21489027396239518,0.2847465281087542,0.1645364587091838
68,156.0,0.28686820209603797,0.07486881893956057,0.05749324288859274,0.15208859958292212,0.1527189846084133,0.3946981045542336,0.47518864391967985,0.3196825840228055,0.5124271275550739,0.20509461569473783,0.4064051800117419,0.3627218734375984,0.3690389029252137,0.5218280700740935,0.7167388104513318,0.5611977906579739,0.4990971695752649,0.3714208872589502
69,158.0,0.3182358628533927,0.04538889912207293,0.08783031032298673,0.18777606717910664,0.18294087132989376,0.32879473103397056,0.22129343065471785,0.2246637528431502,0.42674191297675956,0.23747690163359877,0.40978852873852817,0.47392501839056,0.6228024851212076,0.6023010475314531,0.7554098243912641,0.7503262287552509,0.5345859787426259,0.6886571564696946
70,160.0,0.3584076368754103,0.12299617151669621,0.18906199643591234,0.14720164767159535,0.1445238200386152,0.11479725355767087,0.09726722529195969,0.13743313502154553,0.29082752299684406,0.34116996211428774,0.35136379456262706,0.4431173431539323,0.6304975977099405,0.5392672217592996,0.6552191534396956,0.7079708377980634,0.4048929073184188,0.8041301541132769
71,162.0,0.34100469645072495,0.14369035416100126,0.22993994857115907,0.09905255830057395,0.17326530357859593,0.16240499321203217,0.3171067091104038,0.1381527673850414,0.24025840351469654,0.3997791982313988,0.2710366484422033,0.30489936564473835,0.42061587955344965,0.33430796072100954,0.4652493320276343,0.492781033252767,0.22603961040187584,0.6491409849567502
72,164.0,0.2911870938254723,0.20215903856458867,0.26356761798683626,0.18768009945866562,0.26253388806696965,0.3933530301638258,0.3034204193494391,0.1488875632491598,0.29415352240282805,0.36749616591130085,0.20583187494257518,0.15391060370948786,0.17594473711788727,0.09411448680048591,0.24850137551511337,0.2090244600126189,0.12947881626727756,0.3051457310843291
73,166.0,0.2540538931759737,0.33863651878545176,0.3284581375186162,0.3091136057398871,0.30590557938282087,0.4502738871306543,0.19961532034118348,0.16471490793446478,0.3257352612971232,0.334370841920742,0.20434270628790877,0.16281236054067608,0.2257517747480908,0.10916625149149771,0.04383325802720827,0.07636446971780131,0.11040017634758353,0.09511541733850497
74,168.0,0.2193576147425769,0.4239248541215599,0.3983593291335635,0.39887859255520963,0.2907208950171704,0.3298206457205488,0.2975970651065178,0.21190727227306788,0.29870431179286233,0.34756042827560796,0.24008714145922738,0.22895432091333018,0.3358159483289378,0.13862936736253853,0.10441841530865399,0.2958731848867029,0.15997721126282785,0.3661463921398763
75,170.0,0.15660341078918488,0.3787532872207841,0.42437469647796716,0.4252422582290554,0.26092396309301136,0.21445939566436348,0.3066642979862675,0.24045841603538054,0.21392750609616495,0.27345890144654184,0.22855526778409713,0.21257748863857484,0.3726621176050396,0.10107168388022715,0.28800596430999975,0.41116478244497423,0.23366124564682625,0.533367779881761
76,172.0,0.06640816460761874,0.2570932025781287,0.38722688127466404,0.3905748264180773,0.2644523397982094,0.3145145587588946,0.11514616329504448,0.22689561932574911,0.10082228346917475,0.05973614713370089,0.13423813148223485,0.13254689416977447,0.345245517949608,0.3377708737543667,0.4464358874286977,0.3721942291930371,0.22960161140972635,0.5649980312159802
77,174.0,0.0,0.2806988004354086,0.3360341502392237,0.349278339889273,0.29885278229802137,0.41064717545214235,0.257824313834045,0.1932193609256965,0.12918695748490422,0.18822531420700886,0.07114091415630076,0.15120259264218952,0.24303265070444904,0.5882873219930617,0.5289368681861314,0.2522489580180955,0.12884094398542778,0.4619139869832648
78,176.0,0.10034487399245355,0.39269755481658936,0.34589099330822065,0.3339519654133964,0.33166073445703,0.41772124312402575,0.4740685214916235,0.14381704010073446,0.21131877919402947,0.34879355811586926,0.22847290103866266,0.2642092542999605,0.17303669943182817,0.6576425738839817,0.4847776675743801,0.21396731244596068,0.07434420916453538,0.33530983375313367
79,178.0,0.20328914687365268,0.38979427671351763,0.3681990394546593,0.3038320511982416,0.34032540689663976,0.39100224734417083,0.4290409767232003,0.06245383919607255,0.201367930631591,0.3399384042091698,0.3444838737722306,0.3307942839363644,0.2947842035789712,0.4932401859295402,0.3068417869363273,0.20071400426569808,0.18507674786754708,0.45547423700244377
80,180.0,0.2898323391369595,0.25213257663906186,0.3103651230131792,0.24773973840297078,0.31010650970846004,0.37167013155884004,0.17872257168615102,0.06473388717562645,0.16530427030197037,0.22521038107316216,0.3619690399561565,0.3248726290576203,0.400714545301526,0.2634491825923115,0.07270288206559504,0.08413854541834426,0.23339615237143788,0.6251288311539385
81,182.0,0.31617456171496955,0.0947557145831881,0.16190796750873027,0.21392201456673918,0.231803712657529,0.3359133724638529,0.21296047326051235,0.13414417164122402,0.24066558371445435,0.18463002859123842,0.30250879782996626,0.27068870787321936,0.42317896234303365,0.332844474123219,0.2001676035204332,0.14249872797919086,0.2192462127114725,0.5867789611036885
82,184.0,0.24653128862928456,0.1448497397493573,0.037969621220218554,0.2013011723166918,0.11944090165993462,0.26373864197617986,0.34852809931309303,0.12278997355015485,0.29424804009054184,0.21973708426890465,0.2504811763192508,0.20195612462909665,0.42316270253204286,0.4017313009599769,0.36140865302505265,0.3204483298398905,0.21807732270048746,0.32602901513799326
83,186.0,0.09084458748783916,0.19137194635635701,0.16782084690628193,0.15815095335952253,0.045699424922566775,0.16637513707695217,0.24260660385402014,0.042132134544075106,0.21832384476921757,0.19766729708159494,0.24719043009414976,0.13430504113573782,0.40103989599382384,0.2689886115910603,0.39009502383956574,0.37510521340289454,0.24373717203352258,0.04296549995017352
84,188.0,0.05303325800175234,0.17512450662854173,0.23325033825952238,0.0812167492967848,0.06234898320703339,0.055692418903972744,0.01405057090703811,0.11849191098627905,0.12438532788746237,0.1354367637595423,0.22678446967889968,0.08436772403772734,0.2836799542179964,0.07517481235804027,0.2945475408052239,0.2889059245803759,0.2262031487137899,0.20165404577034823
85,190.0,0.1626100004151497,0.18563454302827015,0.21820670339306256,0.02169319614626278,0.04895514403274037,0.07188522648310235,0.21005886014277692,0.2085791007178946,0.29153689324157933,0.1738061243345147,0.18004799866020965,0.10724455057493512,0.16757213160958606,0.17775662026290015,0.13732506624932939,0.14267253978966316,0.1475394576183025,0.252865054774776
86,192.0,0.143136855628515,0.21076214766194967,0.14777020775040992,0.057102352632883505,0.14294941088968996,0.24216746057081168,0.28265239397438335,0.22036478235824528,0.43363007579013807,0.30058195436801993,0.17477351314847606,0.16306528217338603,0.31461002853218584,0.20204337616186277,0.043710898018282526,0.11562749394042682,0.053099842718003394,0.2802579043616596
87,194.0,0.05342913679295872,0.15923403184455132,0.044411014900729476,0.09856211694895906,0.27403479768851136,0.3993452475185634,0.23862715613116298,0.17158534667059744,0.4133574390757487,0.3519941227412812,0.17297250862273206,0.18492254209884862,0.4088639242164386,0.144621563943202,0.11082064554089484,0.2062065406944667,0.04207182202328026,0.3452933059361775
88,196.0,0.22921218422009582,0.03790336337102197,0.06956873868482423,0.14345373352092777,0.3240484002464057,0.469802601206492,0.2662305347043346,0.12337745169135408,0.24846756828868508,0.24526942018968587,0.09427137504020144,0.1566444529476547,0.3059674577053306,0.2086534118110905,0.21956134742738284,0.2904555098280233,0.17713478311422626,0.31046760526037953
89,198.0,0.41999784146957697,0.2043535094660342,0.2060472709750301,0.2058825748328682,0.24233134715699176,0.40796613225650796,0.28492916774679233,0.13050112240091058,0.19350698069165714,0.14829417169509523,0.07372195929783927,0.0984384956661027,0.11722355045848958,0.30751004927947795,0.380206495834449,0.3591604558710225,0.35448231044201534,0.2977577602191263
90,200.0,0.5121525915652925,0.38703626897158755,0.3242522344804746,0.25919584539482027,0.05573535460692939,0.26330079676599416,0.2172725588517996,0.20294232850220556,0.38325535239618247,0.3737685115980367,0.21041547358511128,0.0457795963413025,0.21974291608226793,0.36376696443923795,0.5148265793492918,0.3927699186403656,0.47344373281077795,0.4828856696904494
91,202.0,0.48596305307601345,0.45246236734765255,0.3851207996483318,0.26804623367187536,0.1442722236308914,0.30701855147598883,0.3389578458544929,0.3025830470526616,0.4931517594938609,0.49725106567449046,0.2552658262943097,0.015085359158893141,0.2667625741000868,0.3688916756383696,0.5449235461194406,0.3719790027146322,0.43758219550259014,0.5642179127882825
92,204.0,0.37889668395591974,0.3670032860329189,0.3571133365419126,0.2439899036299246,0.29390291504433025,0.5347731660321777,0.5680578597852672,0.37376396737943984,0.4625923508215972,0.41703491157300226,0.16459055533346761,0.0,0.102600569928177,0.32758697964307054,0.4833751199167849,0.3112136495056766,0.24387994150137923,0.37068236107828006
93,206.0,0.2572774647033637,0.18833697983075506,0.23863161366971677,0.23214747396873425,0.34007609568804126,0.688445933427778,0.6499183440672894,0.38405978764789994,0.40227609573812534,0.36194422720312225,0.06565859391679647,0.005097340482306237,0.15142678310943858,0.38614676344868665,0.43319672590708264,0.26644442280992103,0.14912967519616763,0.04669993708862054
94,208.0,0.17892008375110974,0.11813890006789474,0.07328955300056182,0.20773057296307704,0.30809025220890673,0.6791762306358232,0.534883031330901,0.34032079912882585,0.46636250037134974,0.5473592533907669,0.2570503494471432,0.07195673423866293,0.3891320373556862,0.5491914910056366,0.43225450973335633,0.27291159515222563,0.330001386283424,0.4025974506995138
95,210.0,0.14200585315204822,0.17992310743338927,0.07521138669008962,0.10711998525663087,0.2537371201405156,0.5147848366079328,0.3168610212963198,0.2740978865348506,0.5627008125354636,0.6511741754218472,0.39560452854658534,0.17979969070444574,0.4498801525791207,0.5786489499480217,0.3938141452619919,0.28110173970286984,0.3850714984367621,0.6044437100985676
96,212.0,0.09904886627811443,0.14073823285955617,0.13631524365299888,0.03326083930567633,0.19714267834327806,0.279603459892273,0.1513254952539592,0.22132474703035224,0.5436768521004367,0.5279252928684208,0.4161426316235047,0.2711238562557593,0.32561179485709985,0.3625221545528336,0.2843380944356152,0.24431620846519966,0.2954933767308877,0.5389144187409776
97,214.0,0.09153401046527769,0.07655490568071649,0.10374070855423953,0.1985712381025597,0.12487616443199362,0.18392746168510374,0.10322642849884904,0.20077863886415148,0.38049946964070597,0.2560268624334773,0.332842859862428,0.2791285282123767,0.12413640480387714,0.03612920324573983,0.1591228341418888,0.17503855370326415,0.19555551136743635,0.3095048379641063
98,216.0,0.2035182143342126,0.19488493446749525,0.10816229770658899,0.27604917750655333,0.08034166726847863,0.2921539522181613,0.050278398764897946,0.1802764879312516,0.13969437132672782,0.039651076387959276,0.21239083361266903,0.1784126439616537,0.06113239121420142,0.3253858916318221,0.1325467511441536,0.15728039734873225,0.18906938411327198,0.13612117587207032
99,218.0,0.33059638736088265,0.2808888462354121,0.20836035310518622,0.2361854735375172,0.14670081757675651,0.3322036178900272,0.0019349547331880177,0.11288794706726622,0.06688937092888173,0.11219935684524218,0.14991366314210555,0.018809164521880428,0.11033201772754095,0.40714171611732247,0.24617921575504323,0.23266240211162723,0.16027716366808184,0.17263344920614132
100,220.0,0.3938497197507544,0.2657487309452091,0.24790649871730694,0.11812350589979158,0.2279463251337446,0.24778737249693497,0.10099956410817906,0.02570629388526383,0.1500792344947385,0.07947667301211413,0.15098213213717418,0.10696768914997296,0.1026545178920537,0.2431927850549646,0.36393562099515414,0.29618059358202925,0.12281111051610218,0.2129671244471453
101,222.0,0.3573639052360682,0.18369602679716857,0.18522555425254938,0.0,0.271769454398623,0.10286767547945914,0.18021438147827948,0.13708224751861184,0.07899505349287782,0.08701035479104602,0.1357817375182326,0.14113812762704656,0.07894944384936055,0.28121392122507183,0.3959782507998266,0.2830123546275274,0.1860043323940066,0.18808436570701723
102,224.0,0.252952961189204,0.12673982995180563,0.09199235798594012,0.06955916754384486,0.2586947702806718,0.12160674576051492,0.18578841243772073,0.21836981025752386,0.09990082509321213,0.1791478193893861,0.12306677940257973,0.06264845830799107,0.1179008765976038,0.4954616781683776,0.3418482005479573,0.21043974744875382,0.23914467918456292,0.11368788237405335
103,226.0,0.22267420645886032,0.14737333988691795,0.14939130715418678,0.11045398090740699,0.18694037277143524,0.20944644412258948,0.10622000113865275,0.21465803878052936,0.28803669800935916,0.24226438066087255,0.1298179695244493,0.09332512612846963,0.22911580078385926,0.4662822344725917,0.31969975192909694,0.1695107746172351,0.23226964351094131,0.20042401849975716
104,228.0,0.3066998116423127,0.17705462585153664,0.22255128754856165,0.10694768575431735,0.09026062132198559,0.2286447539173815,0.06301607861173109,0.12784671954100343,0.34171729752443636,0.24369841861033179,0.12011960700075695,0.22517211085645678,0.3067895832777792,0.17470703441503976,0.3806255374675562,0.18589506576632808,0.19874350393241233,0.35414638654140695
105,230.0,0.343215489305356,0.18871718178540597,0.25893997742181235,0.08768614945484716,0.0909919277865214,0.2574520485924093,0.17397889560886734,0.022082839549582924,0.2134886242834727,0.16742397465104764,0.2091997901845714,0.31744683031374565,0.3321208595475058,0.2326789611761568,0.4277792217964656,0.23494115928537979,0.2173127278957886,0.39023189025740546
106,232.0,0.2878522500683215,0.18732990551675724,0.2951957889629482,0.12611354050057505,0.1611500514728686,0.34926994891239393,0.2505206359228403,0.1610406493092834,0.2463775088858515,0.2310340229997635,0.38996829260347665,0.38932480571785355,0.4071807915912819,0.5220967946077472,0.4751330161664566,0.36529919681019185,0.31000219117932815,0.3382118128483907
107,234.0,0.217042881134521,0.1696658765096488,0.3007827487339161,0.172124552408222,0.2008800139775091,0.4115762519712636,0.2779170993911349,0.2925788331587699,0.5553185439717128,0.45813630245458015,0.5130867459023272,0.42770976348871753,0.5082940836559239,0.5810520748502599,0.5716983049509784,0.4967957506827095,0.38035960204868335,0.3854071115646295
108,236.0,0.19861000783920932,0.12052395397817926,0.21693516724473358,0.16315122539217622,0.2070410968636542,0.3753464788415475,0.2952203424600507,0.36985194104224145,0.7390674800636269,0.5952633221503107,0.4916566534962742,0.36951147632185566,0.4686799192594953,0.4377406865058094,0.6326465224970457,0.5091805352439803,0.3500955929544115,0.4744295372184088
109,238.0,0.13503973247529016,0.02995504374313027,0.07070484354964658,0.1331835151358158,0.17878840123246417,0.2556347542839002,0.28434058015151875,0.36405149374282575,0.6802184152962609,0.5533298436205843,0.35288227333628047,0.19470405865479268,0.22741449931196192,0.23754265682145415,0.5629403630450455,0.38091597104258207,0.22531162059301557,0.4214716688659627
110,240.0,0.031036858291610386,0.06289120771239483,0.15755181989969827,0.1292581074101342,0.10363630818366647,0.12482176956484832,0.20569730736914402,0.26863456092463106,0.42258567171440853,0.3803245593876489,0.2767571191129668,0.07910718838376801,0.1631127121967883,0.12824801781835352,0.38500813471441653,0.22462896769875573,0.11060193186215549,0.2242635564637449
111,242.0,0.2662734487056116,0.17727839882814062,0.2732930856975654,0.08038984470846654,0.04196071943203481,0.06392025170401788,0.09363419028236648,0.11857614297611466,0.12863903231743462,0.20592292855977357,0.33633214489087626,0.25900037698310896,0.44010948386957083,0.159056120188966,0.2895305925730361,0.19348623356599484,0.08492095485622958,0.07646508272029948
112,244.0,0.467400232399034,0.25227472480395063,0.3103554737732677,0.053247729019684005,0.15905002193465873,0.08425981519792491,0.0782158220885006,0.09566896085590375,0.12021925195252209,0.11117506533070994,0.33099428916925555,0.3437916897374218,0.5039725527192187,0.27011809804846443,0.39526265696073143,0.21798392150279228,0.0,0.12873724206702566
113,246.0,0.5282998983852436,0.27482398737106084,0.33107810200360344,0.21265127632448438,0.24450501675108455,0.138865104872801,0.10145328859994629,0.19932352493490485,0.19414939108418106,0.12755639355042367,0.22030713434579918,0.29390068180538026,0.3253545781686282,0.35304782810551677,0.46493517923769245,0.2964254278864376,0.15909795141778693,0.13149041892840754
114,248.0,0.4312837903912157,0.25842733595762335,0.3597365324270804,0.3014856484910918,0.23375434535290474,0.18141077516347584,0.06320807572404102,0.2290311148950195,0.23778726091740782,0.22724032529916144,0.11207875232433352,0.15458821906767678,0.05448849431622338,0.32951317843415184,0.3921749821432866,0.4073125878847506,0.2959565224857713,0.2558503094320111
115,250.0,0.24568434788293372,0.2245460828252465,0.3222796988938936,0.2517980816105429,0.12448385394664171,0.16843821376895704,0.007637333331861097,0.1840585010066102,0.28530899574765134,0.2575958978736795,0.07904458083998031,0.06081052182348103,0.1417897626645337,0.20189922807838617,0.22566549438917474,0.40138783341856626,0.31994445664805116,0.40873189168175467
116,252.0,0.07949010243979683,0.17660853102641788,0.1833666854175609,0.12111587851193908,0.04326382405737079,0.0966971995470988,0.023520813888221217,0.11762017462551783,0.2433884839149621,0.17256747127200153,0.01064859006506391,0.16768483809088572,0.14391484650195863,0.04450004894520655,0.1519945534092076,0.22493398768494996,0.22777080233640704,0.4097037049075199
117,254.0,0.007149795676195352,0.1018423048686048,0.0,0.13875183180398443,0.17017150215297133,0.05553982534233102,0.08119684486618252,0.07912028785669825,0.07414658761160439,0.04936066910941152,0.1554200957025147,0.23021892743533617,0.11004790907518437,0.06307994162400703,0.18929763665039503,0.1121129158834574,0.10388078795883272,0.2426009688335907
118,256.0,0.023393219821084246,0.0,0.11575294559653414,0.18573072884166902,0.2226390412915224,0.15823762564187965,0.16678066394466334,0.09262499166915653,0.15946073777937786,0.01604461298436446,0.2783992565437561,0.19811479177124053,0.25883723867884073,0.08686163786366388,0.13977121260205644,0.2991572804260684,0.05391053290033297,0.18418310980365996
119,258.0,0.05123750787237125,0.07905260742302829,0.13089332779001503,0.1131489647136822,0.17810655631024352,0.26151128827289394,0.22929671935446966,0.1998665787384756,0.3846015156102791,0.08842718779806971,0.29683528328411085,0.0957777982858286,0.2798672422491979,0.0403939691248023,0.14283598396218986,0.3374462366062318,0.08446952451448995,0.34660886408978225
120,260.0,0.0361494861209412,0.1428024427432317,0.09498163992206535,0.022299642237171343,0.09251077789614887,0.3057624249902976,0.2254498695133443,0.3202586586007007,0.5026200782009715,0.31423419026093546,0.24507734552486035,0.12003928408688282,0.08478205253306832,0.09776952091314649,0.2863928120780254,0.19158576665475277,0.14837582925843135,0.35055958446446567
121,262.0,0.14752206385248384,0.14227370509932238,0.16790766456976666,0.12830311564171207,0.09941416440455408,0.2719010950979963,0.1736337746482135,0.36312620602124246,0.48988691732005174,0.5174959023649099,0.27315686545221424,0.2519402079542107,0.212288441151759,0.22915612573912522,0.36114036719980747,0.10593271296385418,0.1475040743536386,0.14347579668914665
122,264.0,0.330984776533568,0.12467880254288387,0.22276490984872438,0.15436071076458635,0.13976887133743515,0.19438148066570157,0.14320235070574278,0.28631971997151345,0.3803187170808818,0.5627165291940128,0.35709771719336114,0.3347216938680286,0.48534442354196755,0.34652020976526166,0.36853807568190744,0.27157710408940683,0.024619748153330397,0.19659501634300788
123,266.0,0.44044888470908933,0.17634157195864703,0.18883211221583696,0.11349035634424925,0.12396144865490348,0.16592316412003738,0.14378990831297983,0.12206452510947965,0.2325374888668224,0.4150505378841361,0.37275789498542267,0.34713235119379016,0.5589443671065568,0.4101987089480887,0.41480852967940074,0.3396992786661065,0.19149611711365316,0.4636488845814253
124,268.0,0.3954641545433779,0.22359478328935942,0.13829680009429612,0.08761569411506062,0.061903762768245614,0.19142050571697392,0.12353118099272573,0.0636136993411679,0.12172290873856222,0.1738774495061507,0.31519374619632023,0.29537179372175054,0.4077779756094067,0.3883535783694858,0.4586269018907533,0.2923569255235847,0.3612330006016009,0.5255395947079194
125,270.0,0.24480038982283253,0.18565963276363961,0.15511990317177876,0.0857246758770804,0.0,0.17857551566922217,0.08742838667573795,0.14901460117546597,0.14516038100309564,0.13120835851632154,0.24451895010228317,0.1962970692924207,0.13945817044936715,0.27743749417622976,0.3935636525286457,0.1886845246804278,0.37292397565074903,0.3510974748547614
126,272.0,0.23502003934466695,0.06600705614430499,0.13411923917972407,0.09016786353072194,0.08000523335191952,0.10628748978686293,0.06851323092941157,0.13304187540067208,0.20992262230319844,0.21824294308137787,0.18349068274437874,0.09512535836972859,0.11040009912166827,0.13310442380913032,0.24840399556303835,0.0988524132012376,0.20648757101995038,0.05991135038612521
127,274.0,0.31854404403749303,0.08093661343556977,0.04771353538171519,0.12804491371679935,0.15374748936354793,0.0351732215478665,0.06648862529327641,0.07573645320790712,0.21725763822239716,0.2209919209648619,0.11467199691759047,0.09023807155204379,0.22400419228498566,0.12673462133932278,0.16324393120266342,0.13344848781191826,0.05993527250772864,0.11850365374657991
128,276.0,0.2567821652165398,0.1904881202296521,0.1475251262188128,0.17918796090856187,0.19766334943129124,0.11663669653221709,0.08035024222330364,0.10259652394962097,0.15296025443974662,0.18763400708971237,0.1081991261631331,0.1288338696733846,0.2167521049152908,0.19295634319770832,0.12989320612725178,0.1906932284750511,0.23824401936298983,0.15969730543168376
129,278.0,0.12874084721378617,0.23337146118744836,0.2649187533464615,0.2297584260554747,0.18817378728481524,0.19488869272222034,0.08719304723247188,0.11432031308857313,0.11491921653998356,0.12920314692447363,0.16592144248867227,0.13959176790240868,0.15724760510026822,0.1909916697030915,0.09988258345933307,0.16138415746880674,0.2630733357988003,0.06882009532065461
130,280.0,0.28818446384842555,0.24112902911333114,0.30782234739685,0.24931749028360073,0.1415192288866418,0.1772964794191241,0.039920457996112546,0.08852607403256726,0.2026965812284918,0.08581802440510493,0.17246793525998755,0.13131801215366706,0.1115660095833486,0.15721492925489836,0.19461639818068308,0.09081647029287669,0.14002527105824586,0.1833598462065774
131,282.0,0.4183712762151693,0.2578131820427774,0.3120042386147006,0.22800888857072527,0.15197851507716387,0.042952166286010764,0.0,0.13386706234437995,0.2509192878679674,0.13573157977809447,0.10574020955195579,0.10542134266635317,0.0866475263121361,0.15755288515228075,0.22924601684297147,0.12748106246682261,0.054562001820835475,0.27049888680373446
132,284.0,0.3606513543896871,0.2652978584089551,0.33102790140234756,0.2767646599642617,0.22567163314600164,0.1753638555792213,0.14170277493548775,0.19041838038912637,0.19563073327874292,0.1284144745216548,0.030147860546747816,0.0767687710435907,0.08166330044782323,0.15830534865119722,0.10700000860108322,0.12506498705939834,0.13708382541842667,0.18136586788307266
133,286.0,0.1697745342845137,0.2366508295878725,0.33107313922960857,0.3848732226391579,0.2664805182335554,0.3989987140085147,0.24824148112243563,0.18623169555027821,0.145581376437633,0.051396627344971496,0.10531028703371738,0.08059264796864396,0.0718497617944195,0.11459946813617038,0.09404775231780488,0.0,0.09867193710569604,0.02999217984927096
134,288.0,0.16308816815412894,0.1826155995883537,0.2588028582967529,0.3727466857855699,0.24693925227039829,0.49607914534480735,0.26927512275256366,0.14239056741611558,0.23055062980248353,0.18128835484973177,0.14370072625215913,0.07184404469444411,0.061070754731631566,0.028766728275702105,0.2791656712049301,0.19731052393863627,0.045415331752084835,0.2496635726910228
135,290.0,0.3090473807412955,0.12483408612410728,0.1424808631128038,0.16930330604782523,0.19527048264783664,0.4189033450277909,0.1988392308373393,0.11877886753941065,0.26054015465234914,0.2923970200847155,0.1138022684187451,0.05458077196829456,0.11962018584138355,0.06486844714544618,0.33722027073764754,0.37148321548261337,0.21778161242357802,0.4173567433444075
136,292.0,0.3772500624976111,0.10869561492251521,0.1535982528770065,0.1401185292656783,0.15214855599960864,0.23141811487720862,0.09204791167336523,0.10065928664259363,0.15552355454114108,0.27521040050338086,0.07274056289198676,0.13203726354955894,0.17932468430219872,0.20097112236304454,0.3208874018759484,0.3941356688505036,0.345485720328676,0.493382530745756
137,294.0,0.4069931110248691,0.1865049069604428,0.25385663031218814,0.3788912135553948,0.1200296615216126,0.09421501985407035,0.08617720143024409,0.04369168059976734,0.09404231097731175,0.15022368460410782,0.13261034241547498,0.19485858828793015,0.17805682476264414,0.30243431233128554,0.3409350037203872,0.2618127301527802,0.371989240345495,0.4983364773997508
138,296.0,0.4107168446045971,0.2757769818245282,0.30060000525193104,0.38993939976991093,0.08158738393137331,0.07538190463867772,0.1388031754383072,0.0725849888260924,0.24121360773727712,0.022578594904732883,0.18844908111124095,0.16940851788875091,0.1150820212926385,0.3028631927001019,0.3080629079737011,0.10586905411853748,0.27174621504399915,0.43196582865011074
139,298.0,0.3452730148266478,0.3074747532543577,0.2870569938427078,0.16081204774107202,0.039783328594079424,0.01757106469640303,0.13985071814441416,0.16427099217661928,0.2809678956391113,0.03712972929925189,0.17201180712639946,0.06428973281858569,0.03403574495584876,0.17919365748371296,0.12951467559504756,0.13506346553267687,0.09007805268460442,0.3061997350922453
140,300.0,0.24459378703576554,0.26635352164579357,0.2475119080237641,0.18091302902856646,0.025546577830916642,0.13416579093912165,0.10287571156131077,0.20471893330167856,0.17603434019833047,0.01264486539250502,0.0790125193087821,0.050525135003411624,0.003968586292172511,0.0,0.09718237846217785,0.14672762419852853,0.19010031920574025,0.18949438840288693
141,302.0,0.24762227928452113,0.18511743292817123,0.20951777069813324,0.3871337799067562,0.08185119919236403,0.24335366336993436,0.07043565393907804,0.1641615513501428,0.06342782332451478,0.12351404649968659,0.04752097431151444,0.12023535948846079,0.006030364207937556,0.14247878387490762,0.2488546896065228,0.11932728702252915,0.3227718285012042,0.1658554925343259
142,304.0,0.3118656041072107,0.1210123069483884,0.17403162172060377,0.336341675491946,0.14097538669757062,0.2535726491078283,0.03765381928084849,0.04905023691381545,0.11527026944953664,0.19927365908980202,0.16337714477842974,0.127616335066993,0.0361876765912584,0.1640446610166415,0.17796668946265556,0.18442474658942162,0.3124987363223696,0.24250119560436897
143,306.0,0.3197040070932863,0.11201191856641161,0.14482045045793177,0.05846085107645733,0.16853807627765352,0.19964826552886755,0.053284676862471354,0.10217012865285875,0.07403856025369208,0.18798949918217828,0.20705808260714587,0.12191867721794496,0.07977088439739614,0.05928493225937948,0.05587646749847621,0.24063363236495547,0.21934724527164048,0.33910494857548207
144,308.0,0.27283866071609947,0.1474345360520453,0.15213303904795755,0.23592500361734817,0.1817938088738842,0.17871338094558967,0.17499109369365362,0.23320499191386548,0.1407163204348345,0.12281986181142622,0.15188724001077483,0.11272134074102869,0.08803601916853929,0.15210089948397879,0.37410428040956634,0.21568492119150384,0.20065694190987762,0.3426757670929641
145,310.0,0.19924087963078638,0.19334918395039175,0.19178166311747655,0.40020088185507785,0.22177998968429094,0.22189384307785978,0.28796273387893806,0.28825264387233823,0.3648209003309136,0.1342440341114941,0.015319737167823139,0.07499989126653103,0.07709987929797006,0.2970841941017514,0.5421761490490422,0.13644321601827747,0.18668931394132576,0.19369718187619003
146,312.0,0.12017670412414683,0.20350948423364765,0.21440155087555432,0.32468083630669503,0.24622194729586094,0.28843513232803175,0.32006958310286493,0.25180570892634124,0.4925323380473244,0.21731259871949665,0.1386567155209887,0.13666258387249722,0.1378443481002686,0.3349887770726493,0.471110524523139,0.07626838845882707,0.049174789167856586,0.0
147,314.0,0.1247762558555892,0.1477730255646054,0.18994245138061794,0.09880820881352026,0.18710468340512065,0.3069116116462452,0.2516113671353194,0.15788459042439476,0.43654790397096,0.2764064383615019,0.2617309369577749,0.24082197288037158,0.2222151769546137,0.27916220458332125,0.24600790879805337,0.12449489464981921,0.1630125327797097,0.21561195034365735
148,316.0,0.16122921681438201,0.037975059951522366,0.12694142024842733,0.08307409086164315,0.05095009634998663,0.20187285459203838,0.13575028855979182,0.07413791378388243,0.2209526396782148,0.26873350145581204,0.30643604500375166,0.2654518263501293,0.2414611551563911,0.18456874189787462,0.12823266848658535,0.20509698168048526,0.323733342058966,0.2948175526469311
149,318.0,0.10058493045058671,0.04975121706429778,0.07721967606144477,0.11858691974558146,0.1236875131585429,0.09855964335802057,0.10246469199644595,0.0794405776428349,0.03753212981647703,0.18250179879165052,0.28083601574140504,0.1971821848733328,0.16435179925512042,0.07884757736295032,0.14090377576952734,0.22818038899123913,0.3308433628466613,0.2568299917890924
150,320.0,0.033360715673817445,0.11079678925376775,0.08130523711077683,0.03069373357578359,0.22053671527282334,0.3287766624733891,0.13581149007452217,0.1305098301127982,0.22874109659361377,0.13292852407379513,0.22003620386491446,0.10928232634080716,0.10656490151259318,0.139682624482303,0.019929406940977036,0.15520010575497534,0.18889774725336583,0.21484204259866252
151,322.0,0.19495749515298375,0.09746963517714936,0.08005997041489658,0.15614316236745895,0.20391935459311555,0.4786729070699053,0.144363420331603,0.16837258862080143,0.30519499261583305,0.2370444320678398,0.14250907139788282,0.07263652704390357,0.24930350718877606,0.2903892587106481,0.16987804514192253,0.010807804798389282,0.08546720734280744,0.15306543709624884
152,324.0,0.2544644472864995,0.06683911804947112,0.06421404576746403,0.2063446861650899,0.1309689084437851,0.4218380785486975,0.18261679820599916,0.16102405212761126,0.25841751825877973,0.28651352864622204,0.052724519516055,0.05378148480864976,0.35688603244600353,0.3438556208262803,0.34033808980212216,0.10507123372859352,0.22072022653262952,0.09980050042759556
153,326.0,0.18894403340958923,0.10470373719608102,0.05860083644361446,0.099486654947746,0.15391529738318005,0.2452425074583379,0.23946690561204131,0.12088015832318334,0.14005409867453567,0.20942299499680858,0.04087991899064898,0.1299888401209671,0.3280205594091456,0.25095775021165284,0.37892199491522255,0.20743491288419333,0.29928900862308017,0.3184986337693797
154,328.0,0.22708984388651018,0.1331445824615809,0.05090896613288707,0.09814279680343005,0.18347929449802775,0.24574904966918015,0.23480835869406583,0.13137773470451344,0.02818401299400439,0.057608553074524754,0.08524411618376734,0.2048290594158392,0.16235619604326904,0.08976210055473804,0.3204653298059755,0.2634185959736438,0.31608099124747285,0.4858510350147824
155,330.0,0.40119221901985214,0.14551119396279147,0.08483304311911467,0.23507500615359028,0.11979218594080179,0.29310107653952994,0.16668162141445406,0.17226627373889342,0.14384706064931516,0.14610166143656897,0.14752820210747244,0.18684617713562832,0.03981804649787699,0.14632818663300443,0.2631014143921279,0.30710867752293364,0.2739439453185239,0.4443621864818805
156,332.0,0.4770989129569305,0.19130408059991916,0.14951321660535646,0.2247847721349751,0.0014525212208288593,0.15150923880986072,0.15820342181878147,0.17624151627354537,0.29227078881929247,0.28118501226066805,0.27007714750596346,0.14509916774651072,0.23575155828063635,0.19690163947125647,0.207702037666014,0.30845771500396313,0.15346286388228744,0.23388089624848632
157,334.0,0.42804754751848234,0.2306180751265114,0.16218375769825155,0.08078166033750458,0.06958948315403302,0.08584473125407155,0.23781551343880222,0.189231329182769,0.40635191373076346,0.38177316841117254,0.3634572425402936,0.24545134044146302,0.3167279071231141,0.12850566215054351,0.08545872180233378,0.2080236349957386,0.08844566102735298,0.17435409821586229
158,336.0,0.37939405766097223,0.21703823436166494,0.08699898496289363,0.06592358029282952,0.06576237731447146,0.3158499588219855,0.2806901162524167,0.25145523421129173,0.45201631056564456,0.4535620993241697,0.3356091399954031,0.3185526323442866,0.2620499388530069,0.09595642769095701,0.05629799244704782,0.06474779645805644,0.23866973915216028,0.2898043880858128
159,338.0,0.36964579002967984,0.18133915457372485,0.08937015499292773,0.14967587638355317,0.06909664951802064,0.3602005944389787,0.2608248805972296,0.28526720151068974,0.4175725552691686,0.46360608437332507,0.20625554036873536,0.24190837407820442,0.12233782983542249,0.1649929148647887,0.2448187746756125,0.24977559418266698,0.3161102856004434,0.3166639859655813
160,340.0,0.25855643454295485,0.16999381148289047,0.241445635330626,0.15771543228931872,0.17995856802003415,0.22046134828556235,0.20477392947679296,0.23759784021984778,0.33754337934083467,0.3904337337304114,0.2628256380789133,0.049025350416362315,0.07359008035158347,0.1990946460757998,0.3855808913681214,0.4265476081380816,0.2901502301469397,0.36546251864933577
161,342.0,0.08706744187327421,0.15358983252584646,0.333348082853674,0.21782718634372178,0.23957004747750027,0.15266388846768994,0.13588571818138634,0.1377392156648595,0.2931126480191586,0.27626990709217675,0.44090223523310906,0.1990549136456114,0.16385973731138398,0.29750804065454217,0.4578776769913625,0.45988970568822346,0.21208431129858077,0.4054412322777184
162,344.0,0.33338807984372154,0.168570624733752,0.33580971377134466,0.2912807263366587,0.20721948157037898,0.2371710569157163,0.1326314974800519,0.12599252625803936,0.30285220235285726,0.2009165228334332,0.47426220802465435,0.3433397390212716,0.20628514391131356,0.4358242375652192,0.46033980477319214,0.3476575436645435,0.13318866423277514,0.2855163447138438
163,346.0,0.5314337855995667,0.2666658786962815,0.2909903366148485,0.2701941348544459,0.13502916308035165,0.1720997339130957,0.23296609089627152,0.20795605947382415,0.28522174379756665,0.1605236548997431,0.31197785362925956,0.33413727822837114,0.2359181098569122,0.46141713519920896,0.392261655908728,0.18067732266024691,0.07844274012010248,0.12990710657231105
164,348.0,0.5167130273282589,0.33124277174856315,0.24701643283478356,0.15397706624612675,0.11668719715902631,0.03258308250428434,0.3029231169069497,0.2547395782963886,0.22989043360923964,0.11476274186606324,0.04312516363078993,0.23414256360625962,0.30267896272727185,0.3089679087932376,0.25122381814110994,0.11875083324182197,0.10766126507843324,0.31878741776583397
165,350.0,0.3124925473977286,0.28194623576819305,0.1937550097448625,0.06867791635632214,0.13438992171322983,0.22782349693704335,0.27601419719046405,0.2430769661461062,0.22702169338828307,0.1822056984934007,0.2544432445581013,0.24738906214174297,0.38149743540540015,0.15642300625535877,0.12035074608899957,0.13483013323749723,0.13119249270837524,0.3863154731850609
166,352.0,0.10853557989282474,0.135215167422701,0.1361675463444197,0.1640574055242229,0.17485922359175338,0.3119766025605872,0.18394651401985956,0.1789633583244844,0.2559027387599058,0.305911745282767,0.4156002943299015,0.34307760942236476,0.4317149526824078,0.4063480106280051,0.3286465163696829,0.1799427871842515,0.12066420108169972,0.2241031205087823
167,354.0,0.19974126058086616,0.011099342526406781,0.13521775364060137,0.24129735758517654,0.23533180613488955,0.23078556839616962,0.11436349616949297,0.08477171560735383,0.22052399146180734,0.3619953566818998,0.4209381010347988,0.3549604005227837,0.4322696566900081,0.6246665259677987,0.6160990205872205,0.34546631583045795,0.21495092611407013,0.2750272697277402
168,356.0,0.2296154062007045,0.09870707738232912,0.13969549750128438,0.24830125266760403,0.24159915463035922,0.08251108172184467,0.0598647329564724,0.06423539058899314,0.2014639538860936,0.31912998548960175,0.310345167022756,0.272506594323841,0.3697736835857539,0.6643952787230458,0.8109481795803477,0.5240269777012901,0.35343533654580805,0.5496349655925012
169,358.0,0.16522863414390485,0.12019933829348811,0.0912642589503992,0.1710474918300508,0.14834021044770754,0.0,0.06554900674755286,0.15023512415551046,0.3207721222404284,0.229909006326799,0.16321649578691838,0.1639435842474631,0.24377897638403548,0.543159405849703,0.8316021782976558,0.6059246281014339,0.4217478781134968,0.6294511226273484
170,360.0,0.18407169137221074,0.13026698764707614,0.07159447138769189,0.05277046964233492,0.030048545191376664,0.06444171071798169,0.24265353272390724,0.21539792891667417,0.40906504305058383,0.19294826436373072,0.06693842626255074,0.08753357274393449,0.09201363338686044,0.37613340911947296,0.6616888170519596,0.5526512406551063,0.3988209576201717,0.5240693395054274
171,362.0,0.2431124887273068,0.12777650187536765,0.13030233367293564,0.15608557713593604,0.19996487398601565,0.27740002423110116,0.37634619405701497,0.2318664662524812,0.35393996412587025,0.18778954545712762,0.08987434111697709,0.07877923323426357,0.06415040404014986,0.2970125315045592,0.3734194502859819,0.3956013562714274,0.33681781909277625,0.48332139221620096
172,364.0,0.21843247133566113,0.111340781637977,0.19759781915286515,0.3022982486721745,0.32650944566106666,0.46563566179262195,0.36330064738536433,0.18721303761865346,0.17236185215485839,0.14385622773745205,0.11704759705289755,0.15365744757509206,0.10330962557491342,0.27228149078467007,0.2578460031736332,0.23905735926455784,0.2952233415975752,0.5552668800546027
173,366.0,0.17116207570436215,0.2105859191417258,0.3058693497360266,0.4037483841274355,0.3566303397662646,0.4915572337178388,0.20054372199089845,0.09887228553241613,0.0,0.11646874143124343,0.11043008577452688,0.19943445533103812,0.07373009051088206,0.22308815512108368,0.4697140940233506,0.26269699409334585,0.2834046737539056,0.5125854798028929
174,368.0,0.2408535579431234,0.33194603908567577,0.41287357425227206,0.44708135507056845,0.3066059837096357,0.32337965105978095,0.05468282497563685,0.05195818245838834,0.13779975605326616,0.14115808641639055,0.07694672310945884,0.15422746294505915,0.13400505852884495,0.262513163291319,0.6016396082763956,0.38353120208740193,0.2852570005937583,0.34039117307037686
175,370.0,0.3165042973793095,0.35805769348393673,0.436004546596045,0.4128595975924115,0.2575004049737534,0.12793745187272132,0.1799077041136371,0.0686240757972939,0.17839052302770472,0.14737894563748555,0.06439342308786628,0.07179562540974475,0.24924221897149193,0.3993637429721388,0.5624723445752366,0.44177398806734075,0.27727392824604685,0.2648181874558536
176,372.0,0.28715352493149593,0.29590072134462925,0.35511219487621426,0.30662181111396875,0.27167038502344676,0.25415286525031233,0.21304158644545537,0.03219966979721976,0.17304011365667177,0.17076929378170275,0.12098773015617105,0.1270981420135194,0.2778033564419404,0.4695512456308081,0.4364456827422867,0.4051903268519491,0.25985046252218974,0.3268388482381415
177,374.0,0.17765645797874907,0.2698657861804867,0.23244705311578714,0.2122705936677199,0.26679899527331075,0.334254524206935,0.1348871701697637,0.08858172233895645,0.15203813955173906,0.204097728317948,0.17508095974661167,0.14764046276778237,0.17877843786361697,0.39290678364723186,0.37847547546557986,0.3052973487225158,0.2782304896744476,0.29500499905803873
178,376.0,0.22306417702906517,0.3055101722158268,0.1496487723247351,0.21865353462139367,0.16557020813850282,0.2725234632640918,0.10650476144697316,0.16706900397449923,0.08407755528229482,0.15154758693658515,0.1820207252843191,0.082062630225153,0.0,0.20885289849038224,0.3824622534055559,0.19845951176362378,0.3079858383942258,0.1575819924873099
179,378.0,0.38392874074776356,0.281139383898449,0.13890373404505263,0.23059493699907924,0.026775860036611573,0.1974085550522809,0.15388252358423474,0.15741759019323073,0.07552467813985785,0.0,0.13658875310799362,0.14532705509839483,0.137383922623169,0.21539254269905436,0.33766448314664005,0.13294691424038277,0.2705425329434904,0.09208667351533356
180,380.0,0.4453359386786112,0.17769572788811755,0.2249224827852721,0.2032019861451162,0.1900844546995947,0.20672790794413132,0.13562167342912093,0.10268391639488601,0.16412637449425035,0.1847048243904917,0.06567078693883607,0.22361202280124642,0.18890350964698857,0.383436057068763,0.25353853369461726,0.14974598062674793,0.17440820690597814,0.1541858663954821
181,382.0,0.37678374497366185,0.08805680181614131,0.3160918203586941,0.1931420242618849,0.28195848233523146,0.19034586707689907,0.12974614487266703,0.21637554085404645,0.16516892995058718,0.27948280533470216,0.0,0.1561019816288539,0.13127233954619563,0.4094578678832237,0.1843824944663216,0.2153787912357777,0.16418369269185557,0.12969636066940177
182,384.0,0.3091326259605399,0.1310780952584138,0.31068754823682965,0.18603053181666773,0.23860407144759807,0.11461536139181311,0.21274284248960254,0.32495055515859744,0.11316040070811324,0.2197450259247715,0.06445950169766321,0.026386403650098735,0.18641485892483636,0.25490622043939176,0.1572102346475323,0.25196021066482527,0.21040076954236697,0.04063727288483293
183,386.0,0.374308069270208,0.23182249260066704,0.21802975385626722,0.11780664614544982,0.0841456316790553,0.05318701813239792,0.2369703725193402,0.29081912506060237,0.20933371641199686,0.1184525653025703,0.12304496614320497,0.22013249483974878,0.30432974922744727,0.016233226838720548,0.22375367670872492,0.22842209426189053,0.16860521728007963,0.17216724106662265
184,388.0,0.4135659531816311,0.3215925587671792,0.20261446863915852,0.038475000110556636,0.09732233730759514,0.13847004081245398,0.14386428397910628,0.10991998467560389,0.2966757228351929,0.23909466506489924,0.1302908040875722,0.27600547668918946,0.27031632976695474,0.1482125239844953,0.2799434467099046,0.1701374339192031,0.07650019020250583,0.31519470978369507
185,390.0,0.3088834778990567,0.32787492629412535,0.2610361636206924,0.18137499369098647,0.2643984668226612,0.3103978308009678,0.13076392572206125,0.15659502759346638,0.28265972159035335,0.33110525930629725,0.14319834791018485,0.1609731789491062,0.04639303854407986,0.15512501898929967,0.19765670366482924,0.13459159821649103,0.13726066376098303,0.3428432457490678
186,392.0,0.09840293000814962,0.22632710793919833,0.24441474900664995,0.3372366021153027,0.35957187282963965,0.46565073313775174,0.3229848855840132,0.34865292300856393,0.3622549040770475,0.37312018991172946,0.3318006704301067,0.2537391805975027,0.2769632994935439,0.16626137053313778,0.12455477878109357,0.1697688284203259,0.18223722585238225,0.2273023746371961
187,394.0,0.12344147988107212,0.1466469967924505,0.2565953300903838,0.43682171411448983,0.36864202454570066,0.5031546911103677,0.44125162758294123,0.39930650522039995,0.5992897185916615,0.49699655502376255,0.5615863786302819,0.4989624879846565,0.5636356708944515,0.44039437833043815,0.4129560073431866,0.2765664887234652,0.13149422145595518,0.01246243046188136
188,396.0,0.2564516822826128,0.23015408794763206,0.3787843220496538,0.43355508268851395,0.30119388854583523,0.3758027733268693,0.39243501707475925,0.3202276938611525,0.7553503927441465,0.6374237104063332,0.6798027457169922,0.5793330431061046,0.6562351171970053,0.651434172435238,0.653415346789078,0.39747246910590195,0.12429321630976292,0.19476391277317398
189,398.0,0.2778698546322101,0.2545634290753945,0.4229641050136852,0.31543413748278887,0.1931107436766398,0.13153671261738026,0.19310117226821796,0.24041848932109042,0.7005208224489651,0.65320349420421,0.6080062143691005,0.44721948088274743,0.531180484599001,0.6316825134489096,0.7031027064939276,0.4584908813881171,0.26429170510048766,0.3927654997949974
190,400.0,0.2235794315271867,0.15565713344237592,0.29385120801734627,0.14477956059348426,0.09869312573551638,0.12434649014842894,0.10674167568249146,0.25344357353571195,0.45800925673201015,0.5194792795964854,0.3773618806729686,0.20352296852089924,0.323591963219899,0.3766537685337977,0.5708036854169779,0.4218827127701722,0.3820090655227273,0.4717748085103241
191,402.0,0.14332454947496748,0.07462248360103776,0.07321731288592574,0.0933842434344099,0.04859336472440692,0.30869493816427845,0.31900284580397453,0.24435520577460837,0.16135867425549538,0.31114578567972423,0.1244987980449538,0.023850640416098873,0.26645565977225316,0.0935692242676632,0.3764027559812166,0.3184310696431561,0.41553664784054045,0.4136391719430023
192,404.0,0.10037138765741022,0.17607448586310465,0.22729636690390428,0.11412713803517334,0.07417803338232876,0.37027046152848825,0.42081719745009855,0.16853945291864147,0.031226902558163572,0.14546269727224947,0.0943821729284477,0.06231737954059957,0.28260705257075136,0.2675337375324183,0.25290339738633905,0.23527704552315534,0.3527128017478569,0.3028590631541539
193,406.0,0.17683867466021352,0.21240291921197801,0.34675505562573483,0.07674378542685127,0.1570108176505126,0.31168243435607446,0.354924463977418,0.10111212876756157,0.08596527776772166,0.2123367256054603,0.077232539745207,0.10506945973417332,0.2282455437200891,0.3051534478069807,0.20467695470782662,0.21188435200051298,0.22135358765782423,0.3137949180486216
194,408.0,0.24303188683315655,0.1580830572151139,0.30039431346945983,0.14369493950599055,0.21236526965328154,0.17897780332339452,0.17369838633117426,0.07819853563145783,0.16496029113112112,0.34961671772628905,0.12790911171087432,0.18051594867472948,0.22156857784661055,0.12959158437503235,0.17846586843487475,0.17958287530635214,0.09004055146520965,0.35897131028719004
195,410.0,0.21730849173395173,0.06306872159874956,0.1617425832402993,0.22431691848123203,0.20375536304677186,0.10658932106038421,0.11061879781051653,0.06670631125097667,0.3246556765028648,0.39403941775684304,0.31420634327073893,0.19328079688660704,0.2619257403213665,0.12405638924190647,0.1782103427146428,0.1103285361661184,0.0650386640289036,0.255244369118118
196,412.0,0.16704078747444953,0.034072205217435196,0.1420505065569645,0.2365376430644458,0.15583752601227668,0.21527248697241497,0.25959018654244337,0.1772700756884304,0.4305120150463662,0.31497727362518735,0.41354930099274007,0.1783060692681162,0.21119353409356503,0.30282643898485984,0.1861135451686322,0.047903114516904176,0.06621542612322226,0.007139481648971473
197,414.0,0.239775380517995,0.11244545323399312,0.21428905338534363,0.26783060735417874,0.13749467983031635,0.29370366001694065,0.32650506313295197,0.2838736981127283,0.4129045791350527,0.20167623135037308,0.36537533671336225,0.23528376971777037,0.0851331454142968,0.30222632011591405,0.18160559523884573,0.03710378421973686,0.030432531047700603,0.22607339690262726
198,416.0,0.2948101769100637,0.1605899088332863,0.21970732919812533,0.35419100815966154,0.1774394258963934,0.290700396928773,0.25888934166930216,0.2839407337281948,0.28577652268087744,0.18356528372005332,0.223533603944367,0.24167809865109632,0.04481486552512886,0.14852983058699396,0.13478520822609472,0.05223328418840711,0.03985793644592738,0.37234688695077256
199,418.0,0.21318528424676061,0.14688518964360553,0.17553630516146312,0.3755934296250224,0.24215573406829152,0.27115923032979206,0.0731307823992232,0.1597178851071093,0.12892531888223352,0.18280071664218878,0.18695311983301588,0.10935779149402312,0.016543538316901342,0.10793613913170462,0.0092490911366956,0.09820540472604036,0.09604096584753109,0.314043151344819
200,420.0,0.04625506022620875,0.08114825482628689,0.13201658737181807,0.27066019389364165,0.28065334311648976,0.29319903002885006,0.11382583240380854,0.13939257659277263,0.1712205092227806,0.2612593761153734,0.29061855549736887,0.12989800295234824,0.09783190843936085,0.2412784029891009,0.13441678040145252,0.1499135680189466,0.17772208302608994,0.12860142441434844
201,422.0,0.18733489170675702,0.021753597457797893,0.10364559256738622,0.08889455211495723,0.24327314115082,0.3142342165009581,0.3532270347017447,0.334053389812948,0.36622894191631594,0.4524933652196945,0.3503992667779681,0.31931285584599406,0.2749684133962422,0.27493515673418073,0.3063630855234128,0.17355121287235004,0.2337256777200083,0.12017281178985911
202,424.0,0.3028375396544806,0.04738349909775742,0.07568978862722009,0.10027424802181828,0.1569331568337059,0.3351202236363992,0.49650593007346416,0.4500167121642083,0.554441640667742,0.5788424266483575,0.3555933334103608,0.36510470574038867,0.3523625094539238,0.22450911679361268,0.38167227384853813,0.15919742525498315,0.20410286616695236,0.170852935085562
203,426.0,0.2922702648400699,0.12850257374439697,0.0777167950602924,0.19890034604267545,0.18794875304368086,0.38312039218744137,0.48902750603658374,0.43885257499893576,0.6668831225312506,0.5503849875048904,0.3594346105661487,0.2618919752463899,0.2607621226758393,0.16787137821462236,0.3431324218023618,0.1157288983731192,0.11057659757573635,0.06497244910941471
204,428.0,0.22766166976436208,0.2205479089189724,0.13707458034089698,0.21106891355286153,0.2668704844274744,0.3748760789056596,0.3402019715045529,0.3462555707988216,0.6491394069370333,0.4062803494175892,0.3691611275472487,0.16328870953947447,0.04641115214924107,0.16754319533129844,0.2534918418063685,0.09295728974980362,0.16136560908420033,0.07347142209062785
205,430.0,0.20061966666134984,0.2447288849426239,0.20087464922176282,0.17540845384594425,0.24680786824277967,0.22167653465421697,0.17248517913503225,0.26123999169881046,0.5018522807268769,0.2790391569226789,0.3315768243716061,0.20783217081523106,0.1278928157269025,0.19193476178611418,0.17737699525785564,0.162329149861624,0.2493407496369124,0.22382784618043214
206,432.0,0.16352658290325459,0.16830134337662303,0.24554055267441846,0.15807182855197316,0.15775021335963746,0.012014670517479885,0.2449632243657602,0.21804972741309064,0.31184674730247436,0.27932073599453006,0.25313661930397285,0.21558397229215856,0.2018925269999544,0.1725886726111918,0.10490048271241109,0.24836029721602657,0.22915904167993825,0.2372636677767084
207,434.0,0.09815348599512953,0.12949248263013868,0.2801707666185187,0.19219165850778727,0.17845741521510128,0.2809380995927309,0.3569202410438116,0.17278255231189407,0.2275170554045532,0.3381440460378235,0.2699028328776866,0.15418520790979243,0.11962068752875751,0.09714466616525148,0.1405724443540674,0.2740090611314831,0.12561655010983888,0.11642619533523556
208,436.0,0.13741099114626812,0.23200016802458553,0.30408951505863435,0.23936235476229142,0.2525518330205948,0.4017692997078931,0.325955047169499,0.11688786160445627,0.22773952691392693,0.34571999769164297,0.3437824771954725,0.12700609037330396,0.0792073641900615,0.13448372323349006,0.275437086139135,0.21166578628883412,0.07483644551911599,0.04482355773085418
209,438.0,0.17260096662939492,0.24612106421210844,0.2981113562767631,0.25715860002611396,0.2518990149762414,0.29363290809043663,0.16333402947099707,0.09555498202679642,0.21007809377782202,0.23146024805959436,0.29147580747283264,0.14069434366259168,0.192609307302921,0.25115325079565826,0.33340236912033644,0.08719382543705988,0.07476906448625849,0.17919574266604063
210,440.0,0.09516802641917804,0.12059893100861287,0.28096945135793866,0.2429682872909251,0.19910986589275864,0.11511337635363633,0.1750332884733853,0.15021018996620164,0.2723837531466507,0.08085662471054719,0.06684403954790474,0.1077136093897443,0.21985254920512845,0.2708596681919057,0.2528848209402657,0.013178761153717819,0.042095033206997305,0.2165762424016772
211,442.0,0.052885342933652664,0.11783974267612561,0.3054896249343868,0.2329493652124616,0.1712660178303441,0.395097614499331,0.40043285587175637,0.24483726667209324,0.38935909343696434,0.3168814252841986,0.23862151101479065,0.08384989745202903,0.2368048159774668,0.157353733842496,0.08371290278855983,0.06600085828571006,0.14817217963188925,0.12279350365506177
212,444.0,0.20419841761503338,0.2680000093081446,0.3416987399969298,0.25805886899049774,0.217887738299501,0.6374658412321442,0.5175529535099748,0.31379095721883626,0.4282354687496895,0.49401767953721704,0.48075290657298553,0.21451334726098448,0.32996774778691407,0.1381797310433792,0.18520231477254231,0.08313773384825228,0.20599245234661687,0.044216227604952967
213,446.0,0.2579669830481377,0.27730135786032156,0.32167027555000627,0.3031683105092455,0.3126197025640288,0.6612483150404197,0.4472522405335136,0.30082093495904694,0.35706026368881755,0.4829818813810348,0.5245995167731887,0.3480350239984188,0.390174826164166,0.3741072292577143,0.4005808501250782,0.19532997453013112,0.1777594582590919,0.22262169374867471
214,448.0,0.181072057597043,0.13697768095684237,0.2533948524745136,0.3293481724079278,0.3798542419287945,0.46826482568810096,0.21254647880702493,0.19375837447405622,0.24738643215123882,0.30917759520585764,0.3561603573273603,0.3678664732467075,0.37903788485574097,0.5658907551076972,0.5921242965462554,0.36329154290892635,0.2452747446627007,0.29297889684970185
215,450.0,0.02314886081191347,0.07461041636072571,0.21067554278762773,0.3030456356605854,0.35635673709513876,0.1936434153007589,0.06688175174458831,0.06956457652499952,0.21648043948395262,0.10780606859250431,0.1519629875114576,0.22936006974486356,0.3857857585981502,0.6470496451405274,0.7504597285578374,0.4899468419670563,0.4077092771254816,0.2135076354496328
216,452.0,0.09906229897367536,0.20060934408564202,0.19489474794492928,0.229483105395031,0.24600503608670313,0.21145179062361627,0.30689815023538425,0.16580011001307185,0.2581718777455399,0.12603504633999918,0.2828052914655458,0.11257878691926017,0.4259556608421737,0.6160015970334316,0.8215877887834516,0.5249839447679455,0.47471249139227595,0.2716779314533154
217,454.0,0.19455579984786056,0.1944803557110186,0.13259173190959356,0.18776509869753122,0.12627264954948703,0.35417419893879615,0.41422791195355835,0.2582490496489009,0.2947451783547247,0.22749915575463295,0.3784034589575909,0.3121604038813466,0.3958400374249984,0.4965240293759619,0.7361129236183035,0.47057026810850183,0.3881057794965361,0.5123447979409258
218,456.0,0.2260354813820467,0.0724769738778841,0.051210478827833035,0.22517469309093427,0.07303123293778005,0.3714698428530578,0.34545108997746476,0.26573409324639174,0.29932446910387867,0.3262426698908638,0.3216487953394899,0.39063255469609537,0.26342671576661564,0.31875655762627536,0.49153338413987185,0.36958460598129667,0.21589360143963632,0.5962667074038552
219,458.0,0.21003680276323786,0.11866472265178021,0.13610658836362066,0.24163041403135072,0.054115619911728315,0.2995087826012772,0.15467363244165783,0.19960598952003736,0.258696853725319,0.35673734825591863,0.19423967671402087,0.25509912422459974,0.09955120832310864,0.12875609032440458,0.2014313064987082,0.2648874008269945,0.11598733052165651,0.40435364907548993
220,460.0,0.17616066790461518,0.2356296252503101,0.21730573317880753,0.1851452009467,0.11553625474308274,0.1998317071011529,0.00578717097072649,0.10326472700628743,0.1834790406112572,0.24488842726704688,0.09961558474666234,0.005878589183031688,0.04977179383652925,0.06064373245071985,0.14471059337814018,0.15413422630172308,0.1037540271944203,0.0310378412663012
221,462.0,0.22853206260797698,0.24889868390321165,0.22802290678267056,0.07973182747348334,0.17479553400257555,0.11654158406954007,0.14906680152718796,0.06810455946032834,0.11820843951226458,0.07029878754950963,0.04630944944268828,0.21898628830850683,0.07635008398290209,0.10130240486734038,0.17341907785665917,0.041396631752162474,0.046638508272276856,0.34430190872378863
222,464.0,0.3488282767446289,0.16411384063721787,0.1627169550009093,0.0018709772618517191,0.15149348214416744,0.2209486070326468,0.21580526864288532,0.10224258322153261,0.0935722695860693,0.23463980816984514,0.09766543582125665,0.26147221274725474,0.07239775969253516,0.032843926573892124,0.08818850878605641,0.1574924373946103,0.13126116177787484,0.5420947577951404
223,466.0,0.3933248869806674,0.06167056890634979,0.045632342601736826,0.042512930504113026,0.06448155567012319,0.3900041263061661,0.21476955832410904,0.09799293496199304,0.09076106811022197,0.3157366633879057,0.16260337849952355,0.11335802818502713,0.08686902562258184,0.11825056896463533,0.2148456462114301,0.3020763802987444,0.21502344233385012,0.45660251640712685
224,468.0,0.2863798714803382,0.10961839957212843,0.110646864341017,0.012836038758890698,0.053957684910357614,0.4317905272581554,0.15729257156637666,0.06686922072513174,0.10247280359881124,0.20077779404560486,0.14424731676243113,0.2029080795849023,0.19070518249652088,0.33913414485510607,0.41199882792146214,0.37119020829236926,0.225723659747939,0.1677016042241379
225,470.0,0.056782592633751273,0.13752920576244887,0.21488767537181708,0.0678832452130755,0.06956379427995672,0.2695771206293739,0.03716957274603905,0.07492070667110098,0.11976967275457166,0.040308837121018244,0.12634967679742237,0.40274073699563034,0.36211349432102197,0.5240835342361376,0.5623211658735875,0.3756262363077993,0.21876025477556238,0.09095116674522422
226,472.0,0.19678282737622033,0.08144113857467944,0.25288885208663264,0.21475102141048846,0.10043633824727972,0.03586209977079441,0.05738170667920924,0.09211634489464265,0.15288475612521002,0.26661212743099555,0.2572129334479943,0.43584362822670986,0.5042375560910628,0.6103968019709348,0.7007206518818553,0.3852948037501407,0.24491249326923467,0.2718573692821823
227,474.0,0.3854694452276179,0.171951879035111,0.29099209249714,0.34406611989621894,0.2304995909355574,0.3504320381016672,0.199039613299274,0.10227793651392908,0.21088147855488723,0.35449363473852696,0.3585554264063029,0.316777811787965,0.5299276607632568,0.5788701754306133,0.785559590431339,0.4040674101257641,0.25671237650837875,0.27153931439506795
228,476.0,0.4345968483598793,0.3530298494015766,0.38415012772703233,0.400967111009938,0.3373963675794259,0.534864922601728,0.25510202983063063,0.14705801008202882,0.23948955594912558,0.27276812454272054,0.3344337469514563,0.18997249066306832,0.4227509755040415,0.4555419177213152,0.7039145111240787,0.3539786081862928,0.23756143059508553,0.15322594334424172
229,478.0,0.3667966455466045,0.43517152614567556,0.43346943686537454,0.36784227115813073,0.3624616937606139,0.4853278092562903,0.2111041606534871,0.17960458647458188,0.18862899649875606,0.1037398656776472,0.1999043005107879,0.1711495549710709,0.2601062975936123,0.29585182458380727,0.43817110395493103,0.20894797534976525,0.2158917490316037,0.025837111848638697
230,480.0,0.25073520934219995,0.3488208808527823,0.3504237886467918,0.2722671526214557,0.32768825297298865,0.26219687787162865,0.1287131105609047,0.13783850170231932,0.09738462963260014,0.03201107793468381,0.09799557716356512,0.14454745469508665,0.16791306171848216,0.17389883157085065,0.18835203969006703,0.04256313351285058,0.17215898216890552,0.012063481005355576
231,482.0,0.12098889959078318,0.13024932985510468,0.15473334687676957,0.15903610649527375,0.2683573079866573,0.14824177668994917,0.10734867444415222,0.03052915945438511,0.14665821848629118,0.046805154927571556,0.17425024275582043,0.07554195042729524,0.1317647528685347,0.15313405166565522,0.26469276304089,0.07517069306741693,0.0711940270627084,0.0292618113700092
232,484.0,0.0032400107274324686,0.11270314235274063,0.03088178076584673,0.06798141446018917,0.16725725926295795,0.2706194746531591,0.11927811572456065,0.11976639209588699,0.21698123997149235,0.08692459778000851,0.2100362077909916,0.020165757651548644,0.07982082749010048,0.16324540778911154,0.26422985445116337,0.08395391012912122,0.07004076648024307,0.052829397533373436
233,486.0,0.14813181167306125,0.24830066547482685,0.1169982183795908,0.06734834354416107,0.046428955597224715,0.28937443386170647,0.10750398594206474,0.19940210782533116,0.17775180862508877,0.20103572167100692,0.20270899034692227,0.06840420047871941,0.1668430334647145,0.15012661091348795,0.13525726008957095,0.025340909300018533,0.171345676111457,0.11721564809808317
234,488.0,0.22417435029487803,0.22245287399178312,0.04335564678871938,0.07659239920283215,0.15916324308608365,0.2549645144781361,0.1028588448799604,0.18195138304372743,0.031807986179021135,0.23593665780604461,0.23364819385547933,0.1923960348142054,0.28399590994628565,0.18009152281505636,0.24807411227220277,0.060084182729210775,0.18193885866012627,0.17892198659322006
235,490.0,0.17744176638448697,0.06902910028468374,0.11734327929108587,0.04328784119523303,0.25158464873904524,0.318065579337285,0.16552094713206603,0.15461522759494886,0.11399320316727467,0.17484319722677724,0.2854456423291672,0.3001469535651661,0.31959981553449684,0.2594320297335894,0.3683009411671841,0.06700520719472873,0.0990755960939825,0.19805743225827
236,492.0,0.0786477343552662,0.08230330913649687,0.2726058312678546,0.175787167836166,0.2577162386213244,0.39970847495852246,0.29037133400146486,0.2642510889187129,0.2611891252684087,0.22220059096339742,0.2966404978557081,0.32411126069558926,0.26437663205439815,0.29521278828419373,0.31398005155766706,0.0403264863097975,0.05895347532907727,0.20610120652660954
237,494.0,0.20674994932920354,0.19084317621966965,0.3164274364744466,0.3399073649074343,0.24117456631223755,0.40682280089483724,0.3962341299652513,0.3691553898889741,0.32140505058627256,0.37525905638535717,0.2569306008318237,0.25349311428121885,0.16320511949462893,0.24183099344534906,0.1694071822071538,0.1357838661240554,0.15828741554375395,0.28025347947774293
238,496.0,0.34155875935201446,0.21618172303845976,0.26027696527318206,0.4092487485737162,0.25423997357000006,0.3670658729630188,0.39160808867359365,0.35995726110028486,0.29999014500136717,0.4243246569960978,0.19100601156460162,0.14716533804109516,0.07436899278663153,0.13147738464410924,0.12656643873102322,0.19298207311860238,0.19803098827297907,0.3777848591795565
239,498.0,0.3882555631115456,0.21429581826867947,0.2163309909808448,0.3516019244245032,0.2576183999838472,0.3452540348365722,0.23644656911699566,0.21956852771259827,0.24407758454671996,0.3184208903659377,0.12981009904505186,0.10961100824904464,0.02905549137007859,0.08665822635907586,0.09913981884692291,0.1342011030453734,0.17364588222818467,0.4307253999108001
240,500.0,0.3889636783651318,0.2169091205652169,0.22000848213164698,0.2834594807336588,0.24952683252675759,0.34514590995507555,0.023109092554288117,0.0,0.2146764814459403,0.1981089213051749,0.10283591914832904,0.12259700357484543,0.016934448809340686,0.11011546764263783,0.0,0.009991474886779032,0.14602029952894766,0.44203572823758636
