,Frequencies,Sample 1,Sample 2,Sample 3,Sample 4,Sample 5,Sample 6,Sample 7,Sample 8,Sample 9,Sample 10,Sample 11,Sample 12,Sample 13,Sample 14,Sample 15,Sample 16,Sample 17,Sample 18,Sample 19
0,20.0,1.0,0.5553019083378954,1.0,0.4055666422977927,1.0,0.5510957879607561,0.8902340337249469,0.5805163416270094,1.0,0.5632079319963672,1.0,0.5059937588515205,1.0,0.6496704197259277,1.0,0.644021885720241,0.644021885720241,0.644021885720241,0.644021885720241
1,22.0,0.788442603452111,0.4566194220391421,0.8988401980759282,0.691121909391446,0.6260851402445292,0.8086077569050857,0.19772348834731715,0.7298398509647289,0.12214970231764807,0.47738777553033523,0.07212150724387764,0.5893645881913818,0.2689935686658253,0.37831911287091774,0.3584495994553607,0.0536829387381626,0.0536829387381626,0.0536829387381626,0.0536829387381626
2,24.0,0.29676143819697515,0.5759514042970599,0.3790105091435877,0.5258179486325599,0.09118307010849143,0.7092333462129231,0.4885357082510636,0.4233246718780142,0.779153775813672,0.4455352841884464,0.5670800893877511,0.8058427641070347,0.1929641068962041,0.6789272957688897,0.27656314898411893,0.35371645166155335,0.35371645166155335,0.35371645166155335,0.35371645166155335
3,26.0,0.435888341988329,0.19650242570307572,0.6025296950042711,0.5594476294924502,0.178747069081044,0.758042597221642,0.5924876813309053,0.32919950378876056,0.843048448556521,0.8102777163288281,0.44991640707580266,1.0,0.7236790987385187,0.5902482260917146,0.8411053846581283,0.8863789753090545,0.8863789753090545,0.8863789753090545,0.8863789753090545
4,28.0,0.7901142554187375,0.5492966448632244,0.7062083744616083,1.0,0.8826645956410364,1.0,1.0,1.0,0.6038121096761595,1.0,0.9534476141723672,0.7084261200914882,0.7404140300721057,1.0,0.5885185812989225,0.5742221171860767,0.5742221171860767,0.5742221171860767,0.5742221171860767
5,30.0,0.8022767358103755,1.0,0.3846841917594224,0.7267220996857987,0.9042282956563273,0.6743711321637924,0.3426550324543711,0.8117801708771817,0.6703235497818361,0.535572856799609,0.2631605311267591,0.5093211804556178,0.6327626480556704,0.5409361659472632,0.2857492169547124,0.43586080735236,0.43586080735236,0.43586080735236,0.43586080735236
6,32.0,0.490604471314812,0.9003950949966698,0.14598521356983593,0.08385710724633018,0.21474839927907788,0.17814490175495015,0.18388467252301938,0.1756913926647022,0.30810434988127805,0.49234093503236404,0.4788471950151125,0.3911361801249784,0.08889411524293114,0.2967056639435197,0.382598175886528,0.5441955695654538,0.5441955695654538,0.5441955695654538,0.5441955695654538
7,34.0,0.10357977927925119,0.3340431024841003,0.2386315659661382,0.4046393739314341,0.4850831947407959,0.36723146080314034,0.13604676789705353,0.18274557961578583,0.5093867304717639,0.7367740881824497,0.7677127413417687,0.8940326862878774,0.6342711009176861,0.5350197598669288,0.4797416330447925,0.5760790918538298,0.5760790918538298,0.5760790918538298,0.5760790918538298
8,36.0,0.40865178586240497,0.4232951954461169,0.17599274698345455,0.2813868586876292,0.27036761088147093,0.4068500415695011,0.318979868040119,0.36591263266652263,0.27270838633775696,0.4022400183458503,0.43107160710371795,0.5437825860625516,0.47178263290359174,0.41407361668135095,0.2679340496885687,0.22672666303575068,0.22672666303575068,0.22672666303575068,0.22672666303575068
9,38.0,0.5910073985438703,0.8211461685257727,0.20844040540233574,0.13989686984509614,0.17704015654455857,0.20685173690800757,0.1220303121078343,0.2915518444065302,0.5203486778970904,0.6581795352312285,0.6409737208675163,0.7747906304414021,0.6456107399020357,0.8292576588656336,0.7192117227205995,0.8933780251837592,0.8933780251837592,0.8933780251837592,0.8933780251837592
10,40.0,0.5325588973861652,0.7881667101668054,0.24678737037232007,0.2499755414413156,0.18358220382588822,0.13774965679802423,0.03690903323587661,0.08696835384091829,0.33258495673335836,0.41453427346097044,0.37991430077674215,0.40021995039060404,0.23714048393944062,0.33820928015464913,0.30800942884806454,0.25390838998541754,0.25390838998541754,0.25390838998541754,0.25390838998541754
11,42.0,0.3898376336092855,0.5502547355242032,0.19415188946701567,0.20047286529629743,0.1489031899777231,0.3342552168653696,0.3023471753493096,0.4870068273328223,0.47286258968253897,0.47789246620018466,0.4810418523750586,0.6478065173221118,0.6223547281807816,0.6759562049172462,0.5797897296536605,0.7381963230313481,0.7381963230313481,0.7381963230313481,0.7381963230313481
12,44.0,0.4377816586777155,0.5719674353371498,0.21633791268879357,0.23972793360561886,0.35114272887453435,0.5563627316657394,0.4948105805052537,0.5882256992470384,0.2541491839077727,0.2639132667150659,0.20067437370856445,0.13921542667271394,0.09409764306730815,0.09743141010924018,0.00755162819431314,0.0849944432578152,0.0849944432578152,0.0849944432578152,0.0849944432578152
13,46.0,0.5614776828952014,0.6831472641764524,0.44643843709833503,0.5587856519980063,0.7738411981295579,0.9448325112626996,0.6181169406720988,0.5690085101430685,0.506417481696326,0.5511996821243358,0.6024809926437705,0.8715159083627743,0.8003802560507597,0.8899112307224052,0.6730707983704561,0.629854590444433,0.629854590444433,0.629854590444433,0.629854590444433
14,48.0,0.5519030755597759,0.6428945819444178,0.6585786076935446,0.8518512829764822,0.9483869120843601,0.9225501428212102,0.4324163334049827,0.7354109999293793,0.7246425957092775,0.7930242472202356,0.6499723457752331,0.5435613267335707,0.41371655775790883,0.532740312855418,0.49545630146662256,0.48879148837952485,0.48879148837952485,0.48879148837952485,0.48879148837952485
15,50.0,0.39209392399986515,0.544352334678217,0.6406850018953377,0.7597454135097023,0.5660449375718845,0.5626925375720351,0.5983940915682925,0.7542922606375726,0.36747054495484166,0.3690941060757803,0.4852805420893889,0.687974632755438,0.430207234267429,0.44204415114235246,0.4675823062486904,0.6794266366361011,0.6794266366361011,0.6794266366361011,0.6794266366361011
16,52.0,0.16484254291727574,0.4237562028015545,0.39047159972341916,0.37373764120530656,0.13397199376399946,0.4082049741158984,0.34437158223639114,0.16293166030811085,0.37546511326161625,0.4592164491170462,0.29155236107167587,0.28994865464212805,0.4701584155830898,0.4724088916353652,0.32217312353621047,0.5563471750229949,0.5563471750229949,0.5563471750229949,0.5563471750229949
17,54.0,0.019284373063585037,0.22221304925640548,0.2625368903988192,0.27431350446900526,0.07291338757981103,0.3420156508153942,0.16422579538773208,0.10921082174429302,0.2700740672649975,0.3099404790502276,0.19592881628131242,0.5020142265490325,0.3343566084808263,0.3231991261008473,0.423927653852056,0.3897734049328485,0.3897734049328485,0.3897734049328485,0.3897734049328485
18,56.0,0.10624124143988474,0.2316339697535064,0.3215291028917918,0.22157033274971066,0.25912376746463256,0.41279722474626784,0.08077144456015412,0.34117901132537637,0.007064055301274923,0.08391831734077214,0.08210836862414236,0.19826597976284918,0.13115054032686307,0.04752726653209209,0.18404772641129324,0.07272718910840648,0.07272718910840648,0.07272718910840648,0.07272718910840648
19,58.0,0.1064237761004041,0.41757510746110227,0.1786939466550905,0.03901405425209456,0.1712382022124941,0.13312008793143057,0.23210615733627163,0.11554387519811621,0.28419444635429014,0.3327533803688813,0.337905608974465,0.4927649274834102,0.18368088703246713,0.30682186796518146,0.11292824297051303,0.32836008988084464,0.32836008988084464,0.32836008988084464,0.32836008988084464
20,60.0,0.11129800793262884,0.40240852531456317,0.16732169159196578,0.19708412454700416,0.20791745670444822,0.27243688324093507,0.2771412227489726,0.1528759903270437,0.35935907200151146,0.3911392033771454,0.4909942868871823,0.41485075799885884,0.4398997070185962,0.40584867781412665,0.4174635016317817,0.2981885832140495,0.2981885832140495,0.2981885832140495,0.2981885832140495
21,62.0,0.1426017222970877,0.1817249384606801,0.32274142019582847,0.14861143677689215,0.34223659682099694,0.22725812489999803,0.40472191990677325,0.32007649750154316,0.3538547986859985,0.3237344168325782,0.4125736594534391,0.36513639724700375,0.373687300943129,0.4380857428342214,0.401746543107908,0.57452495751098,0.57452495751098,0.57452495751098,0.57452495751098
22,64.0,0.12372477509001427,0.1411019322100015,0.25917463229584586,0.07313691942227617,0.14063872919014672,0.11889217578165104,0.15614364346930548,0.24483425044355847,0.046428520039527924,0.037948905922025725,0.20158626949869432,0.11949737852506362,0.15887510323713153,0.19905636515308045,0.1620941545355082,0.35127800766816236,0.35127800766816236,0.35127800766816236,0.35127800766816236
23,66.0,0.04292560677684046,0.29348642569451855,0.2135223117333214,0.022097872532657672,0.10541178086789744,0.08698657336233964,0.14351614531281418,0.24994420322267566,0.07150116537360739,0.09471374433651386,0.23752069273191193,0.2385238356773919,0.09605641705969442,0.22330420696846437,0.09076677901102648,0.20320668391303792,0.20320668391303792,0.20320668391303792,0.20320668391303792
24,68.0,0.06598942433141598,0.250088860097469,0.3401221639800605,0.20438729324922694,0.08926420212304809,0.24704437874615998,0.24120132635620078,0.2028812283555687,0.06745145404131213,0.04340983837489316,0.09423446392087022,0.22772478512308605,0.07482823919084873,0.014497315477001813,0.06028441524508844,0.21419174678209674,0.21419174678209674,0.21419174678209674,0.21419174678209674
25,70.0,0.12855094886507226,0.07296830168827442,0.32165660853377487,0.3077431242633028,0.2332482756441228,0.2980914321006638,0.3692271206348324,0.589581297781345,0.35771816799624134,0.42840780430381514,0.4540950119055801,0.6916427059501676,0.4373925251059492,0.4080874285145377,0.4275820623497636,0.6277520797514525,0.6277520797514525,0.6277520797514525,0.6277520797514525
26,72.0,0.10789212169867189,0.08774052226136561,0.23614957644849957,0.2686957231079554,0.2641014962366198,0.28797531089431233,0.20860633474063214,0.4691692973109721,0.49864445726362466,0.5480406180988199,0.4020708439011445,0.5044211662476981,0.5220939166691264,0.6370191858393293,0.5174160212332483,0.4564896665800359,0.4564896665800359,0.4564896665800359,0.4564896665800359
27,74.0,0.05333449774563143,0.1029106567576748,0.2726446521152025,0.3296470476658869,0.3532923555386781,0.4062517813605686,0.14662018054577608,0.2135828596245077,0.372819118946375,0.35945072765236663,0.3281323201701614,0.2681971262102958,0.12246844738204805,0.15267317396411764,0.1169996043161129,0.24431377243610247,0.24431377243610247,0.24431377243610247,0.24431377243610247
28,76.0,0.1717100464960931,0.07781183119907074,0.22868953326106123,0.32317909464700517,0.3164584624192003,0.3788895764410372,0.2188124408820704,0.2599433905292721,0.15665029982091513,0.22219490270397135,0.15030207541620072,0.045461307251655904,0.026462362769938474,0.11062277979689222,0.00012705250025235842,0.0927094718853074,0.0927094718853074,0.0927094718853074,0.0927094718853074
29,78.0,0.2920175976987764,0.2711880761689287,0.040227002913411365,0.10243383084051172,0.005857638932882412,0.013783675816789808,0.047665777950262056,0.20173723682579808,0.29936424153763447,0.27018063542769527,0.3102972880443849,0.4495656723742935,0.3629562085951585,0.44219905618603705,0.38007184570469954,0.42917339252149106,0.42917339252149106,0.42917339252149106,0.42917339252149106
30,80.0,0.3438508419767341,0.41817722103711663,0.1381207777735311,0.1405378555340793,0.17363870689376923,0.2801244366367698,0.17734949709701847,0.28689662282263473,0.2850789726666069,0.28350975816844937,0.3235895326298293,0.4885015237672853,0.41644859268266043,0.5379737270145318,0.3776259158188406,0.5315641792162865,0.5315641792162865,0.5315641792162865,0.5315641792162865
31,82.0,0.34721507740100505,0.4731851420065344,0.25935027364485214,0.27827896082619175,0.17454613802647523,0.19455934298717178,0.13520795490214188,0.27444424897211933,0.3406649140653585,0.2423738816423367,0.22230065767406632,0.2630484053308049,0.19832984731234146,0.24334943742002263,0.1596825562156766,0.0614284403302266,0.0614284403302266,0.0614284403302266,0.0614284403302266
32,84.0,0.3748705284729149,0.5351108039480159,0.34056534330434046,0.33561423240256394,0.16779615602877113,0.18455666950090496,0.12453982494692309,0.18678749893708604,0.17637453244861645,0.11943596307032406,0.1525031589193053,0.24763857017081436,0.18224370121965647,0.2247586587501528,0.1489275753476725,0.07968389431762396,0.07968389431762396,0.07968389431762396,0.07968389431762396
33,86.0,0.42704838148011465,0.6207476269893721,0.42282054694782895,0.3916461559359266,0.450841366805742,0.6623381770337587,0.49181796502672503,0.7118541697098758,0.6631336968073869,0.5807192504104007,0.47797395655860564,0.5423922736139681,0.49906521114635477,0.6404211644874434,0.3803285830433461,0.36567517924553233,0.36567517924553233,0.36567517924553233,0.36567517924553233
34,88.0,0.4173452433493889,0.6024533984844453,0.42698028777575836,0.4475347089236253,0.6724518047575858,0.891277720628297,0.5515941722678511,0.6432522088630532,0.521419157264431,0.6923237735895454,0.715088571115708,0.9212832074549597,0.6444442748434211,0.6738311508069544,0.7703562553755796,1.0,1.0,1.0,1.0
35,90.0,0.2929786236291385,0.41314666255267357,0.30782370600744174,0.4268431476696191,0.47803784358890977,0.5027503424671391,0.25045554447306595,0.3146486381746993,0.24195647794855263,0.11695249795055647,0.042799537321060344,0.20121568318689884,0.1531884435696778,0.153391506959271,0.24325269843006994,0.40178397288201706,0.40178397288201706,0.40178397288201706,0.40178397288201706
36,92.0,0.07652229377662961,0.11005176833375274,0.10283226019063393,0.2352123610328233,0.10679028126512315,0.09411260973993113,0.04310673950183882,0.17717810236645037,0.1803096798997825,0.2707830323837076,0.32854171840506124,0.3250079630715504,0.20568177942843122,0.3135828632988922,0.08619345663915229,0.017297852001306055,0.017297852001306055,0.017297852001306055,0.017297852001306055
37,94.0,0.14342876604811197,0.16589848535112003,0.12529038549351953,0.2806641923009295,0.16254096676778523,0.06814190999287592,0.14075222398563353,0.28014673971040377,0.2597760661404972,0.42525197952190125,0.41425927903221565,0.287988457519141,0.3553944296921087,0.4369192184861166,0.4216315707695583,0.6194494442441574,0.6194494442441574,0.6194494442441574,0.6194494442441574
38,96.0,0.2917678276325194,0.35826956463391296,0.29038358508390233,0.4583014732115282,0.1924562372103916,0.3819803076594285,0.13055125838290785,0.08364741725483252,0.0347959468505823,0.11426870621806468,0.11234127403643385,0.060345441347839215,0.08693933385371297,0.0813140953484855,0.240770807553791,0.34837637442161795,0.34837637442161795,0.34837637442161795,0.34837637442161795
39,98.0,0.3103720763825382,0.3947573211150923,0.3217190462183268,0.3728066162152434,0.4029356032643134,0.6079474672409594,0.3483703033391727,0.5714658249846467,0.5017434041037999,0.6926717760674238,0.5572601630849381,0.7742887611318342,0.4954459271616826,0.5734828249645159,0.35101183248828466,0.30723404654570335,0.30723404654570335,0.30723404654570335,0.30723404654570335
40,100.0,0.2589885153171656,0.33814040053599476,0.2683789799133855,0.19426365910585178,0.40608444265203314,0.4859199276060698,0.45121312473627934,0.5862190347894793,0.5054784311551289,0.5401513722240254,0.49419788364109735,0.6420695299163085,0.532942916265924,0.6460198885813553,0.7046502970516777,0.814829558672938,0.814829558672938,0.814829558672938,0.814829558672938
41,102.0,0.3195262915040305,0.43184209533226053,0.30286689563382124,0.1271043466014124,0.3670789083121743,0.3387527585690569,0.39081837364205363,0.3880850876251579,0.27703932231773537,0.16795604851204501,0.22538490650840634,0.14816347522666118,0.10284807012481881,0.08154623281567235,0.11484940715404139,0.02257010410999607,0.02257010410999607,0.02257010410999607,0.02257010410999607
42,104.0,0.44761431980398475,0.6612414152150208,0.3535551620184851,0.2901066895512268,0.10168516171655684,0.14618899955362796,0.0863971486689833,0.11328005316664118,0.11921320255639116,0.1090533438484341,0.15474788252350194,0.024550990923425095,0.1573889657008939,0.10619242557975808,0.20040188794417402,0.1021098416984135,0.1021098416984135,0.1021098416984135,0.1021098416984135
43,106.0,0.4705881693693773,0.753256334527522,0.3178346842079032,0.500194078445072,0.43517320154057193,0.5944967289046217,0.5727366843276045,0.6036609063020635,0.4192978468461098,0.4968105805499578,0.39396761620399046,0.5697564038123918,0.547500880088197,0.5617570010518301,0.5243369628924665,0.57535036374959,0.57535036374959,0.57535036374959,0.57535036374959
44,108.0,0.32741889920384476,0.566519103649467,0.24427022980536606,0.4278895373245873,0.6038112504920152,0.6484426843916601,0.4470183324469331,0.5516347034494429,0.5120645339822169,0.6022287710661876,0.6086680641424252,0.5976007896839752,0.35389461705016784,0.47962631494059327,0.5307386900531385,0.4937554272248087,0.4937554272248087,0.4937554272248087,0.4937554272248087
45,110.0,0.09301754600584199,0.24686315912112547,0.11119758871063035,0.18762667063732666,0.368150642310048,0.35416609281456035,0.0971529314147127,0.22469258528523464,0.2489830700830478,0.2030970084732132,0.21191835231796027,0.3731632133603529,0.34603528619138313,0.3406414037500302,0.20931656262189266,0.31822941872122523,0.31822941872122523,0.31822941872122523,0.31822941872122523
46,112.0,0.27905273210521053,0.5270123639340891,0.2105651055796373,0.32541917869437254,0.483771719308893,0.4746042383277417,0.19292750368689948,0.28693122142136046,0.14182171901078938,0.16086384412876065,0.14816927406432115,0.06933161944874505,0.050978097297773244,0.038936229564120295,0.09167040040977104,0.07408847242591922,0.07408847242591922,0.07408847242591922,0.07408847242591922
47,114.0,0.48689572296228856,0.8347307946696474,0.5139811760515108,0.4339890170335123,0.39063522619324104,0.4517052812408676,0.4353253274871507,0.46946984087668164,0.4793026579721851,0.5138519125568016,0.4811483181299597,0.644745554179865,0.6032110574101991,0.7146959054859744,0.6436021671381635,0.6700983413737004,0.6700983413737004,0.6700983413737004,0.6700983413737004
48,116.0,0.5204923122711832,0.7920281009361405,0.6138468472892256,0.4922524107358382,0.4146324733693777,0.592626636399793,0.304077653079506,0.4746552105022061,0.3033835583463444,0.30526117086300103,0.2814506858003061,0.35072610345052224,0.33665738200656486,0.3791696252988755,0.3065170358155364,0.29385263356728775,0.29385263356728775,0.29385263356728775,0.29385263356728775
49,118.0,0.3671524918279727,0.41070728627623593,0.3975977316419887,0.41256920509391387,0.48348329003885504,0.5172015513780198,0.33363611095270507,0.3601249636785456,0.3899540019641663,0.42315209480337757,0.4016881819308774,0.4000767254552545,0.22523028442881102,0.24131900143019033,0.16497129036793143,0.18288794306861536,0.18288794306861536,0.18288794306861536,0.18288794306861536
50,120.0,0.09665634765816469,0.06365398083301495,0.17673179876784634,0.1665790810954499,0.21694034755168978,0.1771191101815942,0.17774081625697893,0.16496402288561487,0.22537458200188806,0.1539952306433301,0.13656175329633186,0.17897142424876464,0.22525041832849543,0.29641298005893296,0.29908690421860495,0.37911413947584993,0.37911413947584993,0.37911413947584993,0.37911413947584993
51,122.0,0.16812918047401146,0.42444655531959746,0.4263027596877766,0.4408612595480777,0.47979135270597645,0.4357041157198801,0.36795954692561195,0.4403915895115548,0.2970295800066962,0.29233403403944314,0.2600130348573619,0.27835845506115703,0.15023641055323478,0.1505895564233348,0.08282866476549346,0.03233949439372572,0.03233949439372572,0.03233949439372572,0.03233949439372572
52,124.0,0.33188852546199504,0.47155867967019743,0.43722241960918007,0.5397759204432407,0.5083043649976293,0.5442262840675883,0.31909941195213776,0.48655520441704264,0.4018288539150335,0.47580237804380887,0.46127545855065594,0.5889107095710903,0.5537584168011664,0.6727964782026242,0.5550521265432453,0.5867660407275026,0.5867660407275026,0.5867660407275026,0.5867660407275026
53,126.0,0.3298593110932917,0.2387100029008615,0.1755128641065093,0.275017841895595,0.21238616482933145,0.3974107081460709,0.23212515563517083,0.2512152645112695,0.32321553675480996,0.23276062624884336,0.18023537612334106,0.1321926197006253,0.08068129406544677,0.1494895042727642,0.1270849375162745,0.15017864712274887,0.15017864712274887,0.15017864712274887,0.15017864712274887
54,128.0,0.17870366305809568,0.11080258701362135,0.23570742585860713,0.30118803879032485,0.2224302081844333,0.40547723834467264,0.26570221626571733,0.2643780463349953,0.22332790428143004,0.2168949360653033,0.25629280613962213,0.3525839562102791,0.37405784083869764,0.4443139306137547,0.3263587378593859,0.3428387138125866,0.3428387138125866,0.3428387138125866,0.3428387138125866
55,130.0,0.03518523600660445,0.3065119851464632,0.3772610629167904,0.45401025171534626,0.46147746278289464,0.7117731487838128,0.5069362359250108,0.6022101918080797,0.3700294162786394,0.48023429285941416,0.41675256205861894,0.46568471324958494,0.25866401877877987,0.3010868199119824,0.2894815020942445,0.3124604670336513,0.3124604670336513,0.3124604670336513,0.3124604670336513
56,132.0,0.23285373126031705,0.30568580160725,0.24765438515765997,0.2850914686086386,0.3836577149733235,0.4930738653284939,0.3162631351404043,0.47776762417935,0.5134112028949116,0.42170529135588963,0.40012712237623616,0.5340249949794286,0.4958307861077963,0.5130344627583467,0.5139806006948416,0.6707671678641312,0.6707671678641312,0.6707671678641312,0.6707671678641312
57,134.0,0.33588489338151795,0.18656345262547913,0.08638491147929278,0.1182002389207366,0.2162887092475809,0.3069415758042784,0.16821060626284273,0.3059617424731757,0.40032542051210396,0.35059111596730486,0.40701184391529605,0.5909475317181432,0.3706978015004276,0.41964247029936225,0.34726744382655156,0.28327047833229874,0.28327047833229874,0.28327047833229874,0.28327047833229874
58,136.0,0.3377197835421232,0.19876291010426236,0.28631851868147284,0.31074703184984764,0.4465404138260501,0.46832634962698505,0.2829450821912145,0.37278441246777355,0.32085855325756424,0.43738958476235484,0.39213845540871495,0.3395204999827677,0.2970706941052449,0.3868511012783761,0.35378697755216115,0.49771837170494754,0.49771837170494754,0.49771837170494754,0.49771837170494754
59,138.0,0.3023130797443758,0.28670541746652495,0.39009530205760273,0.39344731578743086,0.4916800456011607,0.4310065085861875,0.32345365745462995,0.34118793428977234,0.2272611173297737,0.13407892846097283,0.20115239591784423,0.3639591289745374,0.16826341411517176,0.28965029667000675,0.17328247115486267,0.30418394664848475,0.30418394664848475,0.30418394664848475,0.30418394664848475
60,140.0,0.3037341563267732,0.39721834924508903,0.44865725543800344,0.4456307192353739,0.3962903005870825,0.43281679863418016,0.2891497175158944,0.42402487389440474,0.4909501397801868,0.5531189866660992,0.47270183506950386,0.3856084241612078,0.41765882262544435,0.38796629865156657,0.3790541310954061,0.3087322978037936,0.3087322978037936,0.3087322978037936,0.3087322978037936
61,142.0,0.3151349863240563,0.5515795641265968,0.4872315507562239,0.5040218015715386,0.3302395989744176,0.5263136066054941,0.2915449562620329,0.3734356463930812,0.21493442620763156,0.31361598689815123,0.27834620322911235,0.49946608237752577,0.2868909704728175,0.42033548506634727,0.4323274665087599,0.47421193185475874,0.47421193185475874,0.47421193185475874,0.47421193185475874
62,144.0,0.2722988534071254,0.6243914598768049,0.41064671306226325,0.46205575228455414,0.43735062967462396,0.5454770425466277,0.40823520466051855,0.48097782163322234,0.466874948464754,0.4974979353653806,0.38513924490801477,0.46203484653927596,0.2866065788500943,0.4237833752790576,0.3773949293487286,0.42983026465151936,0.42983026465151936,0.42983026465151936,0.42983026465151936
63,146.0,0.16696063811598189,0.5195482751037934,0.21356280713471973,0.2756310977226748,0.407310253753168,0.40520748099303594,0.3045804786813764,0.44564712776582194,0.47077299059649197,0.5849770486280269,0.5579968901597323,0.7894721187887102,0.629402506210503,0.6524135340843348,0.5892534540435578,0.6491004454749478,0.6491004454749478,0.6491004454749478,0.6491004454749478
64,148.0,0.044257538598712114,0.28886864408812213,0.06382517988729801,0.12154967156270916,0.259704587068398,0.24622308635936044,0.14012573130318573,0.22780517381086982,0.20878326239727338,0.27947674564471464,0.33524131195169515,0.33688649492229156,0.3614418034284717,0.362495902528096,0.20748518001782923,0.29334751726224256,0.29334751726224256,0.29334751726224256,0.29334751726224256
65,150.0,0.06870100663552439,0.19424919113838254,0.1376564780502712,0.20108646044473028,0.34734593816198417,0.361934732530845,0.16649404512903393,0.18012418906911187,0.008729885055960623,0.020305294001296683,0.0918592688691576,0.13445280737471638,0.17477518381280216,0.16389122576374116,0.11890676065941119,0.06214076667986955,0.06214076667986955,0.06214076667986955,0.06214076667986955
66,152.0,0.10954031559680952,0.2978783424786226,0.12753726024060344,0.1821049568149568,0.2919639689560545,0.32741744254829797,0.17324301972933287,0.2323242371091106,0.31287771236294987,0.3847853431093136,0.42389434260297104,0.317264442137469,0.27968949870280596,0.41292970650852223,0.4561061697121706,0.45507819165302854,0.45507819165302854,0.45507819165302854,0.45507819165302854
67,154.0,0.09845337953745308,0.31634878496031565,0.05791903218494942,0.09376918970499278,0.15573352297584617,0.1825941506051349,0.13471741919020516,0.24605836544418677,0.3170175157704766,0.3869955806714489,0.34073927619759375,0.3774008819920864,0.2396241649363451,0.19867726674009833,0.06975587168635873,0.11021060337474459,0.11021060337474459,0.11021060337474459,0.11021060337474459
68,156.0,0.08945040374685569,0.28686820209603797,0.030188005832193214,0.06955078417436507,0.11572293965660235,0.13383933801026648,0.12903373614041683,0.2377452352538532,0.2599316746152195,0.3198637969189421,0.22830068848542295,0.4322557597769329,0.379165467451708,0.452803036573812,0.45593669728512176,0.4743784412817583,0.4743784412817583,0.4743784412817583,0.4743784412817583
69,158.0,0.12314141431611954,0.3182358628533927,0.0,0.041798342369265495,0.08578782291357238,0.09291724540777047,0.10957386179324555,0.18975037338791628,0.17644066727429017,0.22513865833161317,0.17805327290707856,0.33273090019493456,0.3237290654589724,0.4469779005670077,0.4487290644768824,0.5598907361617216,0.5598907361617216,0.5598907361617216,0.5598907361617216
70,160.0,0.15213126550298237,0.3584076368754103,0.05873029265061689,0.10394767624429356,0.11113001343955267,0.11430743324064785,0.11648453066256452,0.11354818196226409,0.051336998348500876,0.12208787086477933,0.10459774292791924,0.2019161767841596,0.21309650716769887,0.309258581683986,0.2808911995585921,0.37096072651256495,0.37096072651256495,0.37096072651256495,0.37096072651256495
71,162.0,0.15225042549700799,0.34100469645072495,0.14979630850251097,0.19145988615392598,0.08903575079252156,0.15694133773514254,0.031142628575791503,0.13807861408385633,0.2511804185820397,0.32718422419995974,0.34355325306513723,0.3366890173787348,0.2719114207014357,0.29362519229820444,0.18440626489775835,0.15452399862063396,0.15452399862063396,0.15452399862063396,0.15452399862063396
72,164.0,0.13830873833817153,0.2911870938254723,0.2139601665523595,0.2409927159395624,0.17249104650488964,0.286763634151096,0.1975305335076069,0.2997216755711275,0.16190636615454104,0.08362583106687572,0.14365146027300058,0.0724732323227956,0.06985340847531445,0.13410385069844238,0.12203951738566925,0.16540428703349427,0.16540428703349427,0.16540428703349427,0.16540428703349427
73,166.0,0.13490806023343838,0.2540538931759737,0.2641626441912759,0.2800722349594363,0.2984939674971644,0.3787107593009851,0.2965972436148308,0.2557703630403545,0.21315742345263095,0.35481739294559156,0.39015605795991426,0.3232982848422771,0.21486818993005768,0.23673164968017923,0.2554837854999268,0.32762474205142356,0.32762474205142356,0.32762474205142356,0.32762474205142356
74,168.0,0.13765808066605525,0.2193576147425769,0.3117057261113831,0.32553348815391026,0.3815467047951171,0.4046719559448005,0.26512425101724585,0.3547701424416683,0.4586429315241742,0.44554299912763556,0.4470282756619417,0.5143126578328464,0.42644906822105544,0.5087552453628427,0.3808705829098431,0.38150811329354506,0.38150811329354506,0.38150811329354506,0.38150811329354506
75,170.0,0.12169628227242665,0.15660341078918488,0.3203911282361299,0.33863626266096547,0.3567603183664431,0.3649611405078032,0.19268792907879081,0.3810914605482973,0.23181869667631802,0.16039843605222867,0.13192482159929927,0.13379033433295556,0.10782255875770659,0.11612524809304907,0.15413607089007494,0.20660122826303132,0.20660122826303132,0.20660122826303132,0.20660122826303132
76,172.0,0.07340337016397731,0.06640816460761874,0.26598841840439785,0.28755608757903595,0.24100805203854395,0.3023004287490525,0.2037108496133173,0.14885227576088692,0.1745328030741331,0.21890855280945945,0.23969601791623624,0.31596169694445375,0.2951263554374843,0.3345260680732377,0.3094174026261496,0.38619626516175737,0.38619626516175737,0.38619626516175737,0.38619626516175737
77,174.0,0.0,0.0,0.22151179122904346,0.24636250737560988,0.1764240384602262,0.27913143420615194,0.20820674782676707,0.22274819415018685,0.3423921818445863,0.20779813164940983,0.14626213297167076,0.15693990438165945,0.1011526490805648,0.12190594992747394,0.11527258481308013,0.10653897653275686,0.10653897653275686,0.10653897653275686,0.10653897653275686
78,176.0,0.08617901698004937,0.10034487399245355,0.2872933303269937,0.3168588745887062,0.2666757137106681,0.3943017870510013,0.2711719251132526,0.4703311611005315,0.34157351675575787,0.406833420467189,0.4558503083417229,0.47123253687922206,0.40752470696236953,0.48046987211527115,0.4828237833941496,0.5694347772861721,0.5694347772861721,0.5694347772861721,0.5694347772861721
79,178.0,0.16617021699222864,0.20328914687365268,0.34015807328798464,0.3569052720980399,0.37293451908211,0.48300501310647653,0.3005622543744059,0.4601675177013189,0.22651051889318113,0.33105450446077495,0.27097838335693303,0.4251395979135836,0.3441372592746759,0.383864499701443,0.26939368718245293,0.2623619613193933,0.2623619613193933,0.2623619613193933,0.2623619613193933
80,180.0,0.2101549564249722,0.2898323391369595,0.2641674795919686,0.24969645024457798,0.29663444685515683,0.34722885504240064,0.2061727466147,0.12790050751190285,0.278110535568029,0.2195102101310937,0.2753764986522425,0.3197545121013144,0.3005218345753763,0.3409011583337489,0.2580618596524512,0.241686979668881,0.241686979668881,0.241686979668881,0.241686979668881
81,182.0,0.20235826162376214,0.31617456171496955,0.07331099657386751,0.03470889197892473,0.050291327607736046,0.07068430565866135,0.01756456558985838,0.11261653004449627,0.0662793773692488,0.17699134352536033,0.1774010095948073,0.3011690600375094,0.2376698810135018,0.24787996781495783,0.19609965917432548,0.25839003903131685,0.25839003903131685,0.25839003903131685,0.25839003903131685
82,184.0,0.14533948372692412,0.24653128862928456,0.11956591560209308,0.13509606055446802,0.1810647333634045,0.2506470216164792,0.13730677883363065,0.23057794552179528,0.12371148408783751,0.2892487105430438,0.2343551477012275,0.3298050344327987,0.21609987772693975,0.28105416266268585,0.31447059055250837,0.3363460326237057,0.3363460326237057,0.3363460326237057,0.3363460326237057
83,186.0,0.06474907955854867,0.09084458748783916,0.2131978129841293,0.18882320897771113,0.18954206622977718,0.186632641397826,0.12620442686047306,0.27792265874596744,0.14123910257328404,0.03030089301942438,0.07528656666134173,0.15712721241522395,0.12202310856515414,0.14477480133791015,0.1954679009286965,0.20282788283700146,0.20282788283700146,0.20282788283700146,0.20282788283700146
84,188.0,0.04099042843224054,0.05303325800175234,0.15308418779832295,0.10380192338586731,0.025517382203942354,0.045084278513152304,0.0019115084600747462,0.06926885220766954,0.06101617297261578,0.17473617892587726,0.13277426939217757,0.14999112111314875,0.07755640833536749,0.13160671143127578,0.04730308122217549,0.027373131257896442,0.027373131257896442,0.027373131257896442,0.027373131257896442
85,190.0,0.07583253108147639,0.1626100004151497,0.10800923184407638,0.06221258409696905,0.0,0.06678443204402866,0.0036351176295893388,0.10989952592229943,0.07368794591159131,0.16436268270452475,0.12970131056921158,0.11265580959864377,0.08236264680009248,0.055170717301137345,0.062139717268724096,0.08344223608419811,0.08344223608419811,0.08344223608419811,0.08344223608419811
86,192.0,0.07848911129776776,0.143136855628515,0.2049176847576531,0.15239457296398548,0.08722928751419547,0.25628943702812435,0.11296951254962144,0.2370418662038761,0.163635903823061,0.2286848925642487,0.19867736385277043,0.18137300821626443,0.16509129536329287,0.12567356925575898,0.1768306666593341,0.17849069489153124,0.17849069489153124,0.17849069489153124,0.17849069489153124
87,194.0,0.09321061751298562,0.05342913679295872,0.18170595631373476,0.1575107856405582,0.1884360961374111,0.3598222356300614,0.25792110271734975,0.2515915742673101,0.3035800952807647,0.40177077569556546,0.37398375293408637,0.4252950062830186,0.3641467136855772,0.4976909329922633,0.35022548225839134,0.3978214149303437,0.3978214149303437,0.3978214149303437,0.3978214149303437
88,196.0,0.1696872942529992,0.22921218422009582,0.0027520654789618742,0.06773933409562756,0.07044042427327905,0.09486343583822171,0.1125348437482836,0.09541596084836217,0.09591468619051419,0.08569338791565223,0.08075041306988205,0.13101741330850342,0.05063333848589965,0.11821754223829511,0.10710024812035447,0.15117924959197085,0.15117924959197085,0.15117924959197085,0.15117924959197085
89,198.0,0.2593711050260946,0.41999784146957697,0.2065542969416492,0.1579665043795683,0.15485504894298638,0.3886423962941902,0.3187472163812992,0.360228846270302,0.29524819980001815,0.26434559662078244,0.23937985927542843,0.25720187963645963,0.24006521017945434,0.30243694478058175,0.17094245532300217,0.20592678406705,0.20592678406705,0.20592678406705,0.20592678406705
90,200.0,0.32032945098023424,0.5121525915652925,0.37296279166822727,0.34293244556921104,0.3899215039788104,0.3744718983136681,0.30846300584616515,0.4913460144417723,0.32438125016222324,0.39764175110058714,0.39037985684250825,0.463545138795274,0.3308612230035314,0.379950964073822,0.4163148659272085,0.45177646923532133,0.45177646923532133,0.45177646923532133,0.45177646923532133
91,202.0,0.334345134808675,0.48596305307601345,0.39157349448909673,0.4250833076829003,0.4070674500025978,0.3413015842764481,0.15257501247435823,0.12192719902835862,0.13403464237236154,0.15363399645877238,0.1780038689416169,0.19637035324315383,0.16976793807921467,0.24508330788567942,0.3062391593461382,0.32764093990217685,0.32764093990217685,0.32764093990217685,0.32764093990217685
92,204.0,0.30215940916257833,0.37889668395591974,0.27822135152895905,0.35487542169782965,0.291690870806131,0.5797641113723868,0.4917802626994318,0.7224449558709255,0.5211368047000712,0.5670243308305255,0.5046374053596153,0.5962638764785645,0.45419725261649685,0.5618560018244186,0.4958723480238797,0.6151259491834796,0.6151259491834796,0.6151259491834796,0.6151259491834796
93,206.0,0.23635867593045715,0.2572774647033637,0.11469471640224078,0.17226292100092355,0.1632353184067874,0.4031295372036483,0.35993204673346013,0.5518316692058841,0.39571272485913417,0.373312909660701,0.3302471511607265,0.37243045380356776,0.3280198548986104,0.371986914405138,0.34264570147428003,0.30885963851775106,0.30885963851775106,0.30885963851775106,0.30885963851775106
94,208.0,0.1527056132897677,0.17892008375110974,0.059244256383212665,0.010975023685257988,4.536408964334249e-05,0.2178004726550611,0.25143710372249894,0.41266624299188653,0.28479098247699663,0.2977326131081056,0.32324642027539174,0.3845572625133411,0.22448700090051907,0.21660169634091472,0.21690617313158536,0.27057218223794827,0.27057218223794827,0.27057218223794827,0.27057218223794827
95,210.0,0.06855853195433695,0.14200585315204822,0.10981010307318984,0.14049550434856245,0.10071299234289981,0.3801035542027887,0.30891969017466114,0.3720398028534388,0.32928559000348295,0.439127562148937,0.45318768820641103,0.5294528446126635,0.4367082056770448,0.5888443991091611,0.5961019735381977,0.5896497590836025,0.5896497590836025,0.5896497590836025,0.5896497590836025
96,212.0,0.05432947266982098,0.09904886627811443,0.08511091489088697,0.14630995489550438,0.16201858201574187,0.19383302370019298,0.09313311335148966,0.07892021311798872,0.10540900029368992,0.20281135935951275,0.19356338889126753,0.2120510209582686,0.24310382681789794,0.29671904147805156,0.15945856643583348,0.18668244464731598,0.18668244464731598,0.18668244464731598,0.18668244464731598
97,214.0,0.12237503164783424,0.09153401046527769,0.0235613370505578,0.02701936880985548,0.03985873670203879,0.17882183615274413,0.17545029895649503,0.1479728701029618,0.20081485931770013,0.261402762016652,0.1919317610935598,0.20553222641756,0.1875839954725761,0.15081631775272583,0.17620815667538103,0.1627604064428651,0.1627604064428651,0.1627604064428651,0.1627604064428651
98,216.0,0.18092986270601366,0.2035182143342126,0.12510604520629,0.12889755982161036,0.1216013909631953,0.19074237078470624,0.023156970117798027,0.08274613504202237,0.04653230646149977,0.12393378836432888,0.08532058896994212,0.077623336402826,0.09433148037702549,0.05293488826888287,0.15719491841951905,0.08692252637704126,0.08692252637704126,0.08692252637704126,0.08692252637704126
99,218.0,0.2141098369930521,0.33059638736088265,0.21478977556960752,0.26435840358070634,0.28427889958346114,0.1837063632982016,0.25102082793259006,0.19773354905408846,0.2780311986222787,0.18232883163273883,0.18001243584940416,0.2239373122306035,0.2158936513485372,0.250815818589032,0.15103275159421206,0.1615475348603157,0.1615475348603157,0.1615475348603157,0.1615475348603157
100,220.0,0.22278913392184996,0.3938497197507544,0.23069043559478833,0.2769195667656533,0.26820622257400284,0.502953206306173,0.27034773736295226,0.3520003510622431,0.16552877828952714,0.3142802426826536,0.2657640873796193,0.28686975271953224,0.17375340060267558,0.2385285990427303,0.16061909769674557,0.21345193285260747,0.21345193285260747,0.21345193285260747,0.21345193285260747
101,222.0,0.2201873289997388,0.3573639052360682,0.18145187920096825,0.1790223832324862,0.13958336605251156,0.34355141683968005,0.11425036813617086,0.2655485183780509,0.2706309550093401,0.16730614068695607,0.18757523587848363,0.23014134607809444,0.22123160076370446,0.22642239114824952,0.3436710545728271,0.3381433632827175,0.3381433632827175,0.3381433632827175,0.3381433632827175
102,224.0,0.22237053399951082,0.252952961189204,0.13848401585528122,0.1309629537745033,0.12174275133822425,0.14054862702614643,0.06853349514697347,0.1259595777665477,0.06052548866061015,0.049589892138188735,0.0,0.0167101048498141,0.04884323754661948,0.041453180424032336,0.18723629756467716,0.1712151745741486,0.1712151745741486,0.1712151745741486,0.1712151745741486
103,226.0,0.2287285399265613,0.22267420645886032,0.1609854538473256,0.1946474506931822,0.1886759668203863,0.4180150512718532,0.18501097077095008,0.2545529965672651,0.33267022331711754,0.335766405225735,0.31291469459086374,0.33046381611400794,0.25839667060767674,0.3155551474025451,0.4074994520603988,0.40372165835740736,0.40372165835740736,0.40372165835740736,0.40372165835740736
104,228.0,0.220957334404667,0.3066998116423127,0.18838404128716243,0.20740831505950846,0.18561578486323005,0.2364558304648392,0.25902602318071494,0.23217424628883507,0.07738476058021586,0.21554549806938367,0.1741642339502992,0.2461874542982278,0.1951060260075058,0.2088849949311265,0.050133134760179596,0.12106406112084564,0.12106406112084564,0.12106406112084564,0.12106406112084564
105,230.0,0.18487099785657388,0.343215489305356,0.1787125669887849,0.1777462798418897,0.13721559939455444,0.13712137686365028,0.0,0.1137269120817972,0.1703918436817769,0.2440657471535905,0.20583634635560696,0.27952615885400306,0.2156717745978273,0.2254011434358418,0.041741171628003476,0.06964908531539492,0.06964908531539492,0.06964908531539492,0.06964908531539492
106,232.0,0.1265750881148016,0.2878522500683215,0.13680576361230937,0.14369814972300315,0.13225531344270344,0.2784889953909284,0.22076554907016407,0.2158276044300707,0.05060163890055376,0.05348043133890909,0.039975164146303525,0.09993041514943457,0.06917945604135083,0.08333302439154695,0.19812280284527048,0.23232760431949748,0.23232760431949748,0.23232760431949748,0.23232760431949748
107,234.0,0.07792523747025352,0.217042881134521,0.09779539155953455,0.11462092818284919,0.13432478665946787,0.25380296107137695,0.26423566743645116,0.38520644990615105,0.325998706754592,0.40861840369033875,0.3753698471929913,0.507748402761768,0.3994549167795671,0.46905085997358925,0.5335490153258344,0.6298065319241838,0.6298065319241838,0.6298065319241838,0.6298065319241838
108,236.0,0.06976455276738207,0.19861000783920932,0.09131189331205179,0.10999623929953772,0.13713545134220503,0.21512505558172473,0.199600170372222,0.34622226143743695,0.38839292926277846,0.546292826159797,0.49713288047039456,0.5618225484542795,0.4792807370298352,0.6162655634306136,0.4820064611573857,0.573413050919068,0.573413050919068,0.573413050919068,0.573413050919068
109,238.0,0.06458267801366649,0.13503973247529016,0.06080976767658265,0.06450363848003896,0.058854463523884244,0.10532879940284694,0.07341598409785711,0.1718453030585547,0.25590845798977563,0.36446527423220293,0.3157610145197605,0.2711646943838528,0.1988350746351392,0.2031281194505036,0.1119821227943786,0.08197857377184177,0.08197857377184177,0.08197857377184177,0.08197857377184177
110,240.0,0.06912342938165356,0.031036858291610386,0.006020865505716604,0.033911953944214014,0.08088432046802613,0.17978399719926844,0.10666723282565188,0.17063665358908248,0.227827560046698,0.24174002862257093,0.20017441221686125,0.22744291265524375,0.1625024613239498,0.24586396881308972,0.22450624642657155,0.2867678118976788,0.2867678118976788,0.2867678118976788,0.2867678118976788
111,242.0,0.14514210039605235,0.2662734487056116,0.141420819791634,0.1640065413557969,0.15806825026376695,0.19895926705746717,0.054879712588676854,0.06562791549418352,0.1092462343671626,0.17777393587205068,0.12335236937949795,0.14176466740672974,0.13299242536926445,0.2591102868031312,0.1490665895156682,0.14440382067156027,0.14440382067156027,0.14440382067156027,0.14440382067156027
112,244.0,0.2417184469366447,0.467400232399034,0.24939624727260945,0.2356260890376804,0.13523651764065087,0.16546226385709148,0.14621315721392292,0.19970404701770952,0.20037180048088438,0.12804761726443595,0.17795858304597736,0.2735202277525912,0.2713647889899734,0.31693431117955206,0.2556023333485368,0.278655506570104,0.278655506570104,0.278655506570104,0.278655506570104
113,246.0,0.30478063861773685,0.5282998983852436,0.283264338079554,0.27190591719643875,0.31848988444535475,0.5023853638490875,0.2822830708345291,0.3554073137514754,0.2753677438984754,0.3282999940997264,0.27968842598543125,0.4414686760250797,0.42638734127403594,0.51412920956898,0.4357518469934175,0.4967890273466654,0.4967890273466654,0.4967890273466654,0.4967890273466654
114,248.0,0.3043397996061242,0.4312837903912157,0.24673779507636973,0.2918167477668597,0.35893320505712895,0.44043630744127094,0.2672007175358682,0.34779010738065425,0.39061751696783886,0.35858931211429873,0.3876810931741521,0.35072874283933353,0.19493550722008413,0.25548835581288154,0.18110987471556422,0.15531508026608393,0.15531508026608393,0.15531508026608393,0.15531508026608393
115,250.0,0.24050911590532273,0.24568434788293372,0.1734061784448366,0.23504363037781445,0.1654219555157575,0.08079741525883108,0.08502779453278224,0.12034272063687852,0.0010884539554363638,0.02839746697008309,0.04403863319671115,0.11761268354227679,0.1315947222297986,0.04956500684497072,0.07568144459044385,0.12229230097940322,0.12229230097940322,0.12229230097940322,0.12229230097940322
116,252.0,0.14773100265259445,0.07949010243979683,0.09334284832125173,0.1179083720255628,0.00578521130648761,0.18004291387045437,0.06102867290103842,0.07840223312028352,0.18038279731301782,0.18666886923679804,0.14057715218577466,0.14617441666336917,0.20036224491854657,0.1713171344698479,0.17059533413840364,0.2275061110458577,0.2275061110458577,0.2275061110458577,0.2275061110458577
117,254.0,0.09079924042366494,0.007149795676195352,0.05107948772569517,0.05940058078317877,0.03262901792018023,0.2017662753231668,0.0868132344317601,0.09872523168926524,0.060475906132615255,0.10796172108936292,0.0376015201495556,0.1517287635659012,0.1274525740250654,0.09647594345330388,0.05645174843244384,0.02741218347423016,0.02741218347423016,0.02741218347423016,0.02741218347423016
118,256.0,0.08295708485396668,0.023393219821084246,0.04471105828216685,0.025996094517397275,0.06376992732382121,0.19199896057791846,0.10325352637005636,0.15391535510393228,0.08228828487487815,0.06788547143827275,0.06566191114759178,0.08429017708433237,0.12631667204734617,0.0532533070479927,0.031711271450857795,0.010136041900050524,0.010136041900050524,0.010136041900050524,0.010136041900050524
119,258.0,0.04383378016382738,0.05123750787237125,0.011115686867176003,0.03781436128898984,0.04058240494345986,0.16999352920134075,0.09865495968839616,0.17287007863444698,0.1897834265018314,0.21044877871914702,0.1031708331071224,0.23506310758760265,0.15087623226196348,0.26780192557277044,0.19561662583401213,0.2640709198651476,0.2640709198651476,0.2640709198651476,0.2640709198651476
120,260.0,0.051778262723762854,0.0361494861209412,0.07531334522587753,0.04842108078883429,0.1199347857519119,0.1755178061351239,0.14215237498895608,0.23587586655886128,0.3166460054511668,0.3680690278304709,0.318054294360206,0.3259006399891627,0.21832140201109804,0.26869352328237367,0.24485281051804336,0.22975203662962293,0.22975203662962293,0.22975203662962293,0.22975203662962293
121,262.0,0.16558002347398845,0.14752206385248384,0.12669212853090042,0.08806352248648763,0.0382038692489565,0.06781292150910283,0.024901844746127427,0.09575545064723533,0.20479915476283247,0.24978293970496834,0.27923023096036526,0.21347485957685566,0.22513808557112464,0.16879860688281384,0.13051369244909505,0.1786919751296955,0.1786919751296955,0.1786919751296955,0.1786919751296955
122,264.0,0.2547646406082019,0.330984776533568,0.13658023248152965,0.20839688912677046,0.1839046349173298,0.3280808095826216,0.25833827533957754,0.3535741587479386,0.3769744535642238,0.41884698434017537,0.4736290334809939,0.5466558223155131,0.46160513161736355,0.6275240873118167,0.5113462650315872,0.5586298223968281,0.5586298223968281,0.5586298223968281,0.5586298223968281
123,266.0,0.2822854194781669,0.44044888470908933,0.19857516748761297,0.24122829068483498,0.31548323451011817,0.2821783550115692,0.18782535912241702,0.19551465827608588,0.04962549103797298,0.063733282588497,0.09738736298439012,0.08393235612695364,0.09453617496798544,0.22143030985828308,0.1745716228592341,0.15442819869063304,0.15442819869063304,0.15442819869063304,0.15442819869063304
124,268.0,0.2495638208443717,0.3954641545433779,0.2635477700569781,0.21029427912500745,0.14109903987816652,0.2233388497277876,0.14916347890184342,0.22369553652610835,0.2298088065048436,0.25019687320109274,0.23841024068775535,0.3481457252800765,0.2275119730730401,0.2286367345172814,0.22841006883011625,0.2784427168885716,0.2784427168885716,0.2784427168885716,0.2784427168885716
125,270.0,0.20448642921623006,0.24480038982283253,0.21715038977528944,0.21962642292213436,0.22344707943476302,0.309325103618351,0.2273534879405518,0.2529441851575159,0.1929402197924951,0.22904808539528954,0.2783331533250857,0.3734337748170917,0.2709806162725583,0.30385935442455975,0.29271471619579875,0.3487724550218464,0.3487724550218464,0.3487724550218464,0.3487724550218464
126,272.0,0.19782783522274341,0.23502003934466695,0.09001398664682632,0.16609010849568046,0.20865742884818478,0.18020416810249815,0.05934103837617945,0.12594822559884303,0.14962457928980652,0.16364247613421168,0.10718826940372397,0.09839042595959246,0.07761276711716354,0.16394991565553677,0.1432756434650555,0.17340124158052872,0.17340124158052872,0.17340124158052872,0.17340124158052872
127,274.0,0.1922667489126347,0.31854404403749303,0.14295259406081973,0.09595124260088385,0.02845993592736401,0.13567053488554123,0.10015339435370096,0.1183254449073959,0.1836872751085112,0.22165265946459425,0.18174649562978737,0.18442672410170544,0.15129145935865293,0.2525616643944404,0.23204583502018705,0.27246663788978415,0.27246663788978415,0.27246663788978415,0.27246663788978415
128,276.0,0.1303636073393199,0.2567821652165398,0.18051311472269205,0.16242551801739066,0.22117877473437209,0.24696688448355109,0.10956041283705466,0.1686618294020327,0.0636901153399091,0.04191502891584426,0.06881888446741805,0.09942810691147899,0.04139352035227523,0.0,0.014924152450296754,0.0,0.0,0.0,0.0
129,278.0,0.03210122098893435,0.12874084721378617,0.11340188779780536,0.12710757785623855,0.15784462948567687,0.14816928221787953,0.11188211878955992,0.13709905489015684,0.13595729372131934,0.18582197213776405,0.1555793013925513,0.17756769352624516,0.206804815316087,0.22758980493663225,0.1959310641515806,0.20797880565343782,0.20797880565343782,0.20797880565343782,0.20797880565343782
130,280.0,0.13651607392756593,0.28818446384842555,0.20090484986644205,0.21533527048293793,0.22126137944415525,0.21088429092611852,0.17840210351885433,0.22458622547999246,0.25107669839851554,0.270627412092427,0.2464222725371348,0.30561783418657357,0.22017834551893053,0.22856505092452506,0.17545359130845653,0.1989694284824659,0.1989694284824659,0.1989694284824659,0.1989694284824659
131,282.0,0.23309276683745941,0.4183712762151693,0.3058958113615569,0.362270069750767,0.2627694496581315,0.31936744500016245,0.17967246770950782,0.2361581741759957,0.13747810914916753,0.14371646195831037,0.1391205783801053,0.16822141787625577,0.21696234678029966,0.22769083593765438,0.1787217655356835,0.24048492903499719,0.24048492903499719,0.24048492903499719,0.24048492903499719
132,284.0,0.24094207272915508,0.3606513543896871,0.25946381291057363,0.3199638035168713,0.26737210724407173,0.41779798302557963,0.2592329811460044,0.34315022409247126,0.3217453119526911,0.34363267913253687,0.31329888732443295,0.32499550970470736,0.17990622681407567,0.23460141084438302,0.21612650316095555,0.28994188078992955,0.28994188078992955,0.28994188078992955,0.28994188078992955
133,286.0,0.15498107172362086,0.1697745342845137,0.11870568209141173,0.1560285491305763,0.21123487642682162,0.3173599923097654,0.24314579135021636,0.32632446752373556,0.2685842607762346,0.22970041542850186,0.2105157877248714,0.29153564143894867,0.3015312605843642,0.3389910164852473,0.2696235910045372,0.23316248185392371,0.23316248185392371,0.23316248185392371,0.23316248185392371
134,288.0,0.09617072838663952,0.16308816815412894,0.12682151919020965,0.16104944584235828,0.2551812864290031,0.3329301751600964,0.25175618856045007,0.31971205122830204,0.22203044006002798,0.2953912087848976,0.3122263953784246,0.36810047472441226,0.18878967595024942,0.2292855006861443,0.21865400152307474,0.3112340296042327,0.3112340296042327,0.3112340296042327,0.3112340296042327
135,290.0,0.23320929891010866,0.3090473807412955,0.16819101979897852,0.164109533898348,0.2503564490425529,0.22308049007011527,0.11542504916104124,0.1212723950591435,0.11821341164829456,0.14511055127954842,0.10645876222481343,0.07757354390329184,0.165274831674971,0.19384891880735527,0.14179661309486258,0.20231302271019774,0.20231302271019774,0.20231302271019774,0.20231302271019774
136,292.0,0.35100068714202104,0.3772500624976111,0.17333972177900506,0.16964468886352313,0.03897951963789815,0.18360836580801762,0.14778286033069227,0.18573457921066167,0.14156746211479165,0.24207704871152755,0.21142312786997114,0.18193877964311986,0.24877414205228313,0.29112210679035083,0.2388063321384387,0.3582858724715282,0.3582858724715282,0.3582858724715282,0.3582858724715282
137,294.0,0.37985109136427525,0.4069931110248691,0.24473358641711038,0.2835424464310191,0.41107813365927787,0.4440973604657143,0.25420103729237103,0.31052534173291657,0.24830760970022042,0.19240837972018887,0.24131632104033174,0.23499237481040203,0.15577259914848157,0.20170606785243977,0.1304787323777184,0.22312139083975485,0.22312139083975485,0.22312139083975485,0.22312139083975485
138,296.0,0.31843251189654886,0.4107168446045971,0.2857739309781353,0.310100262291041,0.38508641843572783,0.3681380424539279,0.24936467964267184,0.3778773061934565,0.30087129628660336,0.41225037564511374,0.3183576856405183,0.44480679986053695,0.3317574200225934,0.36679706981524235,0.3375633240688704,0.26780506068973026,0.26780506068973026,0.26780506068973026,0.26780506068973026
139,298.0,0.2068353120188225,0.3452730148266478,0.22929292489517744,0.22784850394439699,0.061381776809214,0.18635206277273642,0.12853638661662387,0.10219014802801296,0.11124082936771688,0.013913807724158175,0.09053680300660051,0.0,0.09126598916781423,0.10004038079391107,0.12622203762900938,0.06842593103095515,0.06842593103095515,0.06842593103095515,0.06842593103095515
140,300.0,0.11587398690527544,0.24459378703576554,0.1409040488132298,0.13717912653102507,0.1349332960289974,0.13829379071358144,0.05636755365712673,0.16667932222474244,0.15891724191280315,0.18757635418932214,0.13565382968039724,0.17181899060146155,0.10452746197652539,0.1462444119714717,0.1507214638353146,0.11418477371368722,0.11418477371368722,0.11418477371368722,0.11418477371368722
141,302.0,0.11956761429692171,0.24762227928452113,0.12376684345935408,0.13352438462696029,0.25970111597870743,0.2331705767755463,0.17863704189783725,0.24044593194876313,0.25099157975514974,0.1598832897449806,0.23195692643908183,0.22286555264481206,0.21160624031608444,0.2222212223360274,0.1543975396838461,0.26542727902368407,0.26542727902368407,0.26542727902368407,0.26542727902368407
142,304.0,0.1630533717325294,0.3118656041072107,0.13863549720772675,0.16700599258142146,0.2946101349020261,0.3348130846471781,0.2299974669948323,0.20429223905527902,0.09077919730483455,0.21657080196139228,0.12114358480586436,0.17795476501083382,0.11835832087938157,0.1520642754997964,0.17404393364840098,0.1353626082502515,0.1353626082502515,0.1353626082502515,0.1353626082502515
143,306.0,0.19540172985836232,0.3197040070932863,0.16539940879369286,0.17399449823827362,0.03318771162837785,0.1379380130336987,0.03832277540004537,0.15328168867238479,0.19430554403410683,0.09891070409405027,0.16424012027892143,0.24073097076778519,0.13975210081481998,0.19738762570991517,0.1920753976235944,0.09871715914923823,0.09871715914923823,0.09871715914923823,0.09871715914923823
144,308.0,0.20160935362268753,0.27283866071609947,0.18890145300820005,0.17895063111709164,0.24068579923753355,0.25985050631319234,0.17195815446432483,0.13865833149585646,0.10489199460685578,0.0768796970150553,0.14268030065291465,0.18150584263804398,0.11355676681905583,0.16878572548782667,0.17689080248982286,0.1506043033413467,0.1506043033413467,0.1506043033413467,0.1506043033413467
145,310.0,0.16925909404440556,0.19924087963078638,0.15885572671426038,0.17360767715998185,0.3146149503219262,0.41665993491877756,0.2288059949255723,0.3883604175987576,0.39325532436384414,0.379342094619423,0.2916670463891104,0.34075209035977094,0.27401113359769985,0.28391442197092526,0.20155790387402187,0.24025753097350352,0.24025753097350352,0.24025753097350352,0.24025753097350352
146,312.0,0.11365492777671701,0.12017670412414683,0.0987355111159305,0.13334452631843863,0.18395397892421225,0.2862977508803672,0.16605094033709292,0.31482357546586875,0.24925885618616106,0.3596718536096522,0.3076990245937906,0.3222182415436189,0.27031838858428614,0.3528801585176758,0.33367969180964857,0.4541613219561302,0.4541613219561302,0.4541613219561302,0.4541613219561302
147,314.0,0.10575537982194921,0.1247762558555892,0.09513692812363235,0.13946234801596707,0.08195050907201076,0.1474477563269985,0.1123216035557939,0.16210410399460215,0.05140780930655654,0.15390050684996057,0.1925332603898875,0.28476382353381946,0.19042518365962413,0.24504406835377834,0.19253046639722304,0.2270551264415175,0.2270551264415175,0.2270551264415175,0.2270551264415175
148,316.0,0.13914574667642685,0.16122921681438201,0.08298754278615393,0.12085428978354835,0.010756289278743126,0.09973635636824417,0.03440356400138723,0.14845227480154974,0.06404251794824069,0.16628034819806028,0.20759183018764685,0.3053935147718168,0.19382032523768475,0.20898503579419894,0.1568375659709694,0.07900755184205555,0.07900755184205555,0.07900755184205555,0.07900755184205555
149,318.0,0.12499987517410106,0.10058493045058671,0.005186320879305852,0.018056503800427403,0.06623113070508914,0.1682068527120921,0.13097238759261384,0.1521308808196269,0.07441166830338154,0.0,0.03949313579643487,0.08021455234657225,0.002924016136043877,0.034091134524381936,0.023528266804010607,0.04756131175091505,0.04756131175091505,0.04756131175091505,0.04756131175091505
150,320.0,0.039912639729364874,0.033360715673817445,0.06566153390557541,0.12266484647662843,0.048796906805029586,0.17932394334166368,0.12937451720237822,0.15726610470117017,0.10564872321231261,0.060833457217266934,0.04662663582860174,0.11946653989770796,0.04269306356655252,0.05861749629824242,0.04297185247775776,0.028575734798502544,0.028575734798502544,0.028575734798502544,0.028575734798502544
151,322.0,0.08230054305194028,0.19495749515298375,0.10832804526758925,0.11596898995457793,0.18677433951763348,0.29887091528615184,0.25249646904549583,0.19368151796395125,0.22856872416053606,0.3006233716686194,0.3199138234555783,0.3543930994348382,0.24607186888599894,0.3048869063315523,0.2708185490115069,0.23781725797739192,0.23781725797739192,0.23781725797739192,0.23781725797739192
152,324.0,0.19669837889668557,0.2544644472864995,0.09412336048782964,0.06737511401873857,0.006303477896064371,0.06264208288969286,0.09138574510155906,0.0,0.05446220783255059,0.12177280780664186,0.15003081061830925,0.08726462177541303,0.14272166030864541,0.24501171011391323,0.22705531179155447,0.25863642400783926,0.25863642400783926,0.25863642400783926,0.25863642400783926
153,326.0,0.24030819667017828,0.18894403340958923,0.12324001308044881,0.19601514253405683,0.21796509313550613,0.3555762556477942,0.2925876473627356,0.30901801895894976,0.21454219228639712,0.2537141452764826,0.21817347833604853,0.309038584564239,0.22878545403314698,0.20858950175194743,0.13395306929755707,0.16013523334327978,0.16013523334327978,0.16013523334327978,0.16013523334327978
154,328.0,0.19801816727717272,0.22708984388651018,0.17105767799921603,0.16860277975710308,0.20477091949056672,0.1310138191020019,0.015772321456312587,0.16496154075165062,0.11990102549262692,0.12182103692619456,0.1389369102216338,0.059018312696031666,0.15563784765427996,0.2176657258297173,0.1551446966867727,0.2081044421297534,0.2081044421297534,0.2081044421297534,0.2081044421297534
155,330.0,0.16706792444061422,0.40119221901985214,0.19686332791497912,0.171907301590087,0.12521505031509464,0.31466157584300547,0.2638232403257174,0.3541999893267475,0.2339595925784811,0.20963719813529805,0.21300190234751076,0.12933365812649275,0.2182304876049719,0.28513171644868646,0.18622937969680398,0.20036000290353742,0.20036000290353742,0.20036000290353742,0.20036000290353742
156,332.0,0.27911846415832603,0.4770989129569305,0.24789045680599395,0.33252022630981193,0.377420384997633,0.33751559240176826,0.13173364913943855,0.25589364802167874,0.2573260147610709,0.3173845158265805,0.2814051250483043,0.4504675659306254,0.2337969691471783,0.3343727888061882,0.3254877607902253,0.39712549369274625,0.39712549369274625,0.39712549369274625,0.39712549369274625
157,334.0,0.3961875770211301,0.42804754751848234,0.2846142133298569,0.31219143904314883,0.26743838641909196,0.3556755972405252,0.3156825331851587,0.40785309032892686,0.3140519058285411,0.3197581772600406,0.2902333932865388,0.4440619015617106,0.22441983720293776,0.31821694060409444,0.29976339457128903,0.34581706856775885,0.34581706856775885,0.34581706856775885,0.34581706856775885
158,336.0,0.41275235871808086,0.37939405766097223,0.2509080557514859,0.19537897974046914,0.2010589377212587,0.32941874753194983,0.1473627572476461,0.31010865442101,0.2924420230222432,0.3600506992093144,0.3379477115234596,0.3298040802833658,0.3713801134933246,0.39936355084754743,0.31733026018321747,0.3724913394078194,0.3724913394078194,0.3724913394078194,0.3724913394078194
159,338.0,0.3051981594885834,0.36964579002967984,0.18756220425993136,0.2419834597260169,0.23453103039325499,0.1801418015612726,0.19607216339246653,0.31536217005065253,0.28503908272262257,0.3429510157297447,0.3220911041737721,0.29388128661134066,0.35518427507680744,0.32838627633192347,0.34733257915123955,0.41834087130387004,0.41834087130387004,0.41834087130387004,0.41834087130387004
160,340.0,0.1203036157813459,0.25855643454295485,0.1254775536137141,0.1939724966917262,0.12210832212865082,0.3082874103537938,0.163318911831558,0.3206700954168832,0.27439303699582535,0.32673689718050086,0.32176013167023115,0.36964460161823876,0.17111135673409336,0.3080358982594925,0.148392974004053,0.15482055390902108,0.15482055390902108,0.15482055390902108,0.15482055390902108
161,342.0,0.13402902419973695,0.08706744187327421,0.028703933544504054,0.08556514677868438,0.03309649745746824,0.19241130340688103,0.027256867107147552,0.09167150818027546,0.07571917008093708,0.111762578990951,0.12095400732487734,0.23573256566725417,0.1493544204421163,0.19623511493240808,0.19934691715573752,0.23414174200683552,0.23414174200683552,0.23414174200683552,0.23414174200683552
162,344.0,0.2747476270794868,0.33338807984372154,0.1825230463075898,0.22844685165030224,0.23492583884551602,0.34348584924540176,0.1866797964212313,0.21143393955450615,0.1929396715784798,0.2662745780865703,0.27129524056498916,0.39274821860089937,0.26754443868067523,0.31320293936289983,0.3518848527405983,0.38741213890205634,0.38741213890205634,0.38741213890205634,0.38741213890205634
163,346.0,0.31241182277385576,0.5314337855995667,0.32406555878158577,0.3032332966998328,0.3710167754758931,0.3441965931054122,0.30647906477145337,0.5191556027053543,0.41720790014938125,0.41380335205953717,0.355357853945557,0.44287851937660844,0.4459655941857907,0.45125417132182527,0.3375927692582955,0.3753223750565075,0.3753223750565075,0.3753223750565075,0.3753223750565075
164,348.0,0.24015123692964402,0.5167130273282589,0.3170699588273283,0.29163419878704366,0.23001499234459244,0.3075083366358958,0.12332103105582136,0.06344797801194735,0.039524776573437476,0.09485236089076991,0.12027601709487389,0.26577664209990287,0.267074331276538,0.20753267938453226,0.19619121514020207,0.2032176250298391,0.2032176250298391,0.2032176250298391,0.2032176250298391
165,350.0,0.10549473380604749,0.3124925473977286,0.17237745482308986,0.19475879670501503,0.12264142375110282,0.22135700509649126,0.18034240166657517,0.3610541790373769,0.2838858546982143,0.24405079342129546,0.2246392292074586,0.20099933726469268,0.13955920658365126,0.07378211723359675,0.1756828435860016,0.16861494580721678,0.16861494580721678,0.16861494580721678,0.16861494580721678
166,352.0,0.031175636997502462,0.10853557989282474,0.04439514335553518,0.06749233768209778,0.08790921973033344,0.10780221573502628,0.12687971354843675,0.248411148442026,0.19368266624913894,0.2275015855609632,0.2493395005622476,0.41922351732643,0.3909511498342049,0.4548472182639719,0.28309485488718245,0.31537821429238344,0.31537821429238344,0.31537821429238344,0.31537821429238344
167,354.0,0.09291725527115473,0.19974126058086616,0.09553971293574529,0.12401041533838933,0.15790654638938229,0.195540257576927,0.15297323107547436,0.18131861166030183,0.14305047239697458,0.22831053121068678,0.22269611111033993,0.30517426198045716,0.2564656214584168,0.40067469603627237,0.4387507560066303,0.4640385949822246,0.4640385949822246,0.4640385949822246,0.4640385949822246
168,356.0,0.08414984878376018,0.2296154062007045,0.07941509469550519,0.11025239442265863,0.2068692639081544,0.24434476431712587,0.09683314821917141,0.09109845845772947,0.07177044326901734,0.06589218189885453,0.10665530142438658,0.22247057432205847,0.19373967371235987,0.32616798641108613,0.3987256495841905,0.4280437772257465,0.4280437772257465,0.4280437772257465,0.4280437772257465
169,358.0,0.05100699948319319,0.16522863414390485,0.030893106954996672,0.028888122483221,0.10940079650125521,0.13708624059218139,0.02888928416174876,0.1729045140583442,0.15086206477596684,0.2367112048810331,0.22949423657010187,0.22919039763519955,0.16771444764946722,0.18213593826913121,0.22649054931931462,0.2704353902941531,0.2704353902941531,0.2704353902941531,0.2704353902941531
170,360.0,0.09453787725320127,0.18407169137221074,0.03621091224918919,0.014149334315431776,0.06479149860186038,0.0941582271616483,0.026197939161019,0.17397346283690868,0.1501363388832582,0.23993739622823457,0.19471482020876782,0.1254193225210013,0.0917812609039966,0.10397454010070986,0.17622006862060147,0.18661010807140804,0.18661010807140804,0.18661010807140804,0.18661010807140804
171,362.0,0.1252537335257357,0.2431124887273068,0.10603575133803465,0.10790038856700558,0.07474067959236708,0.17038843079172825,0.05563635387491462,0.2099452638599288,0.18459329747282008,0.2676385819694063,0.2009624268279645,0.17945637050629107,0.1259862735596953,0.23603497469607715,0.3252253546380358,0.3858611536490808,0.3858611536490808,0.3858611536490808,0.3858611536490808
172,364.0,0.10189223317360742,0.21843247133566113,0.15873584733588558,0.20559538566617458,0.27295464581609713,0.36451606699972094,0.2402176176401012,0.40612076611455755,0.30510789698835344,0.2771818310292098,0.2496908316243525,0.36991083388934676,0.3207806975166975,0.3128697623437722,0.14535119142425199,0.14020272992080401,0.14020272992080401,0.14020272992080401,0.14020272992080401
173,366.0,0.08505750460247502,0.17116207570436215,0.16574743852263177,0.23411759751443353,0.33447210311670966,0.368208816486892,0.2805200597060978,0.2998792784068484,0.20110921269921625,0.2143301233645731,0.23799182446446454,0.21037373478841045,0.13198780479147793,0.21929486327234585,0.3024910832968881,0.37685436926356686,0.37685436926356686,0.37685436926356686,0.37685436926356686
174,368.0,0.14443075193635113,0.2408535579431234,0.22905900949716065,0.30761729651263436,0.39481129630330297,0.371925648911841,0.2604027236431019,0.2146916633789167,0.22554074338096983,0.32288301042585904,0.2333898078646909,0.30976242776293567,0.2984073646406112,0.27437144246940703,0.2138356991144948,0.24422576945740393,0.24422576945740393,0.24422576945740393,0.24422576945740393
175,370.0,0.1838238353563588,0.3165042973793095,0.31331865243281953,0.37026896710407786,0.38033041016870583,0.3704623546941333,0.19289606177465818,0.37497471579150354,0.26896814721710327,0.19590733953205633,0.254943926890934,0.2628723124662169,0.1417109148422726,0.23678513856074815,0.23224523897763996,0.2641455172653524,0.2641455172653524,0.2641455172653524,0.2641455172653524
176,372.0,0.15129149758608917,0.28715352493149593,0.2903668902211086,0.2827414355854927,0.19599173292794406,0.3314462991108314,0.23477691570058043,0.31221286148426936,0.22410803213487812,0.3460279761111787,0.24854966351196503,0.3362560910016866,0.32465690465914415,0.3794768289191617,0.44147689942229223,0.529244348618403,0.529244348618403,0.529244348618403,0.529244348618403
177,374.0,0.07397656094816223,0.17765645797874907,0.20807462962226744,0.15696122551595898,0.05756890100186594,0.2410422465782362,0.20260351003532284,0.13070506144552338,0.18235658017804354,0.19086762927099774,0.19782786256692145,0.2608377850797606,0.12186932209861819,0.1857198646034709,0.08660830828203578,0.035067101834983745,0.035067101834983745,0.035067101834983745,0.035067101834983745
178,376.0,0.12862414178889617,0.22306417702906517,0.2421656823459138,0.15805019269293819,0.1133172354785971,0.23742097030452164,0.16931592703101345,0.17560700469707666,0.12275727892076341,0.07879477073921978,0.08381928894877705,0.04424248311389706,0.11049642213450969,0.15835604655133265,0.21888578908910605,0.21068547165633167,0.21068547165633167,0.21068547165633167,0.21068547165633167
179,378.0,0.2253850142856838,0.38392874074776356,0.26138132955385285,0.17684114655900007,0.21369417387845183,0.12576489278343866,0.04204855699254122,0.14120758825126928,0.12924434553886166,0.16805016793085548,0.18806729122200502,0.2008981966391751,0.15536442314320423,0.13702752009558772,0.22953701511103314,0.23753453174868208,0.23753453174868208,0.23753453174868208,0.23753453174868208
180,380.0,0.25283112335729335,0.4453359386786112,0.165925685025428,0.228041577597697,0.21431393080478536,0.321641852004642,0.26894923984544683,0.24860429617659976,0.1618220573167445,0.21353746884878083,0.12376787526973763,0.2437021461557223,0.09950372830778778,0.08465958729959554,0.11154227240256669,0.1120033780674631,0.1120033780674631,0.1120033780674631,0.1120033780674631
181,382.0,0.20487848938055325,0.37678374497366185,0.06769975429681094,0.2110064013993146,0.16670152476958233,0.3638933188905703,0.20605471187607088,0.36774069841096957,0.2534326348309465,0.29216607857853744,0.33498314913233374,0.2818234379453577,0.3144024813960206,0.4137700004238977,0.3115081794449791,0.34932833538916586,0.34932833538916586,0.34932833538916586,0.34932833538916586
182,384.0,0.15873811692109444,0.3091326259605399,0.0793217549711643,0.15348969893682565,0.13677652271463472,0.2485849715302235,0.07480324908894793,0.22030544343561873,0.2689604219102773,0.17391581266910786,0.16379272159101646,0.24920972959396867,0.10549833649182593,0.07663308314391429,0.18230430262622777,0.13628893345070045,0.13628893345070045,0.13628893345070045,0.13628893345070045
183,386.0,0.208203626770931,0.374308069270208,0.1762553515845912,0.14700711249802043,0.1492162577250534,0.1100715331300845,0.09551876628868404,0.004194882276514397,0.08459388339260002,0.09683296186713558,0.06795270783779822,0.058696678165492094,0.12325645513049167,0.19619636957311481,0.08325677844252953,0.13557050097264162,0.13557050097264162,0.13557050097264162,0.13557050097264162
184,388.0,0.2596220257279813,0.4135659531816311,0.30949538091512446,0.176253305923267,0.12243124533987482,0.2225412550093841,0.08970840651137418,0.25401301178898483,0.31552192809071,0.2922275847999337,0.2135640782410186,0.26943328633203634,0.29742307996898637,0.39669955511390875,0.20645573865681824,0.2597283024790165,0.2597283024790165,0.2597283024790165,0.2597283024790165
185,390.0,0.23335317702998085,0.3088834778990567,0.31783259445550194,0.28279979260055726,0.28546033815398286,0.4552326918237952,0.2697636589973943,0.24164938088585985,0.124314079743632,0.2555977427159608,0.2902341769623642,0.29165020555531923,0.1579604860633453,0.17739855840449006,0.19938763919178937,0.2623207001455879,0.2623207001455879,0.2623207001455879,0.2623207001455879
186,392.0,0.12868233697681355,0.09840293000814962,0.1556425140242355,0.2480775170785262,0.3049024801585862,0.34561024371700527,0.3094290330357452,0.35782639048062187,0.3485649868266991,0.3362729860070221,0.28973680647924616,0.22572074497490763,0.14064587024184325,0.1190321376991057,0.2268715203179281,0.26734098135820855,0.26734098135820855,0.26734098135820855,0.26734098135820855
187,394.0,0.05297627864296914,0.12344147988107212,0.12732717520485992,0.13743898939644786,0.20539956083988709,0.22818573956500568,0.23462292493841425,0.34151367467553684,0.40104776116171564,0.5053621287931077,0.49867724635866584,0.5566639778136396,0.4300073930931268,0.5491326181485546,0.34108486551280404,0.3431210598861431,0.3431210598861431,0.3431210598861431,0.3431210598861431
188,396.0,0.1586030406198216,0.2564516822826128,0.26324914152835643,0.3419299580596354,0.42043322073129624,0.4107130845874542,0.29952103314951345,0.5153263294160843,0.496954254169547,0.6412857020786206,0.6209436218650706,0.8242583900434427,0.7155531850853143,0.8246826659471244,0.7875817838697327,0.9095781707974065,0.9095781707974065,0.9095781707974065,0.9095781707974065
189,398.0,0.21655900722211005,0.2778698546322101,0.2257220370089669,0.3795552951929139,0.36332623638379163,0.34148968539084507,0.1255689565910775,0.1392341282851334,0.0,0.1050500865751243,0.11860566079593775,0.2310906539771087,0.224346652568954,0.22346659691917592,0.3114294120019054,0.39671272109113825,0.39671272109113825,0.39671272109113825,0.39671272109113825
190,400.0,0.19476459034098662,0.2235794315271867,0.07007413245051373,0.18351305140510255,0.058463189860383125,0.13119790894849248,0.1467057962499302,0.2553216408188353,0.2830982065189016,0.3793306742595621,0.3453222016675617,0.41426354799894727,0.2766482420957574,0.30622644315316216,0.18947932537892534,0.17066766456488636,0.17066766456488636,0.17066766456488636,0.17066766456488636
191,402.0,0.12132294430004942,0.14332454947496748,0.04179101417676483,0.10443595603628444,0.08205334913477189,0.0157660092100836,0.0724276065867325,0.21993420397230143,0.1681387009023926,0.18755747335248807,0.1655363823312904,0.11195657428459188,0.08888592305725049,0.16228367998565463,0.18513303397516984,0.2460500975163278,0.2460500975163278,0.2460500975163278,0.2460500975163278
192,404.0,0.07914302586927399,0.10037138765741022,0.06688333527794865,0.15080213292562555,0.058121378507181944,0.092746192524212,0.13300028510195094,0.3114590375565417,0.1732519321637408,0.10319721006998195,0.1077575272044086,0.14914500758003266,0.14882023520509738,0.10881660215189462,0.1478533295307131,0.14215165875139052,0.14215165875139052,0.14215165875139052,0.14215165875139052
193,406.0,0.11451651297466611,0.17683867466021352,0.13403279156138678,0.2143836789784212,0.06050170439436497,0.19202335257674513,0.18338395073834637,0.3891129678130454,0.18749834785786063,0.1943907521436213,0.16821807046839204,0.20533212131418543,0.1156069804931349,0.2086571760300166,0.2208166493614618,0.2655147200456924,0.2655147200456924,0.2655147200456924,0.2655147200456924
194,408.0,0.14101341498722456,0.24303188683315655,0.1983348446044584,0.3079109985051011,0.17244243738996698,0.35072355715839076,0.18765899855127718,0.2614608292867209,0.23413173406481202,0.33597421662734595,0.3250626299871655,0.3495562296130958,0.32297960365619455,0.3065358640569399,0.21670707223231203,0.22471065681378583,0.22471065681378583,0.22471065681378583,0.22471065681378583
195,410.0,0.15474912150135486,0.21730849173395173,0.13576600857295407,0.2041196035926173,0.2755287897922876,0.25327372770097434,0.12787933034071994,0.1978159347576446,0.054297320826443556,0.05145886540130341,0.04818907032474505,0.03933538914913996,0.06649307299579081,0.02407824575846362,0.03612086491835969,0.0006845949443521249,0.0006845949443521249,0.0006845949443521249,0.0006845949443521249
196,412.0,0.17678367017858337,0.16704078747444953,0.05798976626831345,0.03664025590100216,0.08858369603582818,0.01988733882741155,0.03636616647749283,0.20709962619834735,0.15837742206516275,0.23158799441716332,0.25573270664367737,0.33501720800237333,0.1858475904710279,0.2924626891625075,0.30291363521381365,0.3046215576614543,0.3046215576614543,0.3046215576614543,0.3046215576614543
197,414.0,0.1881255631017317,0.239775380517995,0.1817763050757974,0.2471085941388669,0.2704333157962779,0.21719538354935125,0.16441874746821097,0.3588040014986385,0.2515255484260055,0.3300098176431746,0.34602309015277516,0.4274881721516122,0.2995904400122547,0.358799828225835,0.34571445689900976,0.38148573016385023,0.38148573016385023,0.38148573016385023,0.38148573016385023
198,416.0,0.1583059895385217,0.2948101769100637,0.19726003755067092,0.2576038907719486,0.4124892740711313,0.3691208188146921,0.2592308903914278,0.3838705154979505,0.42066493748987,0.40227464998106005,0.321595211131041,0.33940033677623255,0.3317456465157231,0.37094650439470456,0.30032602651788187,0.3105148575441105,0.3105148575441105,0.3105148575441105,0.3105148575441105
199,418.0,0.08536710778722771,0.21318528424676061,0.0896643952475902,0.1097224578522288,0.21852992456428616,0.3024382481902614,0.15368095037724167,0.056138376160537524,0.05826306282698542,0.01793811202269668,0.07130683324269231,0.10252677841173005,0.0805407668853068,0.03182918099565813,0.0,0.017181382643055444,0.017181382643055444,0.017181382643055444,0.017181382643055444
200,420.0,0.03406090331870025,0.04625506022620875,0.014656696540798044,0.05744308467159187,0.1867161038677114,0.2686526293848521,0.137376110012116,0.1366332181734884,0.0942566146685228,0.08797983078616517,0.022284149672947354,0.03048055535801052,0.04012936259899989,0.08388029765094082,0.08005475511852164,0.08831044578819604,0.08831044578819604,0.08831044578819604,0.08831044578819604
201,422.0,0.09764983694327484,0.18733489170675702,0.083502489877275,0.12348400442982468,0.14933440213598978,0.3238347361496281,0.21442037138315656,0.3795618636877667,0.3743193156740817,0.3478692417015084,0.3201155303492963,0.4033224675463906,0.3045635755670933,0.294792223168472,0.23843528000515346,0.23853214427877875,0.23853214427877875,0.23853214427877875,0.23853214427877875
202,424.0,0.1317868529646336,0.3028375396544806,0.10772218997828092,0.10701597855323036,0.010033144375900036,0.08959496188103123,0.0730765917578407,0.24803978585288008,0.30361332268429714,0.2854909633818297,0.34072478124008,0.35123843872791677,0.3552567284633303,0.4500192106446955,0.38130085012102344,0.44728491027000455,0.44728491027000455,0.44728491027000455,0.44728491027000455
203,426.0,0.11875723770537434,0.2922702648400699,0.13078310494069623,0.09106261998925462,0.17810539708605044,0.2901746497425181,0.21875961764424462,0.4194780017524668,0.44248936901624364,0.45415671385098905,0.48127630029497576,0.51353094305668,0.41593604626407116,0.5185824283058738,0.4594759263380055,0.5086009085795206,0.5086009085795206,0.5086009085795206,0.5086009085795206
204,428.0,0.084752622954411,0.22766166976436208,0.13910983827603776,0.1141854389702193,0.18231167132719714,0.3391204611042478,0.2508659127283794,0.4485381992027618,0.40795623795633373,0.47848826781326737,0.3892330941153524,0.5007694383764839,0.3347471007880466,0.3518877961888973,0.2838458965631991,0.326784758530682,0.326784758530682,0.326784758530682,0.326784758530682
205,430.0,0.07255807613008577,0.20061966666134984,0.1554750012032768,0.1572070963708216,0.14782103454030077,0.2553626160425946,0.13507628428513055,0.20510680530530534,0.12444143602797127,0.19012409593100968,0.11442169531707666,0.14515864626093666,0.16241158736684244,0.2328856022379838,0.19985901243164197,0.20692300203662403,0.20692300203662403,0.20692300203662403,0.20692300203662403
206,432.0,0.07135705384495507,0.16352658290325459,0.16408895155292,0.20268489602867285,0.12851229225138178,0.1350607224721972,0.05046224510760663,0.16086367707042165,0.19048841314582382,0.2529474818823797,0.16077168286818402,0.19719406213911786,0.20475215448074993,0.26935863818521866,0.25900897072821877,0.2813025402660708,0.2813025402660708,0.2813025402660708,0.2813025402660708
207,434.0,0.043545229536253914,0.09815348599512953,0.1356771621368449,0.19908584382440964,0.12000631910386739,0.13569414495716905,0.15789526220336797,0.353407409077011,0.26367692547861277,0.320927712838809,0.3373105506901489,0.32932665290941887,0.258052377890426,0.27085263836437445,0.21129937157552514,0.23311106840603807,0.23311106840603807,0.23311106840603807,0.23311106840603807
208,436.0,0.010496254274170854,0.13741099114626812,0.1601268887414301,0.23433176434500533,0.17054144963479967,0.22636190167053663,0.20917090915890804,0.38406455799022216,0.23045935677905358,0.22325563418996583,0.2806569590423384,0.3608732530163136,0.2353792378988938,0.30826680590040817,0.28050996356910596,0.3180966571428409,0.3180966571428409,0.3180966571428409,0.3180966571428409
209,438.0,0.06719416612932823,0.17260096662939492,0.19194180457053428,0.29334320246288975,0.24716784595170066,0.3145480937083906,0.1543568128678127,0.167374560904617,0.10655055174206494,0.11869860160004027,0.06309216975500569,0.008257430795266498,0.03982125307542225,0.0359667035529074,0.01247929432254012,0.00595710006550821,0.00595710006550821,0.00595710006550821,0.00595710006550821
210,440.0,0.10747597120473089,0.09516802641917804,0.11737364340190423,0.22132920371633721,0.1829921226584393,0.21219306209727612,0.06312835824725399,0.20501159806738,0.10643463116464676,0.09058620902423503,0.11861546265011443,0.19626979125500887,0.15391264546752761,0.14431681024925722,0.14361297733052067,0.1381709886593851,0.1381709886593851,0.1381709886593851,0.1381709886593851
211,442.0,0.11600485067691158,0.052885342933652664,0.08908894505866148,0.18857824454530295,0.13220159670947482,0.13778921532190352,0.11514805205124015,0.3093365691848815,0.18494915609201523,0.18217614291962853,0.12363798847068544,0.09989742607256216,0.044571176788219584,0.10194666758971316,0.12332578216179399,0.1271835982503741,0.1271835982503741,0.1271835982503741,0.1271835982503741
212,444.0,0.10377494060210958,0.20419841761503338,0.2171441895225262,0.32913319785576356,0.2848812333590074,0.33939503808517174,0.3417734635332545,0.5699770693981623,0.4361056650018191,0.48715489764368874,0.5116330907940747,0.6324615273148729,0.4419144539836298,0.4603157603075043,0.3734050358135647,0.41945845620917477,0.41945845620917477,0.41945845620917477,0.41945845620917477
213,446.0,0.09520333812460058,0.2579669830481377,0.22736208792256876,0.3138183389579069,0.316730819464543,0.4660344040163357,0.3918369963940605,0.4705994224109628,0.4240639751644871,0.47661174677906903,0.47374187084070307,0.5677683146024598,0.5277385863980358,0.6620336691947328,0.577171191407467,0.6388892289304446,0.6388892289304446,0.6388892289304446,0.6388892289304446
214,448.0,0.09480468105243879,0.181072057597043,0.10992316373310902,0.1514674473810496,0.188419852574371,0.33613291361957304,0.16581361750902512,0.07833659502720144,0.10128593351989115,0.103682583738271,0.029703752351255695,0.01611714420952568,0.10259483945616975,0.18852291819138756,0.21543748537549082,0.20418002541257077,0.20418002541257077,0.20418002541257077,0.20418002541257077
215,450.0,0.0856166177897086,0.02314886081191347,0.07116069229838116,0.15484345750637155,0.18459327234634468,0.3349570219578232,0.09596620988476132,0.055396447775770304,0.0002992494013591429,0.027125603618799506,0.10075040437326496,0.13688739684921897,0.2039083716877397,0.3044290751242202,0.32988989796393026,0.34781546533570135,0.34781546533570135,0.34781546533570135,0.34781546533570135
216,452.0,0.06593088273842249,0.09906229897367536,0.14901197482058715,0.20458695256070472,0.27586520583645563,0.35732923418679474,0.13318174981071074,0.3351154514029939,0.27124956392879185,0.29658405656574266,0.18759115222668826,0.19643466745638,0.04578370321518728,0.08199244345305007,0.1046153957343238,0.09249033639011503,0.09249033639011503,0.09249033639011503,0.09249033639011503
217,454.0,0.05931443363130538,0.19455579984786056,0.13526579896778987,0.13265869037635944,0.19869732398316392,0.15140541206036623,0.20023230211714205,0.31707778706741624,0.2849936295451131,0.2979722155913004,0.32083140986543335,0.41066994250219885,0.4322451314179349,0.535318648535764,0.5172940540395714,0.6221554113843102,0.6221554113843102,0.6221554113843102,0.6221554113843102
218,456.0,0.08628031041426654,0.2260354813820467,0.049231772643480325,0.0,0.06726844052687578,0.05638932827683801,0.12091199630515637,0.17999800273755417,0.17176053783400666,0.1861534734311504,0.2706939098785848,0.28349926585495183,0.3075445259386686,0.29295041693011326,0.2085710649573944,0.23508820598300267,0.23508820598300267,0.23508820598300267,0.23508820598300267
219,458.0,0.13807682526439194,0.21003680276323786,0.05832485119871765,0.12039024984534547,0.19998380680514366,0.13187287055833666,0.23374969572812954,0.24110968340578953,0.21668376217171847,0.24110820403143546,0.2445047649646735,0.23346835892240528,0.059048950699898295,0.13645162526092594,0.17730932876071176,0.23548103312417357,0.23548103312417357,0.23548103312417357,0.23548103312417357
220,460.0,0.2012930484046568,0.17616066790461518,0.18607591046047434,0.22969001835561195,0.2721499867913735,0.2648858281590818,0.16395577323636062,0.12271239745108159,0.061648520312047546,0.06976235898107708,0.15035996880548314,0.11972657144622931,0.14749282721446022,0.09056623878537844,0.03663667193493944,0.0603926557385186,0.0603926557385186,0.0603926557385186,0.0603926557385186
221,462.0,0.2522494911392604,0.22853206260797698,0.24649428615949928,0.25634638849646885,0.17031584042864384,0.3543929454058432,0.15916770559085172,0.28993033767611665,0.26790383885146574,0.289740110041436,0.18204389326057377,0.2733158199556623,0.31861070001788006,0.3102927886337354,0.20238055053479373,0.17954190691461264,0.17954190691461264,0.17954190691461264,0.17954190691461264
222,464.0,0.2620077243009272,0.3488282767446289,0.1909482687047554,0.17754363787410138,0.13825316787285036,0.15327192111181293,0.24201024343953256,0.2017634113600411,0.13787742923904514,0.14943410094818402,0.23428279369669075,0.195984449453378,0.02696733635249214,0.12312826489119266,0.14974158808274748,0.1495174847441556,0.1495174847441556,0.1495174847441556,0.1495174847441556
223,466.0,0.21323131176056442,0.3933248869806674,0.10203136994281949,0.09931107717451883,0.1501427438095211,0.19951349788775993,0.06167620098672507,0.10987047900266514,0.11821741358715507,0.11678943236482989,0.16450386677308232,0.11004583466170509,0.033241719478471175,0.03264794033376549,0.06426509875674641,0.04077824633141804,0.04077824633141804,0.04077824633141804,0.04077824633141804
224,468.0,0.11394421542024212,0.2863798714803382,0.14405631694788912,0.18726595037791513,0.10623050143460064,0.24758430876526866,0.2886724306629235,0.275666077774645,0.17322840730055605,0.20940724543819392,0.19207136944588474,0.2947299448556807,0.35425817082918265,0.35431742317304965,0.3364086344216464,0.38219888332580626,0.38219888332580626,0.38219888332580626,0.38219888332580626
225,470.0,0.04807627266684664,0.056782592633751273,0.121982703476149,0.1721735878267056,0.13343203601473708,0.09637401508761574,0.09473791683840643,0.09241468369811334,0.09747441575827964,0.08855282761726699,0.15084622084339777,0.14412898349380018,0.1975933271958316,0.1703624142252635,0.1837941256287297,0.17909379444841927,0.17909379444841927,0.17909379444841927,0.17909379444841927
226,472.0,0.1415392988122892,0.19678282737622033,0.017923873196139858,0.08028158614390339,0.037506830247366355,0.0,0.09895193379505285,0.07036955507063855,0.07103746439516095,0.058147950246676086,0.15735266604104314,0.21001483602309068,0.27559887453367243,0.3127333019688579,0.3263555169147137,0.32722939144100016,0.32722939144100016,0.32722939144100016,0.32722939144100016
227,474.0,0.20901587028212174,0.3854694452276179,0.204843966342352,0.29109726831040594,0.26893361592540743,0.270845885801212,0.09847733538418435,0.15201506813515503,0.0736339653202456,0.10726531658690314,0.001408664125762274,0.08224297799846686,0.13308880122827038,0.21074044176504206,0.20197653225231083,0.22983062560250359,0.22983062560250359,0.22983062560250359,0.22983062560250359
228,476.0,0.22174262820853238,0.4345968483598793,0.3247142691309306,0.41865708488718634,0.418534630283498,0.4852409830108797,0.4056123733341313,0.4533624903083596,0.3799607196327856,0.3856752727996578,0.46396753928997186,0.6254662696824318,0.5309863950711798,0.6784401078886424,0.5576202386862572,0.6612266396114505,0.6612266396114505,0.6612266396114505,0.6612266396114505
229,478.0,0.19352380666477903,0.3667966455466045,0.32471563567422723,0.36768069570082074,0.3600671786198497,0.4572204701722676,0.35994768475735817,0.42556440783016414,0.39196008852448966,0.44871232658737825,0.32219110252161137,0.31143333630388503,0.20238629209129158,0.18614896724100963,0.2095579624912084,0.235764801759727,0.235764801759727,0.235764801759727,0.235764801759727
230,480.0,0.152431341651441,0.25073520934219995,0.24637466100303324,0.21370211382513096,0.20463047607383272,0.3018182089255198,0.1205580500995725,0.2259674138718544,0.1292369013151296,0.13549487029280552,0.1985238338042859,0.309465762189699,0.23579910359707104,0.3075342595099566,0.2135375362300048,0.20525044822290459,0.20525044822290459,0.20525044822290459,0.20525044822290459
231,482.0,0.11395664790672985,0.12098889959078318,0.136296886325112,0.051593443890906025,0.051894020218865446,0.14342505745739134,0.04812913706050168,0.09486780915158033,0.07996055401379375,0.10153156268449354,0.05181729290476671,0.08255417780215954,0.0,0.030826407580980295,0.00971294914271287,0.026957726476029398,0.026957726476029398,0.026957726476029398,0.026957726476029398
232,484.0,0.07641557249726558,0.0032400107274324686,0.07235652036996654,0.08966203568222622,0.06284656574871814,0.17053497808096715,0.08257334570551748,0.12537784629192972,0.12984365419812607,0.1698214688162209,0.06546315351188231,0.1019496240136996,0.07297355074930564,0.10388208536616099,0.07584676460249366,0.09246629559310929,0.09246629559310929,0.09246629559310929,0.09246629559310929
233,486.0,0.06684903138554482,0.14813181167306125,0.16270233044324472,0.08989616628787263,0.12475625587536017,0.2392290151953674,0.19305211323810434,0.15559399265187432,0.1600839432285757,0.19234905457467597,0.2454427820734282,0.3556197281389267,0.2345934633739625,0.2556232004038864,0.2239725108286557,0.22897292898165605,0.22897292898165605,0.22897292898165605,0.22897292898165605
234,488.0,0.10234745709637968,0.22417435029487803,0.19059825658381047,0.07618695359566043,0.029201848637085488,0.026987285029361707,0.04951311720721116,0.026660324628475184,0.018645278157842244,0.056652272986758866,0.10339409928851731,0.17329308021192258,0.11886081064759338,0.15743300581003303,0.09307710633417397,0.08801827341288665,0.08801827341288665,0.08801827341288665,0.08801827341288665
235,490.0,0.1253479364647727,0.17744176638448697,0.09664444455107672,0.2012720654790398,0.14344157615186684,0.3119673300324846,0.23660221440630144,0.18425362827902964,0.11960961386171717,0.10414370763232784,0.12886059301228517,0.08534434120591164,0.10313742173366082,0.13834146497901204,0.12889137060860398,0.15368109593016652,0.15368109593016652,0.15368109593016652,0.15368109593016652
236,492.0,0.11628809325588399,0.0786477343552662,0.034134928575220096,0.1331042997333858,0.17984538462709865,0.29043528342815256,0.19904460375715302,0.28883993870399494,0.21430002175088253,0.2619056086140328,0.27291750180650404,0.35568643476573797,0.29710253909877643,0.364808498240715,0.3165428512635783,0.36646909805058087,0.36646909805058087,0.36646909805058087,0.36646909805058087
237,494.0,0.1272561835952049,0.20674994932920354,0.15725207230717594,0.15689227361899455,0.12110057152988477,0.2783063509259315,0.1833458707865173,0.29919099650673664,0.24286804591419925,0.28931934719018476,0.3603978181787022,0.3901001558917049,0.33033460762253763,0.3769588696454656,0.3390961699411121,0.3475026622398415,0.3475026622398415,0.3475026622398415,0.3475026622398415
238,496.0,0.20505417290247727,0.34155875935201446,0.20456669894215393,0.39450050910136625,0.4629446639671532,0.5356295788363975,0.33414946337225715,0.5676540095774604,0.5016657927184524,0.522902822628723,0.4958510126520527,0.5377664487021754,0.40223573445514027,0.4716809561051812,0.3959639598049169,0.46087525526035755,0.46087525526035755,0.46087525526035755,0.46087525526035755
239,498.0,0.2882258223086357,0.3882555631115456,0.21471340057936197,0.3393909163934877,0.4428361313288515,0.3748792087414451,0.2510327370683848,0.20891213061689387,0.15061421265692798,0.16477430686555122,0.15635061769039632,0.1833843732605781,0.15812690678820862,0.17850164915853275,0.13868620550999763,0.18073688834365187,0.18073688834365187,0.18073688834365187,0.18073688834365187
240,500.0,0.32207647547571794,0.3889636783651318,0.22058444593186363,0.03902185405348881,0.028324335668415457,0.07099402290386223,0.01841932335306649,0.1898663991823919,0.18840489821600762,0.1788568801992372,0.0732407896101126,0.13885771949400155,0.1280743345994567,0.14499150456430146,0.11029313082579426,0.14990249594234073,0.14990249594234073,0.14990249594234073,0.14990249594234073
